t,condition,a1,a2,o1,o2,alpha,phi,w11,w12,w21,w22
0,A0,0.1,0.1,0.09966799462495582,0.09966799462495582,1.1,0.2,1.078073235625366,0.21853626387456734,-0.21853626387456734,1.078073235625366
1,A0,0.129230468626826,0.0856683262804094,0.12851583704889707,0.08545936463565981,1.1,0.2,1.078073235625366,0.21853626387456734,-0.21853626387456734,1.078073235625366
2,A0,0.15722545453697817,0.06404608286987508,0.1559426082034175,0.06395865608875129,1.1,0.2,1.078073235625366,0.21853626387456734,-0.21853626387456734,1.078073235625366
3,A0,0.18209483794179107,0.034873000340219805,0.18010851351142976,0.034858870557706596,1.1,0.2,1.078073235625366,0.21853626387456734,-0.21853626387456734,1.078073235625366
4,A0,0.20178809525951036,-0.0017798262623973382,0.1990931485300797,-0.0017798243830328027,1.1,0.2,1.078073235625366,0.21853626387456734,-0.21853626387456734,1.078073235625366
5,A0,0.21424803865564376,-0.04542785387424902,0.21102897691478695,-0.045396629980714295,1.1,0.2,1.078073235625366,0.21853626387456734,-0.21853626387456734,1.078073235625366
6,A0,0.21758388204475354,-0.09505837595402603,0.2142140104768229,-0.09477308823098846,1.1,0.2,1.078073235625366,0.21853626387456734,-0.21853626387456734,1.078073235625366
7,A0,0.21022703477317956,-0.1489858593985823,0.20718379922382116,-0.14789322381266085,1.1,0.2,1.078073235625366,0.21853626387456734,-0.21853626387456734,1.078073235625366
8,A0,0.19103927621399697,-0.20471689974049406,0.1887486530528486,-0.20190421363597164,1.1,0.2,1.078073235625366,0.21853626387456734,-0.21853626387456734,1.078073235625366
9,A0,0.15936147860807637,-0.25891595433045356,0.15802599109636586,-0.25328130889863293,1.1,0.2,1.078073235625366,0.21853626387456734,-0.21853626387456734,1.078073235625366
10,A0,0.11501244057819697,-0.30759020989705244,0.11450798667095305,-0.29824323651453294,1.1,0.2,1.078073235625366,0.21853626387456734,-0.21853626387456734,1.078073235625366
11,A0,0.05827103306155566,-0.34655219858347264,0.058205169161003024,-0.33331431835641534,1.1,0.2,1.078073235625366,0.21853626387456734,-0.21853626387456734,1.078073235625366
12,A0,-0.010091830781984834,-0.3720571858773968,-0.010091488194942554,-0.35578980016749623,1.1,0.2,1.078073235625366,0.21853626387456734,-0.21853626387456734,1.078073235625366
13,A0,-0.08863233698388044,-0.381362104942018,-0.08840097453943598,-0.36388979362503543,1.1,0.2,1.078073235625366,0.21853626387456734,-0.21853626387456734,1.078073235625366
14,A0,-0.17482584061506795,-0.3729810285256695,-0.17306621995076393,-0.35659643155326526,1.1,0.2,1.078073235625366,0.21853626387456734,-0.21853626387456734,1.078073235625366
15,A0,-0.2645073115824248,-0.34661582366615395,-0.25850651831295157,-0.33337087359254364,1.1,0.2,1.078073235625366,0.21853626387456734,-0.21853626387456734,1.078073235625366
16,A0,-0.3515425838274068,-0.30290516765783354,-0.33774287653091045,-0.29396898316396913,1.1,0.2,1.078073235625366,0.21853626387456734,-0.21853626387456734,1.078073235625366
17,A0,-0.4283544389867565,-0.24311102646576446,-0.40394517265069524,-0.23843208319731693,1.1,0.2,1.078073235625366,0.21853626387456734,-0.21853626387456734,1.078073235625366
18,A0,-0.48758853594455376,-0.1687705785681779,-0.4523003889884583,-0.1671862344751103,1.1,0.2,1.078073235625366,0.21853626387456734,-0.21853626387456734,1.078073235625366
19,A0,-0.5241491988848469,-0.08139496759405208,-0.4808960220005152,-0.08121569163158768,1.1,0.2,1.078073235625366,0.21853626387456734,-0.21853626387456734,1.078073235625366
20,A0,-0.5361897042546186,0.017536756499316644,-0.4900983002409001,0.01753495898176717,1.1,0.2,1.078073235625366,0.21853626387456734,-0.21853626387456734,1.078073235625366
21,A0,-0.5245298358921301,0.1260082214319541,-0.48118857895320677,0.12534550762891966,1.1,0.2,1.078073235625366,0.21853626387456734,-0.21853626387456734,1.078073235625366
22,A0,-0.49136398932737035,0.2402887912441595,-0.4552983429046591,0.23576850636867192,1.1,0.2,1.078073235625366,0.21853626387456734,-0.21853626387456734,1.078073235625366
23,A0,-0.4393209891889965,0.3536749153260996,-0.4130814532572422,0.33963061007249684,1.1,0.2,1.078073235625366,0.21853626387456734,-0.21853626387456734,1.078073235625366
24,A0,-0.37111045426718003,0.4564199481889881,-0.3549626335128732,0.42716188337705996,1.1,0.2,1.078073235625366,0.21853626387456734,-0.21853626387456734,1.078073235625366
25,A0,-0.2893253527744779,0.5380840014911128,-0.2815137492788037,0.49153625749915286,1.1,0.2,1.078073235625366,0.21853626387456734,-0.21853626387456734,1.078073235625366
26,A0,-0.19607394128527578,0.5914330465460061,-0.19359930238446646,0.5309254870988065,1.1,0.2,1.078073235625366,0.21853626387456734,-0.21853626387456734,1.078073235625366
27,A0,-0.0926877539900774,0.6146850259844077,-0.09242323550492948,0.5474165992254766,1.1,0.2,1.078073235625366,0.21853626387456734,-0.21853626387456734,1.078073235625366
28,A0,0.0199913618298925,0.6103530129444903,0.019988699042678932,0.5443755460047099,1.1,0.2,1.078073235625366,0.21853626387456734,-0.21853626387456734,1.078073235625366
29,A0,0.1405150794214295,0.5825084506681227,0.13959752597787067,0.5244862328906204,1.1,0.2,1.078073235625366,0.21853626387456734,-0.21853626387456734,1.078073235625366
30,A0,0.26511561830582153,0.5349274483600136,0.25907408524178316,0.4891386404330795,1.1,0.2,1.078073235625366,0.21853626387456734,-0.21853626387456734,1.078073235625366
31,A0,0.3861953683402216,0.470710194105622,0.36807566207499093,0.4387729598139017,1.1,0.2,1.078073235625366,0.21853626387456734,-0.21853626387456734,1.078073235625366
32,A0,0.49270032329505004,0.39259150447846536,0.4563570146511782,0.37359218907477376,1.1,0.2,1.078073235625366,0.21853626387456734,-0.21853626387456734,1.078073235625366
33,A0,0.5736297245984503,0.3030291831053851,0.5180199764082608,0.294082277343046,1.1,0.2,1.078073235625366,0.21853626387456734,-0.21853626387456734,1.078073235625366
34,A0,0.6227311142473031,0.203836082018641,0.5530267257704206,0.20105915265512558,1.1,0.2,1.078073235625366,0.21853626387456734,-0.21853626387456734,1.078073235625366
35,A0,0.6401420276776567,0.095900096782353,0.5649962500991372,0.09560718204009216,1.1,0.2,1.078073235625366,0.21853626387456734,-0.21853626387456734,1.078073235625366
36,A0,0.6300009718231928,-0.02040062550882056,0.5580528847350643,-0.020397795831568175,1.1,0.2,1.078073235625366,0.21853626387456734,-0.21853626387456734,1.078073235625366
37,A0,0.597164221004093,-0.14394511022618983,0.5350286173290413,-0.14295909138214283,1.1,0.2,1.078073235625366,0.21853626387456734,-0.21853626387456734,1.078073235625366
38,A0,0.5455582869185289,-0.2710435253054734,0.4971838428462636,-0.264595570399026,1.1,0.2,1.078073235625366,0.21853626387456734,-0.21853626387456734,1.078073235625366
39,A0,0.4781768667651617,-0.3939061021866397,0.44478233644296195,-0.3747227510068285,1.1,0.2,1.078073235625366,0.21853626387456734,-0.21853626387456734,1.078073235625366
40,A0,0.39761742260424204,-0.5011796386840157,0.37790849333517507,-0.46304437554299843,1.1,0.2,1.078073235625366,0.21853626387456734,-0.21853626387456734,1.078073235625366
41,A0,0.3062210443408603,-0.5817824583997033,0.2969953481154802,-0.5239597504145291,1.1,0.2,1.078073235625366,0.21853626387456734,-0.21853626387456734,1.078073235625366
42,A0,0.20567852963229566,-0.6297712372321341,0.202826463040129,-0.5578946745042389,1.1,0.2,1.078073235625366,0.21853626387456734,-0.21853626387456734,1.078073235625366
43,A0,0.09674156347844635,-0.6457762543286281,0.09644088984478859,-0.5688197029019461,1.1,0.2,1.078073235625366,0.21853626387456734,-0.21853626387456734,1.078073235625366
44,A0,-0.020337390528871957,-0.6343051293463792,-0.020334587080356584,-0.5610095086012624,1.1,0.2,1.078073235625366,0.21853626387456734,-0.21853626387456734,1.078073235625366
45,A0,-0.14452309609665262,-0.6003654914663863,-0.14352521793979342,-0.5373095915469054,1.1,0.2,1.078073235625366,0.21853626387456734,-0.21853626387456734,1.078073235625366
46,A0,-0.2721523267788194,-0.5478936249911706,-0.2656264409132432,-0.49893986246551586,1.1,0.2,1.078073235625366,0.21853626387456734,-0.21853626387456734,1.078073235625366
47,A0,-0.3954012100642945,-0.47984470192719514,-0.3760071995415711,-0.44611922858421993,1.1,0.2,1.078073235625366,0.21853626387456734,-0.21853626387456734,1.078073235625366
48,A0,-0.5028565276856136,-0.39877799165672834,-0.46436069929159396,-0.37890287934337874,1.1,0.2,1.078073235625366,0.21853626387456734,-0.21853626387456734,1.078073235625366
49,A0,-0.5834188612055643,-0.30700540080811756,-0.5251458872435617,-0.2977103527433352,1.1,0.2,1.078073235625366,0.21853626387456734,-0.21853626387456734,1.078073235625366
50,A0,-0.6312062340413283,-0.20619014307387362,-0.5588822423231792,-0.2033169784912554,1.1,0.2,1.078073235625366,0.21853626387456734,-0.21853626387456734,1.078073235625366
51,A0,-0.6469481201766544,-0.09705455567649247,-0.5696118762844014,-0.09675096158112424,1.1,0.2,1.078073235625366,0.21853626387456734,-0.21853626387456734,1.078073235625366
52,A0,-0.6352269121867709,0.020176229100147255,-0.5616408505260879,0.02017349176460745,1.1,0.2,1.078073235625366,0.21853626387456734,-0.21853626387456734,1.078073235625366
53,A0,-0.6010813294665005,0.14448739465383761,-0.5378185701194255,0.14349025174927393,1.1,0.2,1.078073235625366,0.21853626387456734,-0.21853626387456734,1.078073235625366
54,A0,-0.5484499825483494,0.2722258609402993,-0.49935760382015226,0.2656947853599594,1.1,0.2,1.078073235625366,0.21853626387456734,-0.21853626387456734,1.078073235625366
55,A0,-0.4802801219610005,0.39556618201801097,-0.4464679225370695,0.37614883873992766,1.1,0.2,1.078073235625366,0.21853626387456734,-0.21853626387456734,1.078073235625366
56,A0,-0.3991229559734929,0.5030854273881687,-0.37919827940999956,0.46454022206967643,1.1,0.2,1.078073235625366,0.21853626387456734,-0.21853626387456734,1.078073235625366
57,A0,-0.30728463147654084,0.5836769555347077,-0.2979648136316666,0.5253327794474468,1.1,0.2,1.078073235625366,0.21853626387456734,-0.21853626387456734,1.078073235625366
58,A0,-0.2064236278231128,0.6314633264561219,-0.2035408008668566,0.5590590066843765,1.1,0.2,1.078073235625366,0.21853626387456734,-0.21853626387456734,1.078073235625366
59,A0,-0.09725722316608,0.647187598409209,-0.09695172801186702,0.5697736318947931,1.1,0.2,1.078073235625366,0.21853626387456734,-0.21853626387456734,1.078073235625366
60,A0,0.0199951376513072,0.6354451713267325,0.019992473355186516,0.5617902435903598,1.1,0.2,1.078073235625366,0.21853626387456734,-0.21853626387456734,1.078073235625366
61,A0,0.1443248913536002,0.6012819452175674,0.14333109059313154,0.5379611426175985,1.1,0.2,1.078073235625366,0.21853626387456734,-0.21853626387456734,1.078073235625366
62,A0,0.27208543081879305,0.5486384686271832,0.26556426385388343,0.4994990760669115,1.1,0.2,1.078073235625366,0.21853626387456734,-0.21853626387456734,1.078073235625366
63,A0,0.3954563870918857,0.48046116308610864,0.3760545745800391,0.44661286436480735,1.1,0.2,1.078073235625366,0.21853626387456734,-0.21853626387456734,1.078073235625366
64,A0,0.5030154787658272,0.399299814016019,0.46448536641102556,0.3793496966422022,1.1,0.2,1.078073235625366,0.21853626387456734,-0.21853626387456734,1.078073235625366
65,A0,0.5836509072735054,0.30745985829268496,0.5253139195847912,0.29812447494232897,1.1,0.2,1.078073235625366,0.21853626387456734,-0.21853626387456734,1.078073235625366
66,A0,0.6314778859292829,0.20659987597282473,0.5590690155568042,0.2037097411948066,1.1,0.2,1.078073235625366,0.21853626387456734,-0.21853626387456734,1.078073235625366
67,A0,0.64723530829478,0.09743716591047467,0.5698058522721954,0.09712997624808221,1.1,0.2,1.078073235625366,0.21853626387456734,-0.21853626387456734,1.078073235625366
68,A0,0.6355188609568363,-0.019810014319444305,0.561840674075397,-0.019807423334162792,1.1,0.2,1.078073235625366,0.21853626387456734,-0.21853626387456734,1.078073235625366
69,A0,0.60137675311397,-0.144136414768468,0.5380285094649505,-0.14314648104859887,1.1,0.2,1.078073235625366,0.21853626387456734,-0.21853626387456734,1.078073235625366
70,A0,0.5487514389024197,-0.2719011303089207,0.4995838555501626,-0.2653929526402256,1.1,0.2,1.078073235625366,0.21853626387456734,-0.21853626387456734,1.078073235625366
71,A0,0.4805899992905244,-0.3952902284490016,0.4467159965720724,-0.37591190468773594,1.1,0.2,1.078073235625366,0.21853626387456734,-0.21853626387456734,1.078073235625366
72,A0,0.39944217663363374,-0.5028842083006664,0.37947156581518976,-0.46438241083276277,1.1,0.2,1.078073235625366,0.21853626387456734,-0.21853626387456734,1.078073235625366
73,A0,0.3076137417137493,-0.5835665464538681,0.2982646750485406,-0.5252528358241813,1.1,0.2,1.078073235625366,0.21853626387456734,-0.21853626387456734,1.078073235625366
74,A0,0.20676437097179046,-0.6314426719692442,0.20386740475184734,-0.5590448075308937,1.1,0.2,1.078073235625366,0.21853626387456734,-0.21853626387456734,1.078073235625366
75,A0,0.09761242910309206,-0.6472436654746634,0.09730358300989002,-0.5698114960268255,1.1,0.2,1.078073235625366,0.21853626387456734,-0.21853626387456734,1.078073235625366
76,A0,-0.019624086881066788,-0.6355628847107602,-0.01962156815912912,-0.5618708003283734,1.1,0.2,1.078073235625366,0.21853626387456734,-0.21853626387456734,1.078073235625366
77,A0,-0.14394263295733176,-0.6014498475165673,-0.14295666474111668,-0.5380804428464957,1.1,0.2,1.078073235625366,0.21853626387456734,-0.21853626387456734,1.078073235625366
78,A0,-0.2717078437553122,-0.5488489086377586,-0.2652132707046079,-0.49965699483457837,1.1,0.2,1.078073235625366,0.21853626387456734,-0.21853626387456734,1.078073235625366
79,A0,-0.3951125017492454,-0.4807081158144214,-0.37575928231025285,-0.44681053734275394,1.1,0.2,1.078073235625366,0.21853626387456734,-0.21853626387456734,1.078073235625366
80,A0,-0.502740330787153,-0.3995774520323397,-0.46426955311257784,-0.3795873557919256,1.1,0.2,1.078073235625366,0.21853626387456734,-0.21853626387456734,1.078073235625366
81,A0,-0.583470181875213,-0.3077632352931405,-0.5251830537894614,-0.29840086333410487,1.1,0.2,1.078073235625366,0.21853626387456734,-0.21853626387456734,1.078073235625366
82,A0,-0.6313972039043959,-0.20692644182261621,-0.5590135488556901,-0.20402273449353978,1.1,0.2,1.078073235625366,0.21853626387456734,-0.21853626387456734,1.078073235625366
83,A0,-0.6472439115149634,-0.09778671709439994,-0.5698116621814727,-0.0974762179152787,1.1,0.2,1.078073235625366,0.21853626387456734,-0.21853626387456734,1.078073235625366
84,A0,-0.6356007908248764,0.01943801012084838,-0.5618967389754298,0.019435562362585843,1.1,0.2,1.078073235625366,0.21853626387456734,-0.21853626387456734,1.078073235625366
85,A0,-0.6015184602895626,0.14374777362142493,-0.5381291883249784,0.14276578235418377,1.1,0.2,1.078073235625366,0.21853626387456734,-0.21853626387456734,1.078073235625366
86,A0,-0.5489431745571484,0.2715127112175559,-0.4997277232651645,0.26503185402837365,1.1,0.2,1.078073235625366,0.21853626387456734,-0.21853626387456734,1.078073235625366
87,A0,-0.4808240123650629,0.3949323780130712,-0.44690329154228103,0.3756045806828733,1.1,0.2,1.078073235625366,0.21853626387456734,-0.21853626387456734,1.078073235625366
88,A0,-0.3997112557680045,0.5025938212593906,-0.37970187439040604,0.4641546153421831,1.1,0.2,1.078073235625366,0.21853626387456734,-0.21853626387456734,1.078073235625366
89,A0,-0.30791181280006363,0.5833712970078441,-0.29853620504144096,0.5251114393543922,1.1,0.2,1.078073235625366,0.21853626387456734,-0.21853626387456734,1.078073235625366
90,A0,-0.20708800044603864,0.631349575369731,-0.20417756308989102,0.558980803182805,1.1,0.2,1.078073235625366,0.21853626387456734,-0.21853626387456734,1.078073235625366
91,A0,-0.09796078977724605,0.647242444944431,-0.09764863369956493,0.5698106717840504,1.1,0.2,1.078073235625366,0.21853626387456734,-0.21853626387456734,1.078073235625366
92,A0,0.01925191684065762,0.6356374022052538,0.019249538706804428,0.5619217906045384,1.1,0.2,1.078073235625366,0.21853626387456734,-0.21853626387456734,1.078073235625366
93,A0,0.14355270118636315,0.6015861206951402,0.14257468057918044,0.5381772536756146,1.1,0.2,1.078073235625366,0.21853626387456734,-0.21853626387456734,1.078073235625366
94,A0,0.2713171935307942,0.5490367551931593,0.26485006045427856,0.49979793093161007,1.1,0.2,1.078073235625366,0.21853626387456734,-0.21853626387456734,1.078073235625366
95,A0,0.394751734147551,0.4809394298596727,0.3754494113106571,0.44699565279587705,1.1,0.2,1.078073235625366,0.21853626387456734,-0.21853626387456734,1.078073235625366
96,A0,0.5024467215955033,0.3998447380983871,0.4640391988778992,0.3798161063138874,1.1,0.2,1.078073235625366,0.21853626387456734,-0.21853626387456734,1.078073235625366
97,A0,0.5832718334245219,0.30806018586231715,0.5250393982983956,0.2986713485356812,1.1,0.2,1.078073235625366,0.21853626387456734,-0.21853626387456734,1.078073235625366
98,A0,0.6313014435897132,0.20724943861337097,0.5589477097462056,0.20433226604518334,1.1,0.2,1.078073235625366,0.21853626387456734,-0.21853626387456734,1.078073235625366
99,A0,0.6472405760020182,0.09813480300881205,0.5698094096563688,0.09782098474012403,1.1,0.2,1.078073235625366,0.21853626387456734,-0.21853626387456734,1.078073235625366
100,A0,0.635673706491659,-0.019065833976030608,0.5619466310843392,-0.01906352413004527,1.1,0.2,1.078073235625366,0.21853626387456734,-0.21853626387456734,1.078073235625366
101,A0,0.6016535514822047,-0.14335759239537144,0.538225152424791,-0.14238353255500394,1.1,0.2,1.078073235625366,0.21853626387456734,-0.21853626387456734,1.078073235625366
102,A0,0.5491301663277168,-0.2711215895755761,0.4998680048824902,-0.2646681678262074,1.1,0.2,1.078073235625366,0.21853626387456734,-0.21853626387456734,1.078073235625366
103,A0,0.4810547248459961,-0.39457095427289024,0.4470879064995298,-0.37529410403618596,1.1,0.2,1.078073235625366,0.21853626387456734,-0.21853626387456734,1.078073235625366
104,A0,0.3999781346186979,-0.5022994497593228,0.3799302532314838,-0.4639236315394045,1.1,0.2,1.078073235625366,0.21853626387456734,-0.21853626387456734,1.078073235625366
105,A0,0.30820850025348756,-0.5831721886108827,0.2988064266201252,-0.5249672184327704,1.1,0.2,1.078073235625366,0.21853626387456734,-0.21853626387456734,1.078073235625366
106,A0,0.20741083659909026,-0.6312531478683373,0.20448692029300888,-0.5589145018004653,1.1,0.2,1.078073235625366,0.21853626387456734,-0.21853626387456734,1.078073235625366
107,A0,0.09830878875456155,-0.6472385729660176,0.0979933026913353,-0.5698080569700881,1.1,0.2,1.078073235625366,0.21853626387456734,-0.21853626387456734,1.078073235625366
108,A0,-0.018879766993805946,-0.6357099059180397,-0.018877524110289513,-0.5619713988066343,1.1,0.2,1.078073235625366,0.21853626387456734,-0.21853626387456734,1.078073235625366
109,A0,-0.143162483397742,-0.6017209006501164,-0.1421923737077819,-0.5382729897263246,1.1,0.2,1.078073235625366,0.21853626387456734,-0.21853626387456734,1.078073235625366
110,A0,-0.270925960523784,-0.5492235135824433,-0.2644862330229536,-0.49993802437588614,1.1,0.2,1.078073235625366,0.21853626387456734,-0.21853626387456734,1.078073235625366
111,A0,-0.3943901170293586,-0.4811699703399701,-0.37513872639104584,-0.44718011109750977,1.1,0.2,1.078073235625366,0.21853626387456734,-0.21853626387456734,1.078073235625366
112,A0,-0.5021520913270374,-0.40011149357804027,-0.463807980440308,-0.3800443564435237,1.1,0.2,1.078073235625366,0.21853626387456734,-0.21853626387456734,1.078073235625366
113,A0,-0.5830724439459314,-0.30835678583159615,-0.5248949586744528,-0.2989414664943561,1.1,0.2,1.078073235625366,0.21853626387456734,-0.21853626387456734,1.078073235625366
114,A0,-0.6312047576664708,-0.20757221085085203,-0.558881227092227,-0.20464154159279985,1.1,0.2,1.078073235625366,0.21853626387456734,-0.21853626387456734,1.078073235625366
115,A0,-0.6472364907548145,-0.09848275356994372,-0.569806650812094,-0.09816559403812627,1.1,0.2,1.078073235625366,0.21853626387456734,-0.21853626387456734,1.078073235625366
116,A0,-0.6357460418839669,0.018693717007586305,-0.5619961221041232,0.018691539773952083,1.1,0.2,1.078073235625366,0.21853626387456734,-0.21853626387456734,1.078073235625366
117,A0,-0.601788198497438,0.14296738159955497,-0.5383207871111327,0.1420012113078919,1.1,0.2,1.078073235625366,0.21853626387456734,-0.21853626387456734,1.078073235625366
118,A0,-0.549316818580403,0.2707303189187036,-0.5000080056420337,0.26430426771532267,1.1,0.2,1.078073235625366,0.21853626387456734,-0.21853626387456734,1.078073235625366
119,A0,-0.4812851812884835,0.3942092385458345,-0.44727227855780605,0.37498329222199633,1.1,0.2,1.078073235625366,0.21853626387456734,-0.21853626387456734,1.078073235625366
120,A0,-0.4002448248527638,0.5020046638419073,-0.38015842440649317,0.4636922593257917,1.1,0.2,1.078073235625366,0.21853626387456734,-0.21853626387456734,1.078073235625366
121,A0,-0.30850504870953366,0.5829726160960297,-0.29907647372711677,0.5248226310767663,1.1,0.2,1.078073235625366,0.21853626387456734,-0.21853626387456734,1.078073235625366
122,A0,-0.2077335647380806,0.6311562871954515,-0.20479613317012405,0.5588478953839394,1.1,0.2,1.078073235625366,0.21853626387456734,-0.21853626387456734,1.078073235625366
123,A0,-0.09865669879890777,0.6472343405979468,-0.09833786010344442,0.5698051987655606,1.1,0.2,1.078073235625366,0.21853626387456734,-0.21853626387456734,1.078073235625366
124,A0,0.01850768424833593,0.6357821228537693,0.01850557136513632,0.5620208067728162,1.1,0.2,1.078073235625366,0.21853626387456734,-0.21853626387456734,1.078073235625366
125,A0,0.14277228853061003,0.6018554512193475,0.14181004686921417,0.5383685489866447,1.1,0.2,1.078073235625366,0.21853626387456734,-0.21853626387456734,1.078073235625366
126,A0,0.27053466735559184,0.54941008574229,0.2641222743249097,0.5000779520046751,1.1,0.2,1.078073235625366,0.21853626387456734,-0.21853626387456734,1.078073235625366
127,A0,0.3940283221593328,0.4814003607455672,0.37482780438866886,0.4473644113307963,1.1,0.2,1.078073235625366,0.21853626387456734,-0.21853626387456734,1.078073235625366
128,A0,0.5018571709223214,0.40037813045962184,0.4635764710161914,0.3802724588504129,1.1,0.2,1.078073235625366,0.21853626387456734,-0.21853626387456734,1.078073235625366
129,A0,0.5828727084797786,0.3086532901360433,0.5247502380982593,0.2992114494565083,1.1,0.2,1.078073235625366,0.21853626387456734,-0.21853626387456734,1.078073235625366
130,A0,0.6311077393544908,0.20789489895045032,0.5588145086605047,0.20495069568251562,1.1,0.2,1.078073235625366,0.21853626387456734,-0.21853626387456734,1.078073235625366
131,A0,0.6472321247789798,0.09883062471655057,0.5698037023722964,0.09851010115158346,1.1,0.2,1.078073235625366,0.21853626387456734,-0.21853626387456734,1.078073235625366
132,A0,0.6358181505473873,-0.018321668768067928,0.5620454539939073,-0.018319618949054064,1.1,0.2,1.078073235625366,0.21853626387456734,-0.21853626387456734,1.078073235625366
133,A0,0.6019226600750074,-0.142577204519344,0.5384162762539071,-0.141618880728692,1.1,0.2,1.078073235625366,0.21853626387456734,-0.21853626387456734,1.078073235625366
134,A0,0.5495033159658642,-0.27033900639460956,0.5001478641446335,-0.2639402533809944,1.1,0.2,1.078073235625366,0.21853626387456734,-0.21853626387456734,1.078073235625366
135,A0,0.48151550932953185,-0.39384736858924047,0.4474565099178048,-0.37467226350209304,1.1,0.2,1.078073235625366,0.21853626387456734,-0.21853626387456734,1.078073235625366
136,A0,0.40051141080554664,-0.5017096133365715,0.38038646012771665,-0.46346061609548583,1.1,0.2,1.078073235625366,0.21853626387456734,-0.21853626387456734,1.078073235625366
137,A0,0.3088015103634541,-0.5827727218037693,0.2993463939131061,-0.5246777802330768,1.1,0.2,1.078073235625366,0.21853626387456734,-0.21853626387456734,1.078073235625366
138,A0,0.2080562136285497,-0.6310591147267025,0.20510522926135394,-0.5587810673143164,1.1,0.2,1.078073235625366,0.21853626387456734,-0.21853626387456734,1.078073235625366
139,A0,0.0990045313787565,-0.6472298437496533,0.09868231722972999,-0.5698021619370366,1.1,0.2,1.078073235625366,0.21853626387456734,-0.21853626387456734,1.078073235625366
140,A0,-0.01813567058250737,-0.6358541253036598,-0.018133682554635665,-0.5620700640036131,1.1,0.2,1.078073235625366,0.21853626387456734,-0.21853626387456734,1.078073235625366
141,A0,-0.1423821296485679,-0.6019898253127542,-0.14142771298262644,-0.5384639690959597,1.1,0.2,1.078073235625366,0.21853626387456734,-0.21853626387456734,1.078073235625366
142,A0,-0.2701433361795772,-0.5495965094274106,-0.263758205025704,-0.50021774220153,1.1,0.2,1.078073235625366,0.21853626387456734,-0.21853626387456734,1.078073235625366
143,A0,-0.3936663780192933,-0.48163062715983923,-0.3745166697131236,-0.4475485744210223,1.1,0.2,1.078073235625366,0.21853626387456734,-0.21853626387456734,1.078073235625366
144,A0,-0.5015619912696225,-0.40064466596774007,-0.4633446946898875,-0.3805004283087081,1.1,0.2,1.078073235625366,0.21853626387456734,-0.21853626387456734,1.078073235625366
145,A0,-0.582672656219432,-0.30894970943997646,-0.5246052575731908,-0.2994813071415975,1.1,0.2,1.078073235625366,0.21853626387456734,-0.21853626387456734,1.078073235625366
146,A0,-0.6310104134210048,-0.2082175088004558,-0.5587475714116891,-0.2052597339302182,1.1,0.2,1.078073235625366,0.21853626387456734,-0.21853626387456734,1.078073235625366
147,A0,-0.6472274975866125,-0.0991784187964535,-0.5698005775111986,-0.09885450834055388,1.1,0.2,1.078073235625366,0.21853626387456734,-0.21853626387456734,1.078073235625366
148,A0,-0.6358900471786019,0.01794968970001251,-0.5620946368446411,0.017947762203440597,1.1,0.2,1.078073235625366,0.21853626387456734,-0.21853626387456734,1.078073235625366
149,A0,-0.6020569469739182,0.14218706395085745,-0.5385116275488118,0.14123654367810237,1.1,0.2,1.078073235625366,0.21853626387456734,-0.21853626387456734,1.078073235625366
150,A0,-0.5496896661554599,0.269947656769125,-0.5002875862041611,0.2635761293219573,1.1,0.2,1.078073235625366,0.21853626387456734,-0.21853626387456734,1.078073235625366
151,A0,-0.4817457142537838,0.3934853505236153,-0.44764060486090584,0.37436102307845975,1.1,0.2,1.078073235625366,0.21853626387456734,-0.21853626387456734,1.078073235625366
152,A0,-0.4007778959558654,0.5014143047870713,-0.3806143634059121,0.463228706831932,1.1,0.2,1.078073235625366,0.21853626387456734,-0.21853626387456734,1.078073235625366
153,A0,-0.30909788737200283,0.5825725117645799,-0.29961618914859506,0.5245326701282499,1.1,0.2,1.078073235625366,0.21853626387456734,-0.21853626387456734,1.078073235625366
154,A0,-0.2083787844711889,0.6309616354492447,-0.20541420969060328,0.5587140209521706,1.1,0.2,1.078073235625366,0.21853626387456734,-0.21853626387456734,1.078073235625366
155,A0,-0.09935228697135198,0.6472250862896965,-0.0990266744776042,0.5697989490943209,1.1,0.2,1.078073235625366,0.21853626387456734,-0.21853626387456734,1.078073235625366
156,A0,0.017763726127437082,0.6359259161703064,0.01776185791551764,0.5621191725200656,1.1,0.2,1.078073235625366,0.21853626387456734,-0.21853626387456734,1.078073235625366
157,A0,0.14199200744849863,0.6021240250574323,0.1410453728521259,0.5385592516183599,1.1,0.2,1.078073235625366,0.21853626387456734,-0.21853626387456734,1.078073235625366
158,A0,0.2697519682044369,0.549782786148282,0.26339402631646774,0.5003573961586284,1.1,0.2,1.078073235625366,0.21853626387456734,-0.21853626387456734,1.078073235625366
159,A0,0.3933042861539006,0.48186077060773524,0.3742053236355553,0.44773260124117675,1.1,0.2,1.078073235625366,0.21853626387456734,-0.21853626387456734,1.078073235625366
160,A0,0.5012665539301085,0.40091110076574954,0.4631126525350091,0.3807282654200222,1.1,0.2,1.078073235625366,0.21853626387456734,-0.21853626387456734,1.078073235625366
161,A0,0.5824722884537994,0.3092460441573549,0.5244600178910634,0.2997510399329134,1.1,0.2,1.078073235625366,0.21853626387456734,-0.21853626387456734,1.078073235625366
162,A0,0.6309127808034113,0.2085400406410425,0.5586804159216379,0.2055686565394823,1.1,0.2,1.078073235625366,0.21853626387456734,-0.21853626387456734,1.078073235625366
163,A0,0.6472226098430179,0.09952613590327514,0.5697972766753118,0.0991988156325691,1.1,0.2,1.078073235625366,0.21853626387456734,-0.21853626387456734,1.078073235625366
164,A0,0.635961732264999,-0.017577779871317895,0.562143671024838,-0.017575969710592082,1.1,0.2,1.078073235625366,0.21853626387456734,-0.21853626387456734,1.078073235625366
165,A0,0.602191059553543,-0.14179696016165338,0.5386068413043301,-0.14085420053962522,1.1,0.2,1.078073235625366,0.21853626387456734,-0.21853626387456734,1.078073235625366
166,A0,0.5498758693979484,-0.2695562705231082,0.5004271720663857,-0.26321189605263273,1.1,0.2,1.078073235625366,0.21853626387456734,-0.21853626387456734,1.078073235625366
167,A0,0.48197579621377673,-0.39312318495725246,0.44782456356213096,-0.3740495714179485,1.1,0.2,1.078073235625366,0.21853626387456734,-0.21853626387456734,1.078073235625366
168,A0,0.4010442803903823,-0.5011187387349559,0.3808421343493104,-0.46299653180861977,1.1,0.2,1.078073235625366,0.21853626387456734,-0.21853626387456734,1.078073235625366
169,A0,0.3093941797920934,-0.5823719862969557,0.29988585949177005,-0.5243873008510097,1.1,0.2,1.078073235625366,0.21853626387456734,-0.21853626387456734,1.078073235625366
170,A0,0.20870127730933796,-0.6308638494714451,0.20572307447290408,-0.5586467563031677,1.1,0.2,1.078073235625366,0.21853626387456734,-0.21853626387456734,1.078073235625366
171,A0,0.09969996559166164,-0.6472200682274691,0.09937093179676391,-0.5697955602408944,1.1,0.2,1.078073235625366,0.21853626387456734,-0.21853626387456734,1.078073235625366
172,A0,-0.017391850938116196,-0.6359974954464684,-0.01739009760830697,-0.5621681323522376,1.1,0.2,1.078073235625366,0.21853626387456734,-0.21853626387456734,1.078073235625366
173,A0,-0.14160192211002973,-0.6022580504507123,-0.14066302677508707,-0.53865439660518,1.1,0.2,1.078073235625366,0.21853626387456734,-0.21853626387456734,1.078073235625366
174,A0,-0.2693605637619811,-0.5499689158952598,-0.26302973857317125,-0.5004969139279346,1.1,0.2,1.078073235625366,0.21853626387456734,-0.21853626387456734,1.078073235625366
175,A0,-0.3929420469798346,-0.48209079106311375,-0.3738937664584003,-0.44791649182336574,1.1,0.2,1.078073235625366,0.21853626387456734,-0.21853626387456734,1.078073235625366
176,A0,-0.500970859236844,-0.40117743482216983,-0.4628803446614995,-0.38095597019155475,1.1,0.2,1.078073235625366,0.21853626387456734,-0.21853626387456734,1.078073235625366
177,A0,-0.5822716053029808,-0.30954229427191376,-0.5243145189967806,-0.3000206478220562,1.1,0.2,1.078073235625366,0.21853626387456734,-0.21853626387456734,1.078073235625366
178,A0,-0.6308148414404762,-0.20886249447519517,-0.5586130420792644,-0.20587746348673117,1.1,0.2,1.078073235625366,0.21853626387456734,-0.21853626387456734,1.078073235625366
179,A0,-0.6472174614232842,-0.0998737760358745,-0.569793799777338,-0.09954302296143704,1.1,0.2,1.078073235625366,0.21853626387456734,-0.21853626387456734,1.078073235625366
180,A0,-0.6360332056979995,0.017205939334266215,-0.562192556495195,0.017204241628271645,1.1,0.2,1.078073235625366,0.21853626387456734,-0.21853626387456734,1.078073235625366
181,A0,-0.6023249977370334,0.14140689331322295,-0.5387019175191032,0.14047185159289116,1.1,0.2,1.078073235625366,0.21853626387456734,-0.21853626387456734,1.078073235625366
182,A0,-0.5500619256307555,0.26916484795772455,-0.5005666217435817,0.2628475539206633,1.1,0.2,1.078073235625366,0.21853626387456734,-0.21853626387456734,1.078073235625366
183,A0,-0.4822057551467711,0.3927608722676184,-0.44800838602433696,0.37373790878953683,1.1,0.2,1.078073235625366,0.21853626387456734,-0.21853626387456734,1.078073235625366
184,A0,-0.4013105640533957,0.5008229154708274,-0.38106977294443384,0.46276409110225825,1.1,0.2,1.078073235625366,0.21853626387456734,-0.21853626387456734,1.078073235625366
185,A0,-0.30969038759243195,0.5821711454806494,-0.3001554049205968,0.5242416723169442,1.1,0.2,1.078073235625366,0.21853626387456734,-0.21853626387456734,1.078073235625366
186,A0,-0.20902369213768945,0.630765756697486,-0.20603182357679037,0.5585792732323145,1.1,0.2,1.078073235625366,0.21853626387456734,-0.21853626387456734,1.078073235625366
187,A0,-0.10004756723526383,0.6472147894105624,-0.09971508911783208,0.5697919952708105,1.1,0.2,1.078073235625366,0.21853626387456734,-0.21853626387456734,1.078073235625366
188,A0,0.017020045066185124,0.6360688630027664,0.017018401790071663,0.5622169434465599,1.1,0.2,1.078073235625366,0.21853626387456734,-0.21853626387456734,1.078073235625366
189,A0,0.1412118737907852,0.6023919014005177,0.14028067502737812,0.538749404044234,1.1,0.2,1.078073235625366,0.21853626387456734,-0.21853626387456734,1.078073235625366
190,A0,0.2689691231469526,0.5501548985949194,0.26266534213765974,0.5006362955135919,1.1,0.2,1.078073235625366,0.21853626387456734,-0.21853626387456734,1.078073235625366
191,A0,0.39257966086653484,0.4823206884557357,0.3735819984439797,0.4481002461644733,1.1,0.2,1.078073235625366,0.21853626387456734,-0.21853626387456734,1.078073235625366
192,A0,0.5006749074719495,0.40144366807631493,0.4626477711395099,0.3811835426056072,1.1,0.2,1.078073235625366,0.21853626387456734,-0.21853626387456734,1.078073235625366
193,A0,0.5820706068387366,0.3098384597492421,0.5241687608000587,0.30029013078420336,1.1,0.2,1.078073235625366,0.21853626387456734,-0.21853626387456734,1.078073235625366
194,A0,0.6307165952294428,0.20918487029588384,0.5585454497446799,0.20618615473890362,1.1,0.2,1.078073235625366,0.21853626387456734,-0.21853626387456734,1.078073235625366
195,A0,0.6472120521693757,0.10022133918917994,0.5697901467074512,0.09988713025720086,1.1,0.2,1.078073235625366,0.21853626387456734,-0.21853626387456734,1.078073235625366
196,A0,0.6361044673439148,-0.01683416814027508,0.5622412931991584,-0.016832578113270873,1.1,0.2,1.078073235625366,0.21853626387456734,-0.21853626387456734,1.078073235625366
197,A0,0.6024587614291557,-0.1410168635622399,0.53879685617869,-0.14008949711286384,1.1,0.2,1.078073235625366,0.21853626387456734,-0.21853626387456734,1.078073235625366
198,A0,0.550247834778223,-0.26877338936624895,0.5007059352382222,-0.2624831032667055,1.1,0.2,1.078073235625366,0.21853626387456734,-0.21853626387456734,1.078073235625366
199,A0,0.48243559098098704,-0.39239841282250637,0.4481920722432009,-0.3734260354543738,1.1,0.2,1.078073235625366,0.21853626387456734,-0.21853626387456734,1.078073235625366
200,A0,0.4015767468831748,-0.5005268352752787,0.381297279172733,-0.46253138478190053,1.1,0.2,1.078073235625366,0.21853626387456734,-0.21853626387456734,1.078073235625366
201,A0,0.30998651073793027,-0.5819699893860516,0.300424825409686,-0.5240957844346975,1.1,0.2,1.078073235625366,0.21853626387456734,-0.21853626387456734,1.078073235625366
202,A0,0.20934602894883644,-0.6306673570233307,0.20634045696889491,-0.5585115715987181,1.1,0.2,1.078073235625366,0.21853626387456734,-0.21853626387456734,1.078073235625366
203,A0,0.10039509189697636,-0.6472092496797915,0.10005914637080635,-0.5697882540733868,1.1,0.2,1.078073235625366,0.21853626387456734,-0.21853626387456734,1.078073235625366
204,A0,-0.016648308562923403,-0.6361400187045787,-0.01664677061741155,-0.5622656057458038,1.1,0.2,1.078073235625366,0.21853626387456734,-0.21853626387456734,1.078073235625366
205,A0,-0.14082186264708454,-0.602525577810929,-0.13989831788364204,-0.5388442739205812,1.1,0.2,1.078073235625366,0.21853626387456734,-0.21853626387456734,1.078073235625366
206,A0,-0.26857764665217176,-0.5503407341711343,-0.2623008373503436,-0.5007755409177269,1.1,0.2,1.078073235625366,0.21853626387456734,-0.21853626387456734,1.078073235625366
207,A0,-0.3922171281814533,-0.48255046271350205,-0.37327001985339253,-0.4482838642599469,1.1,0.2,1.078073235625366,0.21853626387456734,-0.21853626387456734,1.078073235625366
208,A0,-0.500378698915914,-0.4017098004662173,-0.46241493203811324,-0.3814109826434702,1.1,0.2,1.078073235625366,0.21853626387456734,-0.21853626387456734,1.078073235625366
209,A0,-0.5818692931314439,-0.31013454055407497,-0.5240227432094531,-0.3005594887938544,1.1,0.2,1.078073235625366,0.21853626387456734,-0.21853626387456734,1.078073235625366
210,A0,-0.6306180420661541,-0.20950716809560083,-0.5584776387767852,-0.20649473026259083,1.1,0.2,1.078073235625366,0.21853626387456734,-0.21853626387456734,1.078073235625366
211,A0,-0.6472063819218764,-0.10056882535800964,-0.5697863173547332,-0.10023113744992247,1.1,0.2,1.078073235625366,0.21853626387456734,-0.21853626387456734,1.078073235625366
212,A0,-0.6361755170678831,0.016462466340503232,-0.5622898810792986,0.016460979322015068,1.1,0.2,1.078073235625366,0.21853626387456734,-0.21853626387456734,1.078073235625366
213,A0,-0.6025923505338119,0.14062687106479171,-0.5388916572680104,0.13970713737398527,1.1,0.2,1.078073235625366,0.21853626387456734,-0.21853626387456734,1.078073235625366
214,A0,-0.550433596764118,0.2683818950412546,-0.500845112552359,0.2621185444311164,1.1,0.2,1.078073235625366,0.21853626387456734,-0.21853626387456734,1.078073235625366
215,A0,-0.48266530364425625,0.3920358069892946,-0.44837562221414046,0.37311395167373845,1.1,0.2,1.078073235625366,0.21853626387456734,-0.21853626387456734,1.078073235625366
216,A0,-0.40184282881768046,0.5002304984289864,-0.38152465301547966,0.46229841291686896,1.1,0.2,1.078073235625366,0.21853626387456734,-0.21853626387456734,1.078073235625366
217,A0,-0.3102825491932486,0.581768518083804,-0.30069412093351877,0.5239496371129378,1.1,0.2,1.078073235625366,0.21853626387456734,-0.21853626387456734,1.078073235625366
218,A0,-0.20966828773522683,0.6305686503449398,-0.20664897461582124,0.5584436512612373,1.1,0.2,1.078073235625366,0.21853626387456734,-0.21853626387456734,1.078073235625366
219,A0,-0.1007425395716399,0.6472034488756975,-0.10040310348583475,0.5697843365375965,1.1,0.2,1.078073235625366,0.21853626387456734,-0.21853626387456734,1.078073235625366
220,A0,0.016276641479373147,0.636210962416945,0.016275204246581493,0.5623141191924353,1.1,0.2,1.078073235625366,0.21853626387456734,-0.21853626387456734,1.078073235625366
221,A0,0.14043188883480878,0.602659079585773,0.13951595561814467,0.5389390062190749,1.1,0.2,1.078073235625366,0.21853626387456734,-0.21853626387456734,1.078073235625366
222,A0,0.268186134570007,0.5505264225476381,0.2619362245515658,0.5009146501423711,1.1,0.2,1.078073235625366,0.21853626387456734,-0.21853626387456734,1.078073235625366
223,A0,0.39185444929194874,0.4827801137642253,0.3729578309481443,0.44846734610521416,1.1,0.2,1.078073235625366,0.21853626387456734,-0.21853626387456734,1.078073235625366
224,A0,0.5000822338496601,0.40197583192979913,0.4621818274269277,0.38163829028642493,1.1,0.2,1.078073235625366,0.21853626387456734,-0.21853626387456734,1.078073235625366
225,A0,0.5816676642520654,0.31043053665101794,0.5238764661337856,0.3008287218254905,1.1,0.2,1.078073235625366,0.21853626387456734,-0.21853626387456734,1.078073235625366
226,A0,0.6305191818467368,0.20982938786676084,0.5584096090344302,0.2068031900244195,1.1,0.2,1.078073235625366,0.21853626387456734,-0.21853626387456734,1.078073235625366
227,A0,0.6472004505213225,0.10091623453723111,0.5697823116080736,0.10057504446984045,1.1,0.2,1.078073235625366,0.21853626387456734,-0.21853626387456734,1.078073235625366
228,A0,0.6362463547348738,-0.016090833985876962,0.5623383200779969,-0.016089445410589397,1.1,0.2,1.078073235625366,0.21853626387456734,-0.21853626387456734,1.078073235625366
229,A0,0.6027257649547748,-0.14023691597655785,0.538986320771866,-0.13932477265034973,1.1,0.2,1.078073235625366,0.21853626387456734,-0.21853626387456734,1.078073235625366
230,A0,0.550619211512156,-0.26799036527491377,0.500984153688015,-0.2617538777542326,1.1,0.2,1.078073235625366,0.21853626387456734,-0.21853626387456734,1.078073235625366
231,A0,0.4828948930643837,-0.39167305513533285,0.4485590359326027,-0.3728016577093719,1.1,0.2,1.078073235625366,0.21853626387456734,-0.21853626387456734,1.078073235625366
232,A0,0.40210880979480434,-0.4999339052131315,0.3817518944539715,-0.46206517557708754,1.1,0.2,1.078073235625366,0.21853626387456734,-0.21853626387456734,1.078073235625366
233,A0,0.31057850292294353,-0.5815667316452027,0.30096329146658124,-0.5238032302606501,1.1,0.2,1.078073235625366,0.21853626387456734,-0.21853626387456734,1.078073235625366
234,A0,0.20999046848924513,-0.6304696365586168,0.20695737648422197,-0.5583755120787198,1.1,0.2,1.078073235625366,0.21853626387456734,-0.21853626387456734,1.078073235625366
235,A0,0.10108991025415041,-0.6471973868388202,0.10074696039324793,-0.5697802425522517,1.1,0.2,1.078073235625366,0.21853626387456734,-0.21853626387456734,1.078073235625366
236,A0,-0.015905043866344476,-0.6362816940047712,-0.015903702833496573,-0.562362483728756,1.1,0.2,1.078073235625366,0.21853626387456734,-0.21853626387456734,1.078073235625366
237,A0,-0.14004195250943646,-0.6027924066287734,-0.1391335885048091,-0.539033600924469,1.1,0.2,1.078073235625366,0.21853626387456734,-0.21853626387456734,1.078073235625366
238,A0,-0.26779458719243576,-0.550711963648132,-0.26157150408165747,-0.5010536231895415,1.1,0.2,1.078073235625366,0.21853626387456734,-0.21853626387456734,1.078073235625366
239,A0,-0.39149162456536374,-0.4830096415357053,-0.3726454319902135,-0.44865069169574356,1.1,0.2,1.078073235625366,0.21853626387456734,-0.21853626387456734,1.078073235625366
240,A0,-0.4997855125546299,-0.4022417624049233,-0.4619484573761853,-0.381865465515787,1.1,0.2,1.078073235625366,0.21853626387456734,-0.21853626387456734,1.078073235625366
241,A0,-0.581465720272233,-0.3107264480045797,-0.5237299294822063,-0.3010978298536036,1.1,0.2,1.078073235625366,0.21853626387456734,-0.21853626387456734,1.078073235625366
242,A0,-0.6304200144676736,-0.21015152960171837,-0.5583413603764622,-0.2071115339910684,1.1,0.2,1.078073235625366,0.21853626387456734,-0.21853626387456734,1.078073235625366
243,A0,-0.6471942578082597,-0.10126356672176864,-0.5697781293562081,-0.10091885124737723,1.1,0.2,1.078073235625366,0.21853626387456734,-0.21853626387456734,1.078073235625366
244,A0,-0.6363169802097306,0.015719271127090678,-0.5623866101374752,0.015717976534739254,1.1,0.2,1.078073235625366,0.21853626387456734,-0.21853626387456734,1.078073235625366
245,A0,-0.6028590045957191,0.13984699845281662,-0.5390808466749629,0.13894240321570964,1.1,0.2,1.078073235625366,0.21853626387456734,-0.21853626387456734,1.078073235625366
246,A0,-0.5508046789460241,0.2675988003590092,-0.501123058647201,0.26138910357637984,1.1,0.2,1.078073235625366,0.21853626387456734,-0.21853626387456734,1.078073235625366
247,A0,-0.4831243591691636,0.39131015762795673,-0.44874231339407694,0.37248915382349035,1.1,0.2,1.078073235625366,0.21853626387456734,-0.21853626387456734,1.078073235625366
248,A0,-0.40237468975237994,0.4996370559094167,-0.3819790034695414,0.4618316728330962,1.1,0.2,1.078073235625366,0.21853626387456734,-0.21853626387456734,1.078073235625366
249,A0,-0.31087437189147504,0.5813646301422154,-0.30123233698337093,0.5236565637871498,1.1,0.2,1.078073235625366,0.21853626387456734,-0.21853626387456734,1.078073235625366
250,A0,-0.21031257120321553,0.6303703155610239,-0.2072656625408018,0.5583071539100133,1.1,0.2,1.078073235625366,0.21853626387456734,-0.21853626387456734,1.078073235625366
251,A0,-0.10143720393946008,0.6471910634097109,-0.1010907170235598,0.5697759720060112,1.1,0.2,1.078073235625366,0.21853626387456734,-0.21853626387456734,1.078073235625366
252,A0,0.015533515774416376,0.6363522133328382,0.015532266533732728,0.5624106992969075,1.1,0.2,1.078073235625366,0.21853626387456734,-0.21853626387456734,1.078073235625366
253,A0,0.13965205382604576,0.6029255588435559,0.13875121681721705,0.5391280580214215,1.1,0.2,1.078073235625366,0.21853626387456734,-0.21853626387456734,1.078073235625366
254,A0,0.2674030048110463,0.5508973573962892,0.26120667628093885,0.5011924600612431,1.1,0.2,1.078073235625366,0.21853626387456734,-0.21853626387456734,1.078073235625366
255,A0,0.39112865436902666,0.4832390459557314,0.3723328232420538,0.4488339010270458,1.1,0.2,1.078073235625366,0.21853626387456734,-0.21853626387456734,1.078073235625366
256,A0,0.4994885353127863,0.40250759182939444,0.46171482195673424,0.38209250831290686,1.1,0.2,1.078073235625366,0.21853626387456734,-0.21853626387456734,1.078073235625366
257,A0,0.581263461264251,0.31102227457917175,0.5235831331641965,0.301366812852697,1.1,0.2,1.078073235625366,0.21853626387456734,-0.21853626387456734,1.078073235625366
258,A0,0.6303205398258065,0.2104735932927676,0.5582728926617291,0.20741976212926835,1.1,0.2,1.078073235625366,0.21853626387456734,-0.21853626387456734,1.078073235625366
259,A0,0.6471878036232447,0.10161082190660244,0.5697737704877194,0.10126255771313841,1.1,0.2,1.078073235625366,0.21853626387456734,-0.21853626387456734,1.078073235625366
260,A0,0.6363873933571723,-0.01534777781460793,0.5624347511997958,-0.01534657284987106,1.1,0.2,1.078073235625366,0.21853626387456734,-0.21853626387456734,1.078073235625366
261,A0,0.6029920693602219,-0.1394571186484461,0.5391752349619118,-0.13856002934347564,1.1,0.2,1.078073235625366,0.21853626387456734,-0.21853626387456734,1.078073235625366
262,A0,0.5509899989893815,-0.26720720058493463,0.5012618274319164,-0.2610242222378725,1.1,0.2,1.078073235625366,0.21853626387456734,-0.21853626387456734,1.078073235625366
263,A0,0.4833537018863805,-0.39094711483448696,0.4489254545940953,-0.3721764402787845,1.1,0.2,1.078073235625366,0.21853626387456734,-0.21853626387456734,1.078073235625366
264,A0,0.40264046862818303,-0.49933995080006527,0.38220598004355755,-0.46159790475605195,1.1,0.2,1.078073235625366,0.21853626387456734,-0.21853626387456734,1.078073235625366
265,A0,0.31117015606320614,-0.5811622136474829,0.3015012574583964,-0.5235096376020838,1.1,0.2,1.078073235625366,0.21853626387456734,-0.21853626387456734,1.078073235625366
266,A0,0.2106345958694018,-0.6302706872491832,0.2075738327523173,-0.5582385766139659,1.1,0.2,1.078073235625366,0.21853626387456734,-0.21853626387456734,1.078073235625366
267,A0,0.10178442062257674,-0.6471844784289327,0.10143437330746713,-0.5697715247873817,1.1,0.2,1.078073235625366,0.21853626387456734,-0.21853626387456734,1.078073235625366
268,A0,-0.015162057253937489,-0.6364225202658029,-0.015160895502527328,-0.5624587658388729,1.1,0.2,1.078073235625366,0.21853626387456734,-0.21853626387456734,1.078073235625366
269,A0,-0.1392621929393151,-0.6030585361336487,-0.13836884082860842,-0.5392223774944951,1.1,0.2,1.078073235625366,0.21853626387456734,-0.21853626387456734,1.078073235625366
270,A0,-0.2670113877170377,-0.5510826037157541,-0.2608417414897182,-0.501331160759469,1.1,0.2,1.078073235625366,0.21853626387456734,-0.21853626387456734,1.078073235625366
271,A0,-0.39076553907025025,-0.4834683269520825,-0.37202000496659277,-0.4490169740946737,1.1,0.2,1.078073235625366,0.21853626387456734,-0.21853626387456734,1.078073235625366
272,A0,-0.4991913024066128,-0.40277332014095885,-0.4614809212400404,-0.3823194186591701,1.1,0.2,1.078073235625366,0.21853626387456734,-0.21853626387456734,1.078073235625366
273,A0,-0.5810608873010966,-0.3113180163391085,-0.5234360770895699,-0.3016356707972846,1.1,0.2,1.078073235625366,0.21853626387456734,-0.21853626387456734,1.078073235625366
274,A0,-0.6302207578183385,-0.21079557893214168,-0.55820420574908,-0.20772787440580137,1.1,0.2,1.078073235625366,0.21853626387456734,-0.21853626387456734,1.078073235625366
275,A0,-0.6471810878068475,-0.10195800008676768,-0.5697692348910378,-0.10160616379791161,1.1,0.2,1.078073235625366,0.21853626387456734,-0.21853626387456734,1.078073235625366
276,A0,-0.6364575940417931,0.014976354098662686,-0.5624827432068619,0.01497523451105331,1.1,0.2,1.078073235625366,0.21853626387456734,-0.21853626387456734,1.078073235625366
277,A0,-0.6031249591517623,0.13906727671792515,-0.5392694856172271,0.1381776513067169,1.1,0.2,1.078073235625366,0.21853626387456734,-0.21853626387456734,1.078073235625366
278,A0,-0.5511751715658582,0.2668155662436944,-0.5014004600441481,0.2606592340790123,1.1,0.2,1.078073235625366,0.21853626387456734,-0.21853626387456734,1.078073235625366
279,A0,-0.4835829211438081,0.3905839271222279,-0.44910845952823164,0.3718635173384185,1.1,0.2,1.078073235625366,0.21853626387456734,-0.21853626387456734,1.078073235625366
280,A0,-0.40290614635993105,0.49904259016782027,-0.3824328241574232,0.4613638714177293,1.1,0.2,1.078073235625366,0.21853626387456734,-0.21853626387456734,1.078073235625366
281,A0,-0.31146585540240296,0.5809594822343194,-0.3017700528661775,0.5233624516154333,1.1,0.2,1.078073235625366,0.21853626387456734,-0.21853626387456734,1.078073235625366
282,A0,-0.21095654248000684,0.6301707515204792,-0.20788188708557634,0.5581697800494277,1.1,0.2,1.078073235625366,0.21853626387456734,-0.21853626387456734,1.078073235625366
283,A0,-0.10213156029856331,0.647177631737062,-0.10177792917584882,0.5697669007847176,1.1,0.2,1.078073235625366,0.21853626387456734,-0.21853626387456734,1.078073235625366
284,A0,0.014790668355026806,0.6364926146681977,0.014789589894779638,0.5625066832964758,1.1,0.2,1.078073235625366,0.21853626387456734,-0.21853626387456734,1.078073235625366
285,A0,0.13887237000352362,0.6031913384024824,0.13798646081188107,0.5393165593281569,1.1,0.2,1.078073235625366,0.21853626387456734,-0.21853626387456734,1.078073235625366
286,A0,0.26661973620121926,0.5512677025301428,0.26047670004829016,0.5014697252862,1.1,0.2,1.078073235625366,0.21853626387456734,-0.21853626387456734,1.078073235625366
287,A0,0.3904022790363299,0.48369748445252747,0.3717069774272307,0.4491999108942226,1.1,0.2,1.078073235625366,0.21853626387456734,-0.21853626387456734,1.078073235625366
288,A0,0.4988938141191114,0.4030389472773055,0.46124675529818676,0.38254619653599786,1.1,0.2,1.078073235625366,0.21853626387456734,-0.21853626387456734,1.078073235625366
289,A0,0.5808579984564205,0.31161367324860784,0.5232887611684738,0.3019044036618919,1.1,0.2,1.078073235625366,0.21853626387456734,-0.21853626387456734,1.078073235625366
290,A0,0.630120668342835,0.21111748651201334,0.558135299497366,0.20803587078750138,1.1,0.2,1.078073235625366,0.21853626387456734,-0.21853626387456734,1.078073235625366
291,A0,0.6471741101996509,0.10230510125735512,0.5697645224544415,0.10194966943266709,1.1,0.2,1.078073235625366,0.21853626387456734,-0.21853626387456734,1.078073235625366
292,A0,0.6365275821280635,-0.01460500002925881,0.5625305861004174,-0.01460396167301583,1.1,0.2,1.078073235625366,0.21853626387456734,-0.21853626387456734,1.078073235625366
293,A0,0.6032576738737222,-0.13867747281533285,0.5393635986253279,-0.13779526937815947,1.1,0.2,1.078073235625366,0.21853626387456734,-0.21853626387456734,1.078073235625366
294,A0,0.5513601965990558,-0.2664238976259022,0.5015389564858707,-0.26029413944008606,1.1,0.2,1.078073235625366,0.21853626387456734,-0.21853626387456734,1.078073235625366
295,A0,0.4838120168692101,-0.39022059485846516,0.4492913281921025,-0.3715503852660281,1.1,0.2,1.078073235625366,0.21853626387456734,-0.21853626387456734,1.078073235625366
296,A0,0.40317172288528424,-0.4987449742959424,0.3826595357925773,-0.4611295728905199,1.1,0.2,1.078073235625366,0.21853626387456734,-0.21853626387456734,1.078073235625366
297,A0,0.3117614698732351,-0.580756435976712,0.3020387231812453,-0.5232150057375125,1.1,0.2,1.078073235625366,0.21853626387456734,-0.21853626387456734,1.078073235625366
298,A0,0.21127841102717304,-0.6300705082726585,0.2081898255074386,-0.5581007640752514,1.1,0.2,1.078073235625366,0.21853626387456734,-0.21853626387456734,1.078073235625366
299,A0,0.10247862296253787,-0.647170523174689,0.10212138455976598,-0.5697620998862208,1.1,0.2,1.078073235625366,0.21853626387456734,-0.21853626387456734,1.078073235625366
300,A0,-0.01441934912757356,-0.6365624964044302,-0.01441834986505049,-0.5625544516113801,1.1,0.2,1.078073235625366,0.21853626387456734,-0.21853626387456734,1.078073235625366
301,A0,-0.1384825851725506,-0.6033239655533894,-0.13760407703958946,-0.5394106035067776,1.1,0.2,1.078073235625366,0.21853626387456734,-0.21853626387456734,1.078073235625366
302,A0,-0.2662280505540091,-0.5514526537630431,-0.2601115522969336,-0.501608153643405,1.1,0.2,1.078073235625366,0.21853626387456734,-0.21853626387456734,1.078073235625366
303,A0,-0.39003887463454145,-0.48392651838482537,-0.37139374088783894,-0.4493827114213303,1.1,0.2,1.078073235625366,0.21853626387456734,-0.21853626387456734,1.078073235625366
304,A0,-0.4985960707338017,-0.4033044731760662,-0.4610123242038744,-0.3827728419248472,1.1,0.2,1.078073235625366,0.21853626387456734,-0.21853626387456734,1.078073235625366
305,A0,-0.5806547948045475,-0.31190924527179126,-0.523141185311391,-0.30217301142105607,1.1,0.2,1.078073235625366,0.21853626387456734,-0.21853626387456734,1.078073235625366
306,A0,-0.6300202712972249,-0.2114393160244945,-0.5580661737654411,-0.20834375124125365,1.1,0.2,1.078073235625366,0.21853626387456734,-0.21853626387456734,1.078073235625366
307,A0,-0.6471668706422526,-0.1026521254135101,-0.5697596330660569,-0.10229307454855674,1.1,0.2,1.078073235625366,0.21853626387456734,-0.21853626387456734,1.078073235625366
308,A0,-0.6365973574803294,0.014233715656171153,-0.562578279822047,0.014232754490150653,1.1,0.2,1.078073235625366,0.21853626387456734,-0.21853626387456734,1.078073235625366
309,A0,-0.6033902134293851,0.1382877070943492,-0.5394575739705371,0.13741288383018646,1.1,0.2,1.078073235625366,0.21853626387456734,-0.21853626387456734,1.078073235625366
310,A0,-0.5515450740125483,0.2660321950217809,-0.501677316759047,0.25992893866136474,1.1,0.2,1.078073235625366,0.21853626387456734,-0.21853626387456734,1.078073235625366
311,A0,-0.4840409889903412,0.3898571184104648,-0.449474060581367,0.3712370443257204,1.1,0.2,1.078073235625366,0.21853626387456734,-0.21853626387456734,1.078073235625366
312,A0,-0.403437198141846,0.4984471034682097,-0.38288611493049485,0.4608950092474341,1.1,0.2,1.078073235625366,0.21853626387456734,-0.21853626387456734,1.078073235625366
313,A0,-0.31205699943977594,0.5805530749493228,-0.3023072683781428,0.523067299878972,1.1,0.2,1.078073235625366,0.21853626387456734,-0.21853626387456734,1.078073235625366
314,A0,-0.21160020150298184,0.6299699574038324,-0.2084976479848149,0.5580315285502925,1.1,0.2,1.078073235625366,0.21853626387456734,-0.21853626387456734,1.078073235625366
315,A0,-0.10282560860967309,0.6471631525824187,-0.10246473939046132,0.569757121979942,1.1,0.2,1.078073235625366,0.21853626387456734,-0.21853626387456734,1.078073235625366
316,A0,0.014048099621238153,0.636632165338785,0.014047175567562997,0.5626020707250913,1.1,0.2,1.078073235625366,0.21853626387456734,-0.21853626387456734,1.078073235625366
317,A0,0.13809283859987678,0.6034564174896048,0.1372216897839451,0.5395045100146321,1.1,0.2,1.078073235625366,0.21853626387456734,-0.21853626387456734,1.078073235625366
318,A0,0.2658363310654347,0.5516374573380138,0.2597462985759111,0.5017464458330402,1.1,0.2,1.078073235625366,0.21853626387456734,-0.21853626387456734,1.078073235625366
319,A0,0.3896753262321404,0.48415542867672556,0.37108029561275957,0.44956537567167687,1.1,0.2,1.078073235625366,0.21853626387456734,-0.21853626387456734,1.078073235625366
320,A0,0.4982980725347196,0.4035698977748154,0.4607776280304224,0.3829993548072106,1.1,0.2,1.078073235625366,0.21853626387456734,-0.21853626387456734,1.078073235625366
321,A0,0.5804512764204764,0.3122047323726835,0.5229933494291398,0.30244149404932535,1.1,0.2,1.078073235625366,0.21853626387456734,-0.21853626387456734,1.078073235625366
322,A0,0.6299195665798022,0.21176106746163575,0.5579968284121632,0.20865151573399426,1.1,0.2,1.078073235625366,0.21853626387456734,-0.21853626387456734,1.078073235625366
323,A0,0.6471593689752656,0.10299907255043197,0.5697545666138586,0.10263637907691342,1.1,0.2,1.078073235625366,0.21853626387456734,-0.21853626387456734,1.078073235625366
324,A0,0.6366669199628131,-0.013862501028946303,0.562625824313176,-0.013861613116512553,1.1,0.2,1.078073235625366,0.21853626387456734,-0.21853626387456734,1.078073235625366
325,A0,0.603522577721937,-0.1378979797082559,0.5395514116370813,-0.13703049493483785,1.1,0.2,1.078073235625366,0.21853626387456734,-0.21853626387456734,1.078073235625366
326,A0,0.5517298037298797,-0.2656404587211625,0.5018155408656266,-0.25956363208310235,1.1,0.2,1.078073235625366,0.21853626387456734,-0.21853626387456734,1.078073235625366
327,A0,0.4842698374349452,-0.3894934981454715,0.44965665669172616,-0.3709234947820722,1.1,0.2,1.078073235625366,0.21853626387456734,-0.21853626387456734,1.078073235625366
328,A0,0.4037025720671619,-0.4981489779689159,0.3831125615526862,-0.4606601805621004,1.1,0.2,1.078073235625366,0.21853626387456734,-0.21853626387456734,1.078073235625366
329,A0,0.3123524440660016,-0.5803493992274882,0.3025756884314238,-0.5229193339507988,1.1,0.2,1.078073235625366,0.21853626387456734,-0.21853626387456734,1.078073235625366
330,A0,0.21192191389945286,-0.6298690988124774,0.20880535448466658,-0.5579620733334109,1.1,0.2,1.078073235625366,0.21853626387456734,-0.21853626387456734,1.078073235625366
331,A0,0.10317251723519504,-0.6471555198008716,0.10280799359935787,-0.5697519669537797,1.1,0.2,1.078073235625366,0.21853626387456734,-0.21853626387456734,1.078073235625366
332,A0,-0.013676919885453331,-0.636701621335422,-0.013676067156203507,-0.5626495405789542,1.1,0.2,1.078073235625366,0.21853626387456734,-0.21853626387456734,1.078073235625366
333,A0,-0.13770313043858454,-0.6035886941142644,-0.1368392993168159,-0.5395982788358983,1.1,0.2,1.078073235625366,0.21853626387456734,-0.21853626387456734,1.078073235625366
334,A0,-0.2654445780251319,-0.5518221131785847,-0.2593809392254671,-0.5018846018570484,1.1,0.2,1.078073235625366,0.21853626387456734,-0.21853626387456734,1.078073235625366
335,A0,-0.3893116341963599,-0.484384215255967,-0.37076664186680347,-0.4497479036409843,1.1,0.2,1.078073235625366,0.21853626387456734,-0.21853626387456734,1.078073235625366
336,A0,-0.4979998198064157,-0.4038352210110703,-0.4605426668517685,-0.3832257351646163,1.1,0.2,1.078073235625366,0.21853626387456734,-0.21853626387456734,1.078073235625366
337,A0,-0.5802474433798807,-0.3125001345152124,-0.5228452534328756,-0.30270985152125923,1.1,0.2,1.078073235625366,0.21853626387456734,-0.21853626387456734,1.078073235625366
338,A0,-0.6298185540892257,-0.2120827408154261,-0.557927263296394,-0.20895916423271,1.1,0.2,1.078073235625366,0.21853626387456734,-0.21853626387456734,1.078073235625366
339,A0,-0.6471516050393175,-0.10334594266337394,-0.5697493229856693,-0.10297958294925078,1.1,0.2,1.078073235625366,0.21853626387456734,-0.21853626387456734,1.078073235625366
340,A0,-0.6367362694396126,0.013491356196902768,-0.5626732195150695,0.013490537705819004,1.1,0.2,1.078073235625366,0.21853626387456734,-0.21853626387456734,1.078073235625366
341,A0,-0.6036547666544642,0.13750829080993587,-0.5396451116090901,0.13664810296380914,1.1,0.2,1.078073235625366,0.21853626387456734,-0.21853626387456734,1.078073235625366
342,A0,-0.5519143856745655,0.2652486890134863,-0.5019536288075463,0.25919822004553317,1.1,0.2,1.078073235625366,0.21853626387456734,-0.21853626387456734,1.078073235625366
343,A0,-0.4844985621307566,0.38912973443070614,-0.44983911651892317,0.37060973690012805,1.1,0.2,1.078073235625366,0.21853626387456734,-0.21853626387456734,1.078073235625366
344,A0,-0.40396784459872115,0.49785059808286825,-0.3833388756406976,0.4604250869087656,1.1,0.2,1.078073235625366,0.21853626387456734,-0.21853626387456734,1.078073235625366
345,A0,-0.312647803715792,0.5801454088872187,-0.30284398331565354,0.5227711078643174,1.1,0.2,1.078073235625366,0.21853626387456734,-0.21853626387456734,1.078073235625366
346,A0,-0.2122435482085446,0.6297679323974364,-0.20911294497400587,0.5578923982834709,1.1,0.2,1.078073235625366,0.21853626387456734,-0.21853626387456734,1.078073235625366
347,A0,-0.1035193488343838,0.6471476246706841,-0.10315114711805966,0.5697466346954814,1.1,0.2,1.078073235625366,0.21853626387456734,-0.21853626387456734,1.078073235625366
348,A0,0.013305809969423724,0.6367708642583776,0.013305024784520928,0.562696861114155,1.1,0.2,1.078073235625366,0.21853626387456734,-0.21853626387456734,1.078073235625366
349,A0,0.1373134608413579,0.6037207953304065,0.13645690590972542,0.5396919099546579,1.1,0.2,1.078073235625366,0.21853626387456734,-0.21853626387456734,1.078073235625366
350,A0,0.26505279172234414,0.5520066212082569,0.2590154745858263,0.5020226217173603,1.1,0.2,1.078073235625366,0.21853626387456734,-0.21853626387456734,1.078073235625366
351,A0,0.38894779889440867,0.4846128780502793,0.37045277991524933,0.44993029532501705,1.1,0.2,1.078073235625366,0.21853626387456734,-0.21853626387456734,1.078073235625366
352,A0,0.49770131283395436,0.40410044282229163,0.46030744074246926,0.38345198297862865,1.1,0.2,1.078073235625366,0.21853626387456734,-0.21853626387456734,1.078073235625366
353,A0,0.580043295759109,0.31279545166320993,0.5226968972340926,0.30297808381142904,1.1,0.2,1.078073235625366,0.21853626387456734,-0.21853626387456734,1.078073235625366
354,A0,0.6297172337245228,0.21240433607779335,0.5578574782770008,0.20926669670443845,1.1,0.2,1.078073235625366,0.21853626387456734,-0.21853626387456734,1.078073235625366
355,A0,0.6471435786750539,0.1036927357476427,0.5697439020691609,0.10332268609726289,1.1,0.2,1.078073235625366,0.21853626387456734,-0.21853626387456734,1.078073235625366
356,A0,0.6368054057747025,-0.013120281209131585,0.5627204653688338,-0.013119528411450579,1.1,0.2,1.078073235625366,0.21853626387456734,-0.21853626387456734,1.078073235625366
357,A0,0.6037867801299557,-0.13711864055187423,0.5397386738705967,-0.13626570818845163,1.1,0.2,1.078073235625366,0.21853626387456734,-0.21853626387456734,1.078073235625366
358,A0,0.552098819770092,-0.26485688618779973,0.5020915805867296,-0.2588327028888716,1.1,0.2,1.078073235625366,0.21853626387456734,-0.21853626387456734,1.078073235625366
359,A0,0.48472716300549984,-0.388765827633365,0.45002144005874317,-0.3702957709454003,1.1,0.2,1.078073235625366,0.21853626387456734,-0.21853626387456734,1.078073235625366
360,A0,0.4042330156739556,-0.4975519640953873,0.38356505717611095,-0.46018972836229594,1.1,0.2,1.078073235625366,0.21853626387456734,-0.21853626387456734,1.078073235625366
361,A0,0.3129430783529302,-0.5799411040052007,0.30311215300540884,-0.5226226215311913,1.1,0.2,1.078073235625366,0.21853626387456734,-0.21853626387456734,1.078073235625366
362,A0,0.21256510442215354,-0.6296664580579207,0.20942041941989514,-0.557822503259343,1.1,0.2,1.078073235625366,0.21853626387456734,-0.21853626387456734,1.078073235625366
363,A0,0.1038661034025721,-0.6471394670325099,0.1034941998783502,-0.5697411250926432,1.1,0.2,1.078073235625366,0.21853626387456734,-0.21853626387456734,1.078073235625366
364,A0,-0.012934769922127401,-0.6368398939715646,-0.012934048605728067,-0.5627440322717192,1.1,0.2,1.078073235625366,0.21853626387456734,-0.21853626387456734,1.078073235625366
365,A0,-0.13692382996048347,-0.6038527210409698,-0.13607450983385289,-0.5397854033548953,1.1,0.2,1.078073235625366,0.21853626387456734,-0.21853626387456734,1.078073235625366
366,A0,-0.2646609724459226,-0.552190981350502,-0.2586499049971924,-0.5021605054158927,1.1,0.2,1.078073235625366,0.21853626387456734,-0.21853626387456734,1.078073235625366
367,A0,-0.3885838206934704,-0.48484141698738237,-0.3701387100238428,-0.45011255071958134,1.1,0.2,1.078073235625366,0.21853626387456734,-0.21853626387456734,1.078073235625366
368,A0,-0.4974025519029123,-0.40436556314588323,-0.46007194977770083,-0.3836780982308478,1.1,0.2,1.078073235625366,0.21853626387456734,-0.21853626387456734,1.078073235625366
369,A0,-0.5798388336351855,-0.31309068378041083,-0.5225482807446247,-0.303246190894417,1.1,0.2,1.078073235625366,0.21853626387456734,-0.21853626387456734,1.078073235625366
370,A0,-0.6296156053850894,-0.21272585324060275,-0.5577874732128574,-0.20957411311626678,1.1,0.2,1.078073235625366,0.21853626387456734,-0.21853626387456734,1.078073235625366
371,A0,-0.6471352897231372,-0.10403945179859703,-0.5697383037518542,-0.10366568845282273,1.1,0.2,1.078073235625366,0.21853626387456734,-0.21853626387456734,1.078073235625366
372,A0,-0.6368743288319337,0.012749276114497873,-0.5627675618154147,0.012748585386452287,1.1,0.2,1.078073235625366,0.21853626387456734,-0.21853626387456734,1.078073235625366
373,A0,-0.6039186180513011,0.13672902908615922,-0.5398320984055369,0.13588331087977254,1.1,0.2,1.078073235625366,0.21853626387456734,-0.21853626387456734,1.078073235625366
374,A0,-0.5522831059399163,0.2644650505327577,-0.5022293962050869,0.25846708095331067,1.1,0.2,1.078073235625366,0.21853626387456734,-0.21853626387456734,1.078073235625366
375,A0,-0.48495563998689006,0.3884017781206185,-0.4502036273070137,0.3699815971838676,1.1,0.2,1.078073235625366,0.21853626387456734,-0.21853626387456734,1.078073235625366
376,A0,-0.404498085230241,0.4972530762923058,-0.3837911061405447,0.45995410499817735,1.1,0.2,1.078073235625366,0.21853626387456734,-0.21853626387456734,1.078073235625366
377,A0,-0.31323826794110315,0.5797364846587965,-0.30338019747527784,0.5224738748634246,1.1,0.2,1.078073235625366,0.21853626387456734,-0.21853626387456734,1.078073235625366
378,A0,-0.21288658253211423,0.6295646756935104,-0.2097277777894469,0.5577523881199036,1.1,0.2,1.078073235625366,0.21853626387456734,-0.21853626387456734,1.078073235625366
379,A0,-0.10421278093514544,0.6471310467270206,-0.1038371518121926,0.56973543803271,1.1,0.2,1.078073235625366,0.21853626387456734,-0.21853626387456734,1.078073235625366
380,A0,0.012563799792315727,0.6369087103387716,0.01256313877270128,0.562791053992513,1.1,0.2,1.078073235625366,0.21853626387456734,-0.21853626387456734,1.078073235625366
381,A0,0.13653423794785025,0.6039844711487946,0.1356921113600323,0.5398787590204978,1.1,0.2,1.078073235625366,0.21853626387456734,-0.21853626387456734,1.078073235625366
382,A0,0.264269120484325,0.5523751935287621,0.2582842307997465,0.5022982529545488,1.1,0.2,1.078073235625366,0.21853626387456734,-0.21853626387456734,1.078073235625366
383,A0,0.38821969996070094,0.4850698319949858,0.3698244324587945,0.4502946698205252,1.1,0.2,1.078073235625366,0.21853626387456734,-0.21853626387456734,1.078073235625366
384,A0,0.4971035372993767,0.4046305819191922,0.4598361940332582,0.3839040809029096,1.1,0.2,1.078073235625366,0.21853626387456734,-0.21853626387456734,1.078073235625366
385,A0,0.5796340570858098,0.3133858308304531,0.5223994038766453,0.3035141727448167,1.1,0.2,1.078073235625366,0.21853626387456734,-0.21853626387456734,1.078073235625366
386,A0,0.6295136689706896,0.21304729229565753,0.5577172479628429,0.20988141343533226,1.1,0.2,1.078073235625366,0.21853626387456734,-0.21853626387456734,1.078073235625366
387,A0,0.6471267380242476,0.10438609081164843,0.5697325279211183,0.10400858994798286,1.1,0.2,1.078073235625366,0.21853626387456734,-0.21853626387456734,1.078073235625366
388,A0,0.6369430384750332,-0.01237834096164002,0.5628145087955978,-0.012377708783532542,1.1,0.2,1.078073235625366,0.21853626387456734,-0.21853626387456734,1.078073235625366
389,A0,0.6040502803212905,-0.1363394565644812,0.5399253851977489,-0.13550091130843306,1.1,0.2,1.078073235625366,0.21853626387456734,-0.21853626387456734,1.078073235625366
390,A0,0.5524672441074652,-0.26407318233662086,0.5023670756645142,-0.2581013545790194,1.1,0.2,1.078073235625366,0.21853626387456734,-0.21853626387456734,1.078073235625366
391,A0,0.485183993002632,-0.38803758625960827,0.4503856782596034,-0.3696672158819729,1.1,0.2,1.078073235625366,0.21853626387456734,-0.21853626387456734,1.078073235625366
392,A0,0.4047630532048962,-0.49695393495996587,0.3840170225156526,-0.4597182168925149,1.1,0.2,1.078073235625366,0.21853626387456734,-0.21853626387456734,1.078073235625366
393,A0,0.3135333724439004,-0.5795315509260436,0.3036481166998595,-0.5223248677733618,1.1,0.2,1.078073235625366,0.21853626387456734,-0.21853626387456734,1.078073235625366
394,A0,0.2132079825301984,-0.6294625852041555,0.2100350200498229,-0.5576820527240363,1.1,0.2,1.078073235625366,0.21853626387456734,-0.21853626387456734,1.078073235625366
395,A0,0.10455938142754084,-0.6471223635949058,0.10418000285172832,-0.5697295734029761,1.1,0.2,1.078073235625366,0.21853626387456734,-0.21853626387456734,1.078073235625366
396,A0,-0.012192899628514872,-0.6369773132236645,-0.012192295437981754,-0.5628379262172422,1.1,0.2,1.078073235625366,0.21853626387456734,-0.21853626387456734,1.078073235625366
397,A0,-0.13614468495495088,-0.6041160455566218,-0.13530971075875284,-0.5399719769352549,1.1,0.2,1.078073235625366,0.21853626387456734,-0.21853626387456734,1.078073235625366
398,A0,-0.2638772361256157,-0.5525592576664495,-0.25791845233364596,-0.5024358643352183,1.1,0.2,1.078073235625366,0.21853626387456734,-0.21853626387456734,1.078073235625366
399,A0,-0.387855437063228,-0.48529812300079045,-0.36950994748678007,-0.45047665262373876,1.1,0.2,1.078073235625366,0.21853626387456734,-0.21853626387456734,1.078073235625366
400,A0,-0.4968042693099452,-0.40489549907950956,-0.45960017358555716,-0.38412993097648646,1.1,0.2,1.078073235625366,0.21853626387456734,-0.21853626387456734,1.078073235625366
401,A0,-0.5794289661893582,-0.313680892776879,-0.5222502665426709,-0.3037820293372334,1.1,0.2,1.078073235625366,0.21853626387456734,-0.21853626387456734,1.078073235625366
402,A0,-0.6294114243814601,-0.21336865323469878,-0.5576468023858454,-0.210188597628822,1.1,0.2,1.078073235625366,0.21853626387456734,-0.21853626387456734,1.078073235625366
403,A0,-0.6471179234190849,-0.10473265278226043,-0.5697265744641724,-0.10435139051497459,1.1,0.2,1.078073235625366,0.21853626387456734,-0.21853626387456734,1.078073235625366
404,A0,-0.6370115345676048,0.012007475798970935,-0.5628613062500094,0.012006898755064225,1.1,0.2,1.078073235625366,0.21853626387456734,-0.21853626387456734,1.078073235625366
405,A0,-0.6041817668426157,0.13594992313813398,-0.5400185342309739,0.13511850974474893,1.1,0.2,1.078073235625366,0.21853626387456734,-0.21853626387456734,1.078073235625366
406,A0,-0.5526512341961367,0.2636812818872562,-0.5025046189668945,0.25773552410614214,1.1,0.2,1.078073235625366,0.21853626387456734,-0.21853626387456734,1.078073235625366
407,A0,-0.4854122219804218,0.3876732524174463,-0.45056759291242365,0.36935262730662277,1.1,0.2,1.078073235625366,0.21853626387456734,-0.21853626387456734,1.078073235625366
408,A0,-0.40502791953518447,0.4966545403852187,-0.3842428062831255,0.45948206412203385,1.1,0.2,1.078073235625366,0.21853626387456734,-0.21853626387456734,1.078073235625366
409,A0,-0.3138283918248162,0.5793263028856562,-0.3039159106537654,0.5221756001736904,1.1,0.2,1.078073235625366,0.21853626387456734,-0.21853626387456734,1.078073235625366
410,A0,-0.2135293044081163,0.6293601864901784,-0.21034214616823546,0.5576114969306325,1.1,0.2,1.078073235625366,0.21853626387456734,-0.21853626387456734,1.078073235625366
411,A0,-0.10490590487524808,0.6471134174768751,-0.10452275292927832,0.5697235310905854,1.1,0.2,1.078073235625366,0.21853626387456734,-0.21853626387456734,1.078073235625366
412,A0,0.011822069479024672,0.6370457024897851,0.011821518753774182,0.5628846488864527,1.1,0.2,1.078073235625366,0.21853626387456734,-0.21853626387456734,1.078073235625366
413,A0,0.1357551711328803,0.6042474441670932,0.13492730830015665,0.5400650570828587,1.1,0.2,1.078073235625366,0.21853626387456734,-0.21853626387456734,1.078073235625366
414,A0,0.263485319657464,0.5527431736869473,0.2575525699390218,0.5025733395597765,1.1,0.2,1.078073235625366,0.21853626387456734,-0.21853626387456734,1.078073235625366
415,A0,0.3874910323681474,0.4855262899324869,0.36919525537493675,0.4506584991251539,1.1,0.2,1.078073235625366,0.21853626387456734,-0.21853626387456734,1.078073235625366
416,A0,0.49650474822172247,0.40516031456407037,0.4593638885116327,0.38435564843328696,1.1,0.2,1.078073235625366,0.21853626387456734,-0.21853626387456734,1.078073235625366
417,A0,0.5792235610248829,0.3139758695831338,0.52210086865556,0.3040497606462838,1.1,0.2,1.078073235625366,0.21853626387456734,-0.21853626387456734,1.078073235625366
418,A0,0.6293088715179092,0.21368993604940492,0.5575761363407605,0.2104956656639725,1.1,0.2,1.078073235625366,0.21853626387456734,-0.21853626387456734,1.078073235625366
419,A0,0.6471088457483685,0.10507913770594789,0.5697204432680849,0.10469409008620732,1.1,0.2,1.078073235625366,0.21853626387456734,-0.21853626387456734,1.078073235625366
420,A0,0.6370798169731292,-0.011636680674678601,0.5629079541191153,-0.011636155453085,1.1,0.2,1.078073235625366,0.21853626387456734,-0.21853626387456734,1.078073235625366
421,A0,0.6043130775178688,-0.13556042895801493,0.540111545488855,-0.13473610645868983,1.1,0.2,1.078073235625366,0.21853626387456734,-0.21853626387456734,1.078073235625366
422,A0,0.5528350761292988,-0.26328934947213634,0.502642026114096,-0.2573695898747973,1.1,0.2,1.078073235625366,0.21853626387456734,-0.21853626387456734,1.078073235625366
423,A0,0.48564032684794534,-0.3873087769612134,0.45074937126142706,-0.36903783172518645,1.1,0.2,1.078073235625366,0.21853626387456734,-0.21853626387456734,1.078073235625366
424,A0,0.4052926841583125,-0.4963548928554236,0.38446845742468977,-0.45924564676408003,1.1,0.2,1.078073235625366,0.21853626387456734,-0.21853626387456734,1.078073235625366
425,A0,0.31412332604724724,-0.5791207406170255,0.3041835793116174,-0.522026071977441,1.1,0.2,1.078073235625366,0.21853626387456734,-0.21853626387456734,1.078073235625366
426,A0,0.21385054815751453,-0.629257479452274,0.2106491561119452,-0.5575407205985928,1.1,0.2,1.078073235625366,0.21853626387456734,-0.21853626387456734,1.078073235625366
427,A0,0.10525235127380708,-0.6471042082136581,0.10486540197734043,-0.569717310982531,1.1,0.2,1.078073235625366,0.21853626387456734,-0.21853626387456734,1.078073235625366
428,A0,-0.011451309391921294,-0.6371138780005526,-0.011450808871949197,-0.5629312219405302,1.1,0.2,1.078073235625366,0.21853626387456734,-0.21853626387456734,1.078073235625366
429,A0,-0.13536569663233827,-0.604378666882751,-0.13454490425404064,-0.5401579994469032,1.1,0.2,1.078073235625366,0.21853626387456734,-0.21853626387456734,1.078073235625366
430,A0,-0.2630933713671455,-0.5529269415136082,-0.2571865839559791,-0.5027106786300849,1.1,0.2,1.078073235625366,0.21853626387456734,-0.21853626387456734,1.078073235625366
431,A0,-0.38712648624252427,-0.4857543327177567,-0.368880356390865,-0.4508402093207441,1.1,0.2,1.078073235625366,0.21853626387456734,-0.21853626387456734,1.078073235625366
432,A0,-0.4962049743223213,-0.40542502831005334,-0.45912733888914115,-0.3845812332550558,1.1,0.2,1.078073235625366,0.21853626387456734,-0.21853626387456734,1.078073235625366
433,A0,-0.5790178416721137,-0.3142707612125663,-0.521951210128516,-0.3043173666465958,1.1,0.2,1.078073235625366,0.21853626387456734,-0.21853626387456734,1.078073235625366
434,A0,-0.6292060102809184,-0.21401114073139121,-0.5575052496864935,-0.210802617508069,1.1,0.2,1.078073235625366,0.21853626387456734,-0.21853626387456734,1.078073235625366
435,A0,-0.6470995048528385,-0.10542554557827628,-0.5697141342197742,-0.10503668859426779,1.1,0.2,1.078073235625366,0.21853626387456734,-0.21853626387456734,1.078073235625366
436,A0,-0.6371478855549637,0.011265955636727013,-0.5629544523432208,0.01126547902929806,1.1,0.2,1.078073235625366,0.21853626387456734,-0.21853626387456734,1.078073235625366
437,A0,-0.6044442122495419,0.13517097417462573,-0.540204418954937,0.1343537017198793,1.1,0.2,1.078073235625366,0.21853626387456734,-0.21853626387456734,1.078073235625366
438,A0,-0.5530187698302893,0.262897385378339,-0.5027792971079731,0.2570035522250757,1.1,0.2,1.078073235625366,0.21853626387456734,-0.21853626387456734,1.078073235625366
439,A0,-0.48586830753287946,0.3869441602579576,-0.450931013302608,0.36872282940549433,1.1,0.2,1.078073235625366,0.21853626387456734,-0.21853626387456734,1.078073235625366
440,A0,-0.4055573470114313,0.4960549926584459,-0.38469397592210847,0.45900896489661996,1.1,0.2,1.078073235625366,0.21853626387456734,-0.21853626387456734,1.078073235625366
441,A0,-0.3144181750744943,0.5789148642002194,-0.30445112264804924,0.5218762830979892,1.1,0.2,1.078073235625366,0.21853626387456734,-0.21853626387456734,1.078073235625366
442,A0,-0.214171713769977,0.629154463991511,-0.2109560498482621,0.557469723586827,1.1,0.2,1.078073235625366,0.21853626387456734,-0.21853626387456734,1.078073235625366
443,A0,-0.10559872061880897,0.6470947356460052,-0.10520794992859031,0.569710912965656,1.1,0.2,1.078073235625366,0.21853626387456734,-0.21853626387456734,1.078073235625366
444,A0,0.01108061941505642,0.6371818396192627,0.011080165944042358,0.5629776453197,1.1,0.2,1.078073235625366,0.21853626387456734,-0.21853626387456734,1.078073235625366
445,A0,0.13497626160362827,0.6045097136060373,0.13416249888985457,0.540250804010884,1.1,0.2,1.078073235625366,0.21853626387456734,-0.21853626387456734,1.078073235625366
446,A0,0.26270139154153976,0.5531105610697545,0.25682049472459384,0.50284788154799,1.1,0.2,1.078073235625366,0.21853626387456734,-0.21853626387456734,1.078073235625366
447,A0,0.3867617990533888,0.4859822512842715,0.36856525080262487,0.45102178320652436,1.1,0.2,1.078073235625366,0.21853626387456734,-0.21853626387456734,1.078073235625366
448,A0,0.49590494789985917,0.40568964025458154,0.4588905247963591,0.384806685423574,1.1,0.2,1.078073235625366,0.21853626387456734,-0.21853626387456734,1.078073235625366
449,A0,0.5788118082114568,0.3145655676284289,0.5218012908750865,0.30458484731280877,1.1,0.2,1.078073235625366,0.21853626387456734,-0.21853626387456734,1.078073235625366
450,A0,0.629102840571744,0.21433226727221003,0.5574341422819589,0.21110945312844592,1.1,0.2,1.078073235625366,0.21853626387456734,-0.21853626387456734,1.078073235625366
451,A0,0.6470899005732557,0.10577187639486195,0.5697076472060083,0.10537918597192018,1.1,0.2,1.078073235625366,0.21853626387456734,-0.21853626387456734,1.078073235625366
452,A0,0.6372157401763424,-0.010895300732855981,0.563000800862471,-0.010894869635071724,1.1,0.2,1.078073235625366,0.21853626387456734,-0.21853626387456734,1.078073235625366
453,A0,0.6045751709400273,-0.13478155893807203,0.5402971546126663,-0.13397129579759343,1.1,0.2,1.078073235625366,0.21853626387456734,-0.21853626387456734,1.078073235625366
454,A0,0.553202315222415,-0.26250538989254607,0.5029164319503645,-0.25663741149703856,1.1,0.2,1.078073235625366,0.21853626387456734,-0.21853626387456734,1.078073235625366
455,A0,0.4860961639628909,-0.3865794026746916,0.451112519032002,-0.36840762061583626,1.1,0.2,1.078073235625366,0.21853626387456734,-0.21853626387456734,1.078073235625366
456,A0,0.405821908031636,-0.49575484008265525,0.3849193617571808,-0.4587720185982406,1.1,0.2,1.078073235625366,0.21853626387456734,-0.21853626387456734,1.078073235625366
457,A0,0.3147129388697616,-0.5787086737159831,0.30471854063770615,-0.521726233449056,1.1,0.2,1.078073235625366,0.21853626387456734,-0.21853626387456734,1.078073235625366
458,A0,0.2144928012370244,-0.6290511400093336,0.2112628273445448,-0.5573985057542551,1.1,0.2,1.078073235625366,0.21853626387456734,-0.21853626387456734,1.078073235625366
459,A0,0.10594501290589502,-0.6470849996146886,0.10555039671588046,-0.5697043369266537,1.1,0.2,1.078073235625366,0.21853626387456734,-0.21853626387456734,1.078073235625366
460,A0,-0.010709999596058367,-0.6372495872090881,-0.010709590121255065,-0.5630239189640267,1.1,0.2,1.078073235625366,0.21853626387456734,-0.21853626387456734,1.078073235625366
461,A0,-0.13458686619665847,-0.604640584239295,-0.1337800924767011,-0.5403434707581988,1.1,0.2,1.078073235625366,0.21853626387456734,-0.21853626387456734,1.078073235625366
462,A0,-0.26230938046713115,-0.5532940322786792,-0.25645430258491253,-0.502984948315324,1.1,0.2,1.078073235625366,0.21853626387456734,-0.21853626387456734,1.078073235625366
463,A0,-0.3863969711677365,-0.48621004555969427,-0.3682499388787361,-0.4512032207785517,1.1,0.2,1.078073235625366,0.21853626387456734,-0.21853626387456734,1.078073235625366
464,A0,-0.4956046692429585,-0.4059541503347228,-0.4586534463121847,-0.38503200492065953,1.1,0.2,1.078073235625366,0.21853626387456734,-0.21853626387456734,1.078073235625366
465,A0,-0.578605460723997,-0.31486028879387795,-0.5216511108091667,-0.3048522026195739,1.1,0.2,1.078073235625366,0.21853626387456734,-0.21853626387456734,1.078073235625366
466,A0,-0.6289993622920189,-0.21465331566335047,-0.5573628139860826,-0.2114161724924863,1.1,0.2,1.078073235625366,0.21853626387456734,-0.21853626387456734,1.078073235625366
467,A0,-0.647080032750404,-0.10611813015137125,-0.5697009821134055,-0.10572158215210539,1.1,0.2,1.078073235625366,0.21853626387456734,-0.21853626387456734,1.078073235625366
468,A0,-0.6372833807003769,0.01052471601058215,-0.5630469996168502,0.010524327421440242,1.1,0.2,1.078073235625366,0.21853626387456734,-0.21853626387456734,1.078073235625366
469,A0,-0.6047059534916177,0.13439218339806425,-0.5403897524453909,0.13358888896076104,1.1,0.2,1.078073235625366,0.21853626387456734,-0.21853626387456734,1.078073235625366
470,A0,-0.5533857122289538,0.26211336330104346,-0.5030534306430953,0.2562711680307166,1.1,0.2,1.078073235625366,0.21853626387456734,-0.21853626387456734,1.078073235625366
471,A0,-0.4863238960656381,0.3862145045783923,-0.45129388844568696,0.368092205624961,1.1,0.2,1.078073235625366,0.21853626387456734,-0.21853626387456734,1.078073235625366
472,A0,-0.4060863671559667,0.4954544354169254,-0.38514461491174296,0.4585348079481507,1.1,0.2,1.078073235625366,0.21853626387456734,-0.21853626387456734,1.078073235625366
473,A0,-0.3150076173961572,0.5785021692457399,-0.304985833255245,0.5215759229447097,1.1,0.2,1.078073235625366,0.21853626387456734,-0.21853626387456734,1.078073235625366
474,A0,-0.21481381055011423,0.6289475074075628,-0.21156948856820065,0.5573270669598085,1.1,0.2,1.078073235625366,0.21853626387456734,-0.21853626387456734,1.078073235625366
475,A0,-0.10629122813075656,0.6470749999605033,-0.10589274227223996,0.5696975827520676,1.1,0.2,1.078073235625366,0.21853626387456734,-0.21853626387456734,1.078073235625366
476,A0,0.010339449982332313,0.637317120633079,0.010339081554454578,0.5630700428134148,1.1,0.2,1.078073235625366,0.21853626387456734,-0.21853626387456734,1.078073235625366
477,A0,0.13419751056094173,0.6047712786847664,0.13339768528333523,0.540435999672146,1.1,0.2,1.078073235625366,0.21853626387456734,-0.21853626387456734,1.078073235625366
478,A0,0.26191733843000714,0.5534773550636441,0.25608800787694985,0.5031218789339041,1.1,0.2,1.078073235625366,0.21853626387456734,-0.21853626387456734,1.078073235625366
479,A0,0.3860320029525254,0.48643771547167824,0.36793442088817624,0.4513845220329242,1.1,0.2,1.078073235625366,0.21853626387456734,-0.21853626387456734,1.078073235625366
480,A0,0.49530413864074396,0.4062185584874892,0.4584161035161372,0.3852571917281665,1.1,0.2,1.078073235625366,0.21853626387456734,-0.21853626387456734,1.078073235625366
481,A0,0.5783987992914961,0.3151549246719729,0.5215006698449982,0.30511943254155344,1.1,0.2,1.078073235625366,0.21853626387456734,-0.21853626387456734,1.078073235625366
482,A0,0.6288955753437521,0.2149742858962379,0.5572912646578014,0.21172277556762129,1.1,0.2,1.078073235625366,0.21853626387456734,-0.21853626387456734,1.078073235625366
483,A0,0.6470699012250896,0.10646430684352,0.5696941388284344,0.10606387706794025,1.1,0.2,1.078073235625366,0.21853626387456734,-0.21853626387456734,1.078073235625366
484,A0,0.6373508069900558,-0.010154201517199757,0.5630930485461827,-0.010153852539104358,1.1,0.2,1.078073235625366,0.21853626387456734,-0.21853626387456734,1.078073235625366
485,A0,0.6048365598065053,-0.1340028477039182,0.5404822124363602,-0.13320648147796352,1.1,0.2,1.078073235625366,0.21853626387456734,-0.21853626387456734,1.078073235625366
486,A0,0.5535689607731523,-0.26172130588972087,0.5031902931879747,-0.2559048221661088,1.1,0.2,1.078073235625366,0.21853626387456734,-0.21853626387456734,1.078073235625366
487,A0,0.48655150376876943,-0.385849466335999,0.45147512153978164,-0.367776584702075,1.1,0.2,1.078073235625366,0.21853626387456734,-0.21853626387456734,1.078073235625366
488,A0,0.4063507243214079,-0.49515377895063256,0.38536973536766744,-0.4582973330261807,1.1,0.2,1.078073235625366,0.21853626387456734,-0.21853626387456734,1.078073235625366
489,A0,0.3153022106166924,-0.5782953508715912,0.3052530004753337,-0.5214253514993668,1.1,0.2,1.078073235625366,0.21853626387456734,-0.21853626387456734,1.078073235625366
490,A0,0.21513474170063973,-0.6288435660883971,0.21187603348668468,-0.5572554070624304,1.1,0.2,1.078073235625366,0.21853626387456734,-0.21853626387456734,1.078073235625366
491,A0,0.10663736628913383,-0.6470647365242675,0.10623498653087339,-0.5696906503282917,1.1,0.2,1.078073235625366,0.21853626387456734,-0.21853626387456734,1.078073235625366
492,A0,-0.009968970621061585,-0.6373844397541625,-0.009968640394175103,-0.5631160168076077,1.1,0.2,1.078073235625366,0.21853626387456734,-0.21853626387456734,1.078073235625366
493,A0,-0.13380819484559672,-0.6049017968445936,-0.13301527757816434,-0.5405283907359251,1.1,0.2,1.078073235625366,0.21853626387456734,-0.21853626387456734,1.078073235625366
494,A0,-0.2615252657158592,-0.5536605293478802,-0.25572161094068835,-0.5032586734055317,1.1,0.2,1.078073235625366,0.21853626387456734,-0.21853626387456734,1.078073235625366
495,A0,-0.38566689477467486,-0.4866652609478671,-0.36761869710037987,-0.4515656869657812,1.1,0.2,1.078073235625366,0.21853626387456734,-0.21853626387456734,1.078073235625366
496,A0,-0.4950033563828421,-0.4064828646498376,-0.4581784964883577,-0.3854822458279859,1.1,0.2,1.078073235625366,0.21853626387456734,-0.21853626387456734,1.078073235625366
497,A0,-0.5781918239963947,-0.31544947522567723,-0.5213499678971721,-0.30538653705342134,1.1,0.2,1.078073235625366,0.21853626387456734,-0.21853626387456734,1.078073235625366
498,A0,-0.6287914796293318,-0.21529517796223405,-0.5572194941560651,-0.21202926232133035,1.1,0.2,1.078073235625366,0.21853626387456734,-0.21853626387456734,1.078073235625366
499,A0,-0.6470595058381429,-0.10681040646707332,-0.5696871172374147,-0.10640607065271747,1.1,0.2,1.078073235625366,0.21853626387456734,-0.21853626387456734,1.078073235625366
500,A0,-0.637418018908245,0.00978375729978083,-0.5631389475901316,0.009783445138431298,1.1,0.2,1.078073235625366,0.21853626387456734,-0.21853626387456734,1.078073235625366
501,A0,-0.604966989786782,0.13361355200455505,-0.5405745345687242,0.13282407361743376,1.1,0.2,1.078073235625366,0.21853626387456734,-0.21853626387456734,1.078073235625366
502,A0,-0.5537520607782263,0.26132921794407077,-0.503327019586797,0.2555383742431803,1.1,0.2,1.078073235625366,0.21853626387456734,-0.21853626387456734,1.078073235625366
503,A0,-0.48677898699992467,0.38548428831441084,-0.45165621831044633,0.3674607581168405,1.1,0.2,1.078073235625366,0.21853626387456734,-0.21853626387456734,1.078073235625366
504,A0,-0.4066149794648891,0.49485287097365305,-0.3855947231068637,0.4580595939127823,1.1,0.2,1.078073235625366,0.21853626387456734,-0.21853626387456734,1.078073235625366
505,A0,-0.31559671849428267,0.5780882186763167,-0.3055200422726523,0.5212745190277924,1.1,0.2,1.078073235625366,0.21853626387456734,-0.21853626387456734,1.078073235625366
506,A0,-0.21545559467993103,0.6287393159544139,-0.21218246206750063,0.5571835259210763,1.1,0.2,1.078073235625366,0.21853626387456734,-0.21853626387456734,1.078073235625366
507,A0,-0.10698342737681672,0.6470542091468234,-0.10657712942516145,0.5696835395415706,1.1,0.2,1.078073235625366,0.21853626387456734,-0.21853626387456734,1.078073235625366
508,A0,0.009598561559206978,0.6374515444351432,0.009598266790616906,0.563161840886188,1.1,0.2,1.078073235625366,0.21853626387456734,-0.21853626387456734,1.078073235625366
509,A0,0.13341891919934695,0.6050321386208175,0.13263286962924664,0.5406206439326365,1.1,0.2,1.078073235625366,0.21853626387456734,-0.21853626387456734,1.078073235625366
510,A0,0.26113316260998043,0.5538435550545882,0.25535511211607526,0.5033953317319931,1.1,0.2,1.078073235625366,0.21853626387456734,-0.21853626387456734,1.078073235625366
511,A0,0.3853016470010635,0.4868926819158959,0.3673027677852364,0.45174671557330376,1.1,0.2,1.078073235625366,0.21853626387456734,-0.21853626387456734,1.078073235625366
512,A0,0.49470232275937887,0.4067470687586701,0.45794062530960883,0.3857071672020454,1.1,0.2,1.078073235625366,0.21853626387456734,-0.21853626387456734,1.078073235625366
513,A0,0.5779845349218113,0.3157439404178581,0.5211990048806284,0.30565351612986325,1.1,0.2,1.078073235625366,0.21853626387456734,-0.21853626387456734,1.078073235625366
514,A0,0.6286870750515251,0.21561599185263672,0.5571475023398358,0.2123356327211408,1.1,0.2,1.078073235625366,0.21853626387456734,-0.21853626387456734,1.078073235625366
515,A0,0.6470488464304184,0.10715642901784511,0.5696799172265162,0.10674816283990501,1.1,0.2,1.078073235625366,0.21853626387456734,-0.21853626387456734,1.078073235625366
516,A0,0.6374850163176877,-0.00941338340517578,0.5631846966881991,-0.009413105369455173,1.1,0.2,1.078073235625366,0.21853626387456734,-0.21853626387456734,1.078073235625366
517,A0,0.6050972433344388,-0.1332242964485015,0.5406667188255335,-0.1324416656470559,1.1,0.2,1.078073235625366,0.21853626387456734,-0.21853626387456734,1.078073235625366
518,A0,0.5539350121673606,-0.2609370997491877,0.5034636098413404,-0.25517182460186105,1.1,0.2,1.078073235625366,0.21853626387456734,-0.21853626387456734,1.078073235625366
519,A0,0.4870063456867336,-0.3851189708804861,0.45183717875388235,-0.36714472613937466,1.1,0.2,1.078073235625366,0.21853626387456734,-0.21853626387456734,1.078073235625366
520,A0,0.40687913252328467,-0.494551711776363,0.38581957811127765,-0.4578215906890297,1.1,0.2,1.078073235625366,0.21853626387456734,-0.21853626387456734,1.078073235625366
521,A0,0.31589114099174675,-0.5778807727433746,0.3057869586218917,-0.5211234254451027,1.1,0.2,1.078073235625366,0.21853626387456734,-0.21853626387456734,1.078073235625366
522,A0,0.21577636947925327,-0.6286347569085712,0.21248877427819915,-0.557111423394716,1.1,0.2,1.078073235625366,0.21853626387456734,-0.21853626387456734,1.078073235625366
523,A0,0.10732941138964273,-0.6470434176690386,0.10691917088865892,-0.569676250278,1.1,0.2,1.078073235625366,0.21853626387456734,-0.21853626387456734,1.078073235625366
524,A0,-0.009228222843509104,-0.637518434538703,-0.00922796089364847,-0.5632075149885778,1.1,0.2,1.078073235625366,0.21853626387456734,-0.21853626387456734,1.078073235625366
525,A0,-0.13302968377052313,-0.6051623039153793,-0.13225046170429258,-0.5407127592452813,1.1,0.2,1.078073235625366,0.21853626387456734,-0.21853626387456734,1.078073235625366
526,A0,-0.26074102939726745,-0.5540264321069372,-0.25498851174302334,-0.503531853915059,1.1,0.2,1.078073235625366,0.21853626387456734,-0.21853626387456734,1.078073235625366
527,A0,-0.3849362599985292,-0.48711997830339016,-0.36698663321309083,-0.4519276078517138,1.1,0.2,1.078073235625366,0.21853626387456734,-0.21853626387456734,1.078073235625366
528,A0,-0.49440103806098035,-0.40701117075083354,-0.45770249006127656,-0.3859319558323094,1.1,0.2,1.078073235625366,0.21853626387456734,-0.21853626387456734,1.078073235625366
529,A0,-0.5777769321515448,-0.3160383202112859,-0.5210477807106594,-0.3059203697455758,1.1,0.2,1.078073235625366,0.21853626387456734,-0.21853626387456734,1.078073235625366
530,A0,-0.6285823615134811,-0.21593672755867888,-0.5570752890680902,-0.212641886734627,1.1,0.2,1.078073235625366,0.21853626387456734,-0.21853626387456734,1.078073235625366
531,A0,-0.6470379228427965,-0.10750237449169688,-0.5696725386817604,-0.10709015356314486,1.1,0.2,1.078073235625366,0.21853626387456734,-0.21853626387456734,1.078073235625366
532,A0,-0.6375517990810052,0.009043079880014973,-0.5632302957797267,0.009042833381878335,1.1,0.2,1.078073235625366,0.21853626387456734,-0.21853626387456734,1.078073235625366
533,A0,-0.605227320351366,0.13283508118389162,-0.5407587651897393,0.13205925783436592,1.1,0.2,1.078073235625366,0.21853626387456734,-0.21853626387456734,1.078073235625366
534,A0,-0.5541178148637093,0.2605449515897694,-0.5036000639533675,0.25480517358204535,1.1,0.2,1.078073235625366,0.21853626387456734,-0.21853626387456734,1.078073235625366
535,A0,-0.48723357975681736,0.3847535144010408,-0.45201800286633226,0.36682848904024884,1.1,0.2,1.078073235625366,0.21853626387456734,-0.21853626387456734,1.078073235625366
536,A0,-0.40714318343341405,0.4942503016496369,-0.38604430036289206,0.4575833234366199,1.1,0.2,1.078073235625366,0.21853626387456734,-0.21853626387456734,1.078073235625366
537,A0,-0.316185478071807,0.5776730131569029,-0.3060537494977546,0.5209720706667652,1.1,0.2,1.078073235625366,0.21853626387456734,-0.21853626387456734,1.078073235625366
538,A0,-0.21609706608980755,0.6285298888542084,-0.21279497008637857,0.557039099342333,1.1,0.2,1.078073235625366,0.21853626387456734,-0.21853626387456734,1.078073235625366
539,A0,-0.10767531832349768,0.647032361931806,-0.1072611108550953,0.5696687824235267,1.1,0.2,1.078073235625366,0.21853626387456734,-0.21853626387456734,1.078073235625366
540,A0,0.008857954520487668,0.6375851099274024,0.008857722852805557,0.563253039054038,1.1,0.2,1.078073235625366,0.21853626387456734,-0.21853626387456734,1.078073235625366
541,A0,0.13264048870706208,0.6052922926301189,0.1318680540706631,0.5408047366567607,1.1,0.2,1.078073235625366,0.21853626387456734,-0.21853626387456734,1.078073235625366
542,A0,0.2603488663622182,0.5542091604280658,0.25462181016140767,0.5036682399564838,1.1,0.2,1.078073235625366,0.21853626387456734,-0.21853626387456734,1.078073235625366
543,A0,0.3845707341338655,0.4873471500379663,0.36667029365474046,0.4521083637972744,1.1,0.2,1.078073235625366,0.21853626387456734,-0.21853626387456734,1.078073235625366
544,A0,0.4940995025787692,0.40727517056312024,0.45746409082536876,0.3861566117007793,1.1,0.2,1.078073235625366,0.21853626387456734,-0.21853626387456734,1.078073235625366
545,A0,0.5775690157700719,0.3163326145686354,0.5208962953029084,0.3061870978752677,1.1,0.2,1.078073235625366,0.21853626387456734,-0.21853626387456734,1.078073235625366
546,A0,0.62847733891873,0.21625738507152953,0.5570028541998194,0.21294802432941112,1.1,0.2,1.078073235625366,0.21853626387456734,-0.21853626387456734,1.078073235625366
547,A0,0.6470267349161833,0.10784824288453851,0.5696649814890193,0.1074320427562538,1.1,0.2,1.078073235625366,0.21853626387456734,-0.21853626387456734,1.078073235625366
548,A0,0.6376183670606957,-0.008672846770707662,0.5632757448038944,-0.008672629325070121,1.1,0.2,1.078073235625366,0.21853626387456734,-0.21853626387456734,1.078073235625366
549,A0,0.6053572207393525,-0.13244590635846512,0.5408506736441927,-0.1316768504465496,1.1,0.2,1.078073235625366,0.21853626387456734,-0.21853626387456734,1.078073235625366
550,A0,0.5543004687903945,-0.2601527737501139,0.5037363819246248,-0.2544384215235888,1.1,0.2,1.078073235625366,0.21853626387456734,-0.21853626387456734,1.078073235625366
551,A0,0.48746068913778795,-0.38438791924284577,0.4521986906440798,-0.3665120470904861,1.1,0.2,1.078073235625366,0.21853626387456734,-0.21853626387456734,1.078073235625366
552,A0,0.4074071321320427,-0.4939486408848453,0.38626888984372715,-0.4573447922378717,1.1,0.2,1.078073235625366,0.21853626387456734,-0.21853626387456734,1.078073235625366
553,A0,0.31647972969709026,-0.577464940001718,0.30632041487495554,-0.5208204546085997,1.1,0.2,1.078073235625366,0.21853626387456734,-0.21853626387456734,1.078073235625366
554,A0,0.21641768450273074,-0.6284247116950473,0.21310104945968478,-0.5569665536229259,1.1,0.2,1.078073235625366,0.21853626387456734,-0.21853626387456734,1.078073235625366
555,A0,0.10802114817431539,-0.6470210417760455,0.10760294925837449,-0.5696611358639488,1.1,0.2,1.078073235625366,0.21853626387456734,-0.21853626387456734,1.078073235625366
556,A0,-0.008487756636441815,-0.6376515704636784,-0.008487552817291376,-0.5632984130216682,1.1,0.2,1.078073235625366,0.21853626387456734,-0.21853626387456734,1.078073235625366
557,A0,-0.1322513341565068,-0.6054221046667746,-0.13148564699536885,-0.540896576149876,1.1,0.2,1.078073235625366,0.21853626387456734,-0.21853626387456734,1.078073235625366
558,A0,-0.2599566737889313,-0.5543917399410808,-0.25425500771106435,-0.5038044898580061,1.1,0.2,1.078073235625366,0.21853626387456734,-0.21853626387456734,1.078073235625366
559,A0,-0.3842050697738205,-0.48757419704723215,-0.3663537493814341,-0.4522889834062901,1.1,0.2,1.078073235625366,0.21853626387456734,-0.21853626387456734,1.078073235625366
560,A0,-0.4937977166043639,-0.4075390681322684,-0.45722542768451596,-0.38638113478949376,1.1,0.2,1.078073235625366,0.21853626387456734,-0.21853626387456734,1.078073235625366
561,A0,-0.5773607858625495,-0.3166268234524849,-0.520744548573372,-0.30645370049365916,1.1,0.2,1.078073235625366,0.21853626387456734,-0.21853626387456734,1.078073235625366
562,A0,-0.6283720071711857,-0.21657796438229307,-0.55693019759403,-0.21325404547316248,1.1,0.2,1.078073235625366,0.21853626387456734,-0.21853626387456734,1.078073235625366
563,A0,-0.6470152824915123,-0.10819403419232733,-0.5696572455340172,-0.10777383035322237,1.1,0.2,1.078073235625366,0.21853626387456734,-0.21853626387456734,1.078073235625366
564,A0,-0.6376847201191361,0.008302684123443468,-0.5633210436997216,0.00830249334806814,1.1,0.2,1.078073235625366,0.21853626387456734,-0.21853626387456734,1.078073235625366
565,A0,-0.6054869444000868,0.13205677211956893,-0.540942444171645,0.13129444375044286,1.1,0.2,1.078073235625366,0.21853626387456734,-0.21853626387456734,1.078073235625366
566,A0,-0.5544829738705079,0.2597605665141206,-0.5038725637568424,0.2540715687663078,1.1,0.2,1.078073235625366,0.21853626387456734,-0.21853626387456734,1.078073235625366
567,A0,-0.4876876737572485,0.38402218577262626,-0.4523792420834498,0.36619540056156114,1.1,0.2,1.078073235625366,0.21853626387456734,-0.21853626387456734,1.078073235625366
568,A0,-0.40767097855588125,0.4936467297738547,-0.3864933465358398,0.4571059971757278,1.1,0.2,1.078073235625366,0.21853626387456734,-0.21853626387456734,1.078073235625366
569,A0,-0.31677389583012655,0.5772565533633172,-0.3065869547282204,0.5206685771867804,1.1,0.2,1.078073235625366,0.21853626387456734,-0.21853626387456734,1.078073235625366
570,A0,-0.21673822470909437,0.6283192253351944,-0.21340701236581014,0.5568937860955098,1.1,0.2,1.078073235625366,0.21853626387456734,-0.21853626387456734,1.078073235625366
571,A0,-0.10836690093807624,0.6470094570427044,-0.10794468603257325,0.5696533104849166,1.1,0.2,1.078073235625366,0.21853626387456734,-0.21853626387456734,1.078073235625366
572,A0,0.0081176292374521,0.6377178160098471,0.00811745093597834,0.563343636830407,1.1,0.2,1.078073235625366,0.21853626387456734,-0.21853626387456734,1.078073235625366
573,A0,0.13186222026600858,0.6055517399269841,0.13110324074507143,0.5409882777073283,1.1,0.2,1.078073235625366,0.21853626387456734,-0.21853626387456734,1.078073235625366
574,A0,0.2595644519611069,0.5545741705690576,0.25388810473178997,0.5039406036213475,1.1,0.2,1.078073235625366,0.21853626387456734,-0.21853626387456734,1.078073235625366
575,A0,0.3838392672850961,0.4878011192587859,0.36603700066487166,0.4524694666751058,1.1,0.2,1.078073235625366,0.21853626387456734,-0.21853626387456734,1.078073235625366
576,A0,0.4934956804298781,0.4078028633949614,0.45698650072197233,0.3866055250805281,1.1,0.2,1.078073235625366,0.21853626387456734,-0.21853626387456734,1.078073235625366
577,A0,0.5771522425148142,0.3169209468253164,0.520592540438402,0.30672017757548176,1.1,0.2,1.078073235625366,0.21853626387456734,-0.21853626387456734,1.078073235625366
578,A0,0.6282663661751468,0.21689846548200842,0.5568573191097448,0.21355995013359663,1.1,0.2,1.078073235625366,0.21853626387456734,-0.21853626387456734,1.078073235625366
579,A0,0.6470035654097446,0.10853974841106699,0.5696493307023299,0.10811551628821375,1.1,0.2,1.078073235625366,0.21853626387456734,-0.21853626387456734,1.078073235625366
580,A0,0.6377508581185811,-0.007932591984193493,0.5633661924060661,-0.007932425599579178,1.1,0.2,1.078073235625366,0.21853626387456734,-0.21853626387456734,1.078073235625366
581,A0,0.6056164912351552,-0.13166767861415815,0.5410340767547474,-0.13091203801253232,1.1,0.2,1.078073235625366,0.21853626387456734,-0.21853626387456734,1.078073235625366
582,A0,0.5546653300271088,-0.25936833016529004,0.5040086094517339,-0.25370461564997865,1.1,0.2,1.078073235625366,0.21853626387456734,-0.21853626387456734,1.078073235625366
583,A0,0.4879145335427927,-0.3836563143570602,0.4525596571808076,-0.36587854972539846,1.1,0.2,1.078073235625366,0.21853626387456734,-0.21853626387456734,1.078073235625366
584,A0,0.4079347226415859,-0.49334456860902537,0.38671767042132393,-0.4568669383337537,1.1,0.2,1.078073235625366,0.21853626387456734,-0.21853626387456734,1.078073235625366
585,A0,0.31706797643334966,-0.5770478533278768,0.3068533690322865,-0.5205164383178361,1.1,0.2,1.078073235625366,0.21853626387456734,-0.21853626387456734,1.078073235625366
586,A0,0.21705868669990497,-0.6282134296791405,0.2137128587724937,-0.5568207966191157,1.1,0.2,1.078073235625366,0.21853626387456734,-0.21853626387456734,1.078073235625366
587,A0,0.1087125766108073,-0.6469976075727577,0.1082863211119413,-0.5696453061719312,1.1,0.2,1.078073235625366,0.21853626387456734,-0.21853626387456734,1.078073235625366
588,A0,-0.0077475723693799375,-0.6377838464281015,-0.007747417357407328,-0.5633887104190313,1.1,0.2,1.078073235625366,0.21853626387456734,-0.21853626387456734,1.078073235625366
589,A0,-0.13147314718232586,-0.6056811983122825,-0.13072083558608164,-0.541079841311718,1.1,0.2,1.078073235625366,0.21853626387456734,-0.21853626387456734,1.078073235625366
590,A0,-0.25917220116204515,-0.5547564522350396,-0.25352110156333935,-0.5040765812482133,1.1,0.2,1.078073235625366,0.21853626387456734,-0.21853626387456734,1.078073235625366
591,A0,-0.3834733270343456,-0.48802791660021705,-0.36572004777720213,-0.45264981360010753,1.1,0.2,1.078073235625366,0.21853626387456734,-0.21853626387456734,1.078073235625366
592,A0,-0.49319339434791853,-0.4080665562878287,-0.4567473100216151,-0.3868297825559951,1.1,0.2,1.078073235625366,0.21853626387456734,-0.21853626387456734,1.078073235625366
593,A0,-0.5769433858133832,-0.3172149846495159,-0.5204402708147049,-0.30698652909547886,1.1,0.2,1.078073235625366,0.21853626387456734,-0.21853626387456734,1.078073235625366
594,A0,-0.6281604158352978,-0.2172188883616498,-0.5567842186060044,-0.2138657382784762,1.1,0.2,1.078073235625366,0.21853626387456734,-0.21853626387456734,1.078073235625366
595,A0,-0.6469915835118704,-0.10888538553680795,-0.5696412368793852,-0.1084571004955642,1.1,0.2,1.078073235625366,0.21853626387456734,-0.21853626387456734,1.078073235625366
596,A0,-0.6378167809211633,0.007562570398709861,-0.5634111908616244,0.0075624262279785585,1.1,0.2,1.078073235625366,0.21853626387456734,-0.21853626387456734,1.078073235625366
597,A0,-0.6057458611460426,0.13127862598879514,-0.5411255713760499,0.13052963349895327,1.1,0.2,1.078073235625366,0.21853626387456734,-0.21853626387456734,1.078073235625366
598,A0,-0.5548475371832252,0.2589760649867222,-0.5041445190109962,0.2533375625143347,1.1,0.2,1.078073235625366,0.21853626387456734,-0.21853626387456734,1.078073235625366
599,A0,-0.48814126842200617,0.3832903053627761,-0.45273993593256007,0.3655614948543713,1.1,0.2,1.078073235625366,0.21853626387456734,-0.21853626387456734,1.078073235625366
600,A0,-0.40819836432575973,0.49304215768321025,-0.3869418614823113,0.4566276157961386,1.1,0.2,1.078073235625366,0.21853626387456734,-0.21853626387456734,1.078073235625366
601,A0,-0.317361971469098,0.5768388399822543,-0.3071196577619033,0.520364037918652,1.1,0.2,1.078073235625366,0.21853626387456734,-0.21853626387456734,1.078073235625366
602,A0,-0.21737907046610422,0.6281073246317639,-0.21401858864752135,0.556747585052793,1.1,0.2,1.078073235625366,0.21853626387456734,-0.21853626387456734,1.078073235625366
603,A0,-0.10905817518858225,0.6469854932072104,-0.10862785443090126,0.5696371228103468,1.1,0.2,1.078073235625366,0.21853626387456734,-0.21853626387456734,1.078073235625366
604,A0,0.007377586077868328,0.6378496615805141,0.0073774522297882245,0.5634336337261573,1.1,0.2,1.078073235625366,0.21853626387456734,-0.21853626387456734,1.078073235625366
605,A0,0.1310841150518252,0.6058104797241047,0.13033843178435947,0.5411712669455457,1.1,0.2,1.078073235625366,0.21853626387456734,-0.21853626387456734,1.078073235625366
606,A0,0.25877992167464614,0.5549385848620391,0.25315399854542453,0.5042124227402919,1.1,0.2,1.078073235625366,0.21853626387456734,-0.21853626387456734,1.078073235625366
607,A0,0.3831072493881723,0.48825458899910656,0.36540289099102247,0.4528300241777223,1.1,0.2,1.078073235625366,0.21853626387456734,-0.21853626387456734,1.078073235625366
608,A0,0.4928908586515839,0.4083301467474459,0.45650785566794533,0.3870539071980448,1.1,0.2,1.078073235625366,0.21853626387456734,-0.21853626387456734,1.078073235625366
609,A0,0.5767342158454536,0.31750893688737325,0.5202877396193443,0.3072527550284054,1.1,0.2,1.078073235625366,0.21853626387456734,-0.21853626387456734,1.078073235625366
610,A0,0.6280541560567098,0.21753923301212574,0.5567108959418661,0.21417140987560973,1.1,0.2,1.078073235625366,0.21853626387456734,-0.21853626387456734,1.078073235625366
611,A0,0.6469793366389083,0.1092309455656466,0.5696329639504625,0.10879858290978213,1.1,0.2,1.078073235625366,0.21853626387456734,-0.21853626387456734,1.078073235625366
612,A0,0.6378824883888937,-0.0071926194125267184,0.5634560390049315,-0.007192495381310941,1.1,0.2,1.078073235625366,0.21853626387456734,-0.21853626387456734,1.078073235625366
613,A0,0.6058750540341321,-0.1308896143896506,0.5412169280180021,-0.13014723047549023,1.1,0.2,1.078073235625366,0.21853626387456734,-0.21853626387456734,1.078073235625366
614,A0,0.5550295952618525,-0.2585837712611168,0.5042802924363087,-0.2529704096990658,1.1,0.2,1.078073235625366,0.21853626387456734,-0.21853626387456734,1.078073235625366
615,A0,0.4883678783224646,-0.3829241591563515,0.45292007833515396,-0.3652442362213,1.1,0.2,1.078073235625366,0.21853626387456734,-0.21853626387456734,1.078073235625366
616,A0,0.4084619035449508,-0.4927394972897533,0.38716591970097025,-0.4563880296476953,1.1,0.2,1.078073235625366,0.21853626387456734,-0.21853626387456734,1.078073235625366
617,A0,0.317655880899613,-0.5766295134139872,0.3073858208918314,-0.5202113759064703,1.1,0.2,1.078073235625366,0.21853626387456734,-0.21853626387456734,1.078073235625366
618,A0,0.21769937599856776,-0.6280009100983297,0.21432420195872465,-0.5566741512556088,1.1,0.2,1.078073235625366,0.21853626387456734,-0.21853626387456734,1.078073235625366
619,A0,0.10940369666752014,-0.6469731137870965,0.10896928592404724,-0.5696287602853694,1.1,0.2,1.078073235625366,0.21853626387456734,-0.21853626387456734,1.078073235625366
620,A0,-0.007007670408342895,-0.6379152613290349,-0.007007555701000749,-0.5634784066902389,1.1,0.2,1.078073235625366,0.21853626387456734,-0.21853626387456734,1.078073235625366
621,A0,-0.13069512402048167,-0.605939584063782,-0.12995602960551383,-0.5412625545912098,1.1,0.2,1.078073235625366,0.21853626387456734,-0.21853626387456734,1.078073235625366
622,A0,-0.2583876137814092,-0.5551205683730351,-0.25278679601771287,-0.504348128099254,1.1,0.2,1.078073235625366,0.21853626387456734,-0.21853626387456734,1.078073235625366
623,A0,-0.38274103471312776,-0.4884811363830259,-0.36508553057937626,-0.4530100984044174,1.1,0.2,1.078073235625366,0.21853626387456734,-0.21853626387456734,1.078073235625366
624,A0,-0.4925880736344631,-0.4085936347103347,-0.45626813774608777,-0.38727789898886456,1.1,0.2,1.078073235625366,0.21853626387456734,-0.21853626387456734,1.078073235625366
625,A0,-0.5765247326989036,-0.31780280350108236,-0.5201349467697414,-0.3075188553490282,1.1,0.2,1.078073235625366,0.21853626387456734,-0.21853626387456734,1.078073235625366
626,A0,-0.6279475867448426,-0.21785949942427946,-0.5566373509764072,-0.2144769648928522,1.1,0.2,1.078073235625366,0.21853626387456734,-0.21853626387456734,1.078073235625366
627,A0,-0.6469668246319085,-0.10957642849372491,-0.5696245118006946,-0.10913996346554768,1.1,0.2,1.078073235625366,0.21853626387456734,-0.21853626387456734,1.078073235625366
628,A0,-0.6379479803836619,0.006822739070960981,-0.5635007367743606,0.006822633207290881,1.1,0.2,1.078073235625366,0.21853626387456734,-0.21853626387456734,1.078073235625366
629,A0,-0.6060040698007046,0.13050064396250394,-0.5413081466629526,0.12976482920757626,1.1,0.2,1.078073235625366,0.21853626387456734,-0.21853626387456734,1.078073235625366
630,A0,-0.5552115041859543,0.25819144927077275,-0.5044159297293338,0.2526031575438168,1.1,0.2,1.078073235625366,0.21853626387456734,-0.21853626387456734,1.078073235625366
631,A0,-0.4885943631717356,0.3825578761043115,-0.45310008438507726,0.36492677409945107,1.1,0.2,1.078073235625366,0.21853626387456734,-0.21853626387456734,1.078073235625366
632,A0,-0.4087253402356543,0.4924365877224882,-0.3873898450595069,0.4561481799738607,1.1,0.2,1.078073235625366,0.21853626387456734,-0.21853626387456734,1.078073235625366
633,A0,-0.31794970468704054,0.576419873711294,-0.30765185839684334,0.5200584521988914,1.1,0.2,1.078073235625366,0.21853626387456734,-0.21853626387456734,1.078073235625366
634,A0,-0.21801960328810582,0.6278941859844921,-0.2146296986739813,0.5566004950866493,1.1,0.2,1.078073235625366,0.21853626387456734,-0.21853626387456734,1.078073235625366
635,A0,-0.1097491410437855,0.6469604691534807,-0.10931061552614503,0.5696202184820571,1.1,0.2,1.078073235625366,0.21853626387456734,-0.21853626387456734,1.078073235625366
636,A0,0.006637825406012002,0.6379806455354922,0.006637727918594397,0.5635230292495684,1.1,0.2,1.078073235625366,0.21853626387456734,-0.21853626387456734,1.078073235625366
637,A0,0.1303061742338791,0.6060685112325445,0.12957362931480204,0.5413537042310084,1.1,0.2,1.078073235625366,0.21853626387456734,-0.21853626387456734,1.078073235625366
638,A0,0.25799527776443254,0.5553024026909755,0.2524194943198262,0.5044836973267534,1.1,0.2,1.078073235625366,0.21853626387456734,-0.21853626387456734,1.078073235625366
639,A0,0.38237468337571046,0.4887075586795384,0.36476796681575263,0.4531900362767012,1.1,0.2,1.078073235625366,0.21853626387456734,-0.21853626387456734,1.078073235625366
640,A0,0.49228503959063447,0.4088570201129635,0.45602815634179156,0.3875017579106792,1.1,0.2,1.078073235625366,0.21853626387456734,-0.21853626387456734,1.078073235625366
641,A0,0.5763149364622924,0.3180965844527409,0.5199818921836765,0.3077848300321254,1.1,0.2,1.078073235625366,0.21853626387456734,-0.21853626387456734,1.078073235625366
642,A0,0.6278407078055458,0.21817968758888798,0.556563583568724,0.21478240329810397,1.1,0.2,1.078073235625366,0.21853626387456734,-0.21853626387456734,1.078073235625366
643,A0,0.6469540473319513,0.10992183431722974,0.5696158803150664,0.10948124209771198,1.1,0.2,1.078073235625366,0.21853626387456734,-0.21853626387456734,1.078073235625366
644,A0,0.6380132567672357,-0.006452929419112935,0.5635452841081238,-0.0064528398533032355,1.1,0.2,1.078073235625366,0.21853626387456734,-0.21853626387456734,1.078073235625366
645,A0,0.6061329083469393,-0.1301117148527439,0.5413992272931486,-0.12938242996029314,1.1,0.2,1.078073235625366,0.21853626387456734,-0.21853626387456734,1.078073235625366
646,A0,0.5553932638784622,-0.25779909929758793,0.5045514308917165,-0.25223580638818627,1.1,0.2,1.078073235625366,0.21853626387456734,-0.21853626387456734,1.078073235625366
647,A0,0.48882072289737805,-0.382191456573128,0.45327995407885857,-0.3646091087625363,1.1,0.2,1.078073235625366,0.21853626387456734,-0.21853626387456734,1.078073235625366
648,A0,0.4089886743343119,-0.4921334292757377,0.387613637540165,-0.45590806686069635,1.1,0.2,1.078073235625366,0.21853626387456734,-0.21853626387456734,1.078073235625366
649,A0,0.3182434427934305,-0.576209920963075,0.30791777025172334,-0.5199052667138757,1.1,0.2,1.078073235625366,0.21853626387456734,-0.21853626387456734,1.078073235625366
650,A0,0.21833975232546254,-0.6277871521962959,0.21493507876121465,-0.5565266164050215,1.1,0.2,1.078073235625366,0.21853626387456734,-0.21853626387456734,1.078073235625366
651,A0,0.11009450831358764,-0.6469475591474602,0.1096518431721313,-0.5696114972853222,1.1,0.2,1.078073235625366,0.21853626387456734,-0.21853626387456734,1.078073235625366
652,A0,-0.006268051115867798,-0.6380458140615942,-0.006267969029789287,-0.5635675013422774,1.1,0.2,1.078073235625366,0.21853626387456734,-0.21853626387456734,1.078073235625366
653,A0,-0.12991726583721105,-0.6061972611315201,-0.1291912311771299,-0.541444715847138,1.1,0.2,1.078073235625366,0.21853626387456734,-0.21853626387456734,1.078073235625366
654,A0,-0.2576029139054134,-0.5554840877387754,-0.2520520937913393,-0.504619130424426,1.1,0.2,1.078073235625366,0.21853626387456734,-0.21853626387456734,1.078073235625366
655,A0,-0.38200819574236444,-0.4889338558161981,-0.3644501999740854,-0.45336983779112205,1.1,0.2,1.078073235625366,0.21853626387456734,-0.21853626387456734,1.078073235625366
656,A0,-0.4919817568146644,-0.4091203028917467,-0.45578791154143045,-0.3877254839457509,1.1,0.2,1.078073235625366,0.21853626387456734,-0.21853626387456734,1.078073235625366
657,A0,-0.5761048272248609,-0.3183902797043505,-0.5198285757792903,-0.308050679052487,1.1,0.2,1.078073235625366,0.21853626387456734,-0.21853626387456734,1.078073235625366
658,A0,-0.6277335191450593,-0.21849979749666226,-0.5564895935779334,-0.21508772505931095,1.1,0.2,1.078073235625366,0.21853626387456734,-0.21853626387456734,1.078073235625366
659,A0,-0.6469410045801495,-0.11026716303239249,-0.5696070693784157,-0.10982241874129688,1.1,0.2,1.078073235625366,0.21853626387456734,-0.21853626387456734,1.078073235625366
660,A0,-0.6380783174012621,0.006083190501866689,-0.5635896809442705,0.006083115466403434,1.1,0.2,1.078073235625366,0.21853626387456734,-0.21853626387456734,1.078073235625366
661,A0,-0.606261569573912,0.1297228272053686,-0.5414901698907355,0.12900003299837032,1.1,0.2,1.078073235625366,0.21853626387456734,-0.21853626387456734,1.078073235625366
662,A0,-0.5555748742622746,0.2574067216230581,-0.5046867959250835,0.25186835657172446,1.1,0.2,1.078073235625366,0.21853626387456734,-0.21853626387456734,1.078073235625366
663,A0,-0.4890469574269415,0.38182490092921634,-0.45345968741306647,0.36429124048471057,1.1,0.2,1.078073235625366,0.21853626387456734,-0.21853626387456734,1.078073235625366
664,A0,-0.4092519057773114,0.49183002224431094,-0.3878372971252254,0.45566769039488786,1.1,0.2,1.078073235625366,0.21853626387456734,-0.21853626387456734,1.078073235625366
665,A0,-0.31853709518073636,0.5759996552589115,-0.30818355643126716,0.5197518193697442,1.1,0.2,1.078073235625366,0.21853626387456734,-0.21853626387456734,1.078073235625366
666,A0,-0.21865982310131588,0.6276798086401769,-0.21524034218839339,0.5564525150698524,1.1,0.2,1.078073235625366,0.21853626387456734,-0.21853626387456734,1.078073235625366
667,A0,-0.11043979847318029,0.6469343836101634,-0.10999296879711319,0.5696025965799286,1.1,0.2,1.078073235625366,0.21853626387456734,-0.21853626387456734,1.078073235625366
668,A0,0.005898347582686286,0.6381107667689266,0.005898279181476043,0.5636118229063344,1.1,0.2,1.078073235625366,0.21853626387456734,-0.21853626387456734,1.078073235625366
669,A0,0.12952839897528023,0.6063258336617338,0.1288088354570504,0.5415355894216936,1.1,0.2,1.078073235625366,0.21853626387456734,-0.21853626387456734,1.078073235625366
670,A0,0.2572105224856463,0.5556656234393171,0.2516845947717778,0.5047544273938898,1.1,0.2,1.078073235625366,0.21853626387456734,-0.21853626387456734,1.078073235625366
671,A0,0.3816415721794768,0.48916002772055084,0.36413223032875053,0.45354950294426943,1.1,0.2,1.078073235625366,0.21853626387456734,-0.21853626387456734,1.078073235625366
672,A0,0.49167822560160485,0.4093834829830464,0.45554740343200234,0.3879490770763798,1.1,0.2,1.078073235625366,0.21853626387456734,-0.21853626387456734,1.078073235625366
673,A0,0.5758944050765313,0.3186838892178172,0.5196749974750843,0.308316402384915,1.1,0.2,1.078073235625366,0.21853626387456734,-0.21853626387456734,1.078073235625366
674,A0,0.627626020670015,0.2188198291382475,0.5564153808631731,0.21539293014446484,1.1,0.2,1.078073235625366,0.21853626387456734,-0.21853626387456734,1.078073235625366
675,A0,0.6469276962176485,0.11061241463548933,0.5695980788754337,0.11016349333149492,1.1,0.2,1.078073235625366,0.21853626387456734,-0.21853626387456734,1.078073235625366
676,A0,0.638143162147267,-0.00571352236389025,0.5636339272206894,-0.00571346019331736,1.1,0.2,1.078073235625366,0.21853626387456734,-0.21853626387456734,1.078073235625366
677,A0,0.606390053382597,-0.12933398116498565,0.5415809744377577,-0.12861763858618444,1.1,0.2,1.078073235625366,0.21853626387456734,-0.21853626387456734,1.078073235625366
678,A0,0.5557563352602578,-0.2570143165282769,0.504822024831044,-0.2515008084339323,1.1,0.2,1.078073235625366,0.21853626387456734,-0.21853626387456734,1.078073235625366
679,A0,0.4892730666879676,-0.3814582095389351,0.4536392843843105,-0.36397316954057113,1.1,0.2,1.078073235625366,0.21853626387456734,-0.21853626387456734,1.078073235625366
680,A0,0.4095150345009883,-0.49152636692350304,0.3880608237970073,-0.455427050663746,1.1,0.2,1.078073235625366,0.21853626387456734,-0.21853626387456734,1.078073235625366
681,A0,0.3188306618108163,-0.5757890766890669,0.30844921691028265,-0.5195981100851796,1.1,0.2,1.078073235625366,0.21853626387456734,-0.21853626387456734,1.078073235625366
682,A0,0.21897981560627744,-0.627572155222964,0.21554548892353143,-0.556378190940291,1.1,0.2,1.078073235625366,0.21853626387456734,-0.21853626387456734,1.078073235625366
683,A0,0.11078501151886117,-0.6469209423827527,0.11033399233636783,-0.5695935162504941,1.1,0.2,1.078073235625366,0.21853626387456734,-0.21853626387456734,1.078073235625366
684,A0,-0.005528714851028266,-0.6381755035189546,-0.00552865852021655,-0.5636559938795462,1.1,0.2,1.078073235625366,0.21853626387456734,-0.21853626387456734,1.078073235625366
685,A0,-0.12913957379249963,-0.6064542287241075,-0.1284264424187641,-0.5416263249366675,1.1,0.2,1.078073235625366,0.21853626387456734,-0.21853626387456734,1.078073235625366
686,A0,-0.2568181037860235,-0.5558470097154501,-0.2513169976006174,-0.5048895882367445,1.1,0.2,1.078073235625366,0.21853626387456734,-0.21853626387456734,1.078073235625366
687,A0,-0.38127481305337674,-0.48938607432013326,-0.3638140581545659,-0.45372903173277235,1.1,0.2,1.078073235625366,0.21853626387456734,-0.21853626387456734,1.078073235625366
688,A0,-0.491374446246993,-0.4096465603231708,-0.4553066321011303,-0.38817253728490353,1.1,0.2,1.078073235625366,0.21853626387456734,-0.21853626387456734,1.078073235625366
689,A0,-0.5756836701079077,-0.3189774129549508,-0.5195211571899223,-0.3085820000042228,1.1,0.2,1.078073235625366,0.21853626387456734,-0.21853626387456734,1.078073235625366
690,A0,-0.6275182122874384,-0.21913978250422173,-0.5563409452836031,-0.21569801852160184,1.1,0.2,1.078073235625366,0.21853626387456734,-0.21853626387456734,1.078073235625366
691,A0,-0.6469141220856267,-0.11095758912283969,-0.5695889086906645,-0.11050446580366796,1.1,0.2,1.078073235625366,0.21853626387456734,-0.21853626387456734,1.078073235625366
692,A0,-0.6382077908666542,0.005343925049636961,-0.5636780228751057,0.005343874180442606,1.1,0.2,1.078073235625366,0.21853626387456734,-0.21853626387456734,1.078073235625366
693,A0,-0.6065183596738646,0.1289451768758131,-0.5416716409161565,0.12823524698775948,1.1,0.2,1.078073235625366,0.21853626387456734,-0.21853626387456734,1.078073235625366
694,A0,-0.5559376467952448,0.2566218842939349,-0.5049571176111883,0.25113316231425964,1.1,0.2,1.078073235625366,0.21853626387456734,-0.21853626387456734,1.078073235625366
695,A0,-0.48949905060798865,0.3810913827685837,-0.45381874498923996,0.36365489620515595,1.1,0.2,1.078073235625366,0.21853626387456734,-0.21853626387456734,1.078073235625366
696,A0,-0.4097780604416244,0.4912224636090926,-0.3882842175378668,0.45518614775520594,1.1,0.2,1.078073235625366,0.21853626387456734,-0.21853626387456734,1.078073235625366
697,A0,-0.31912414264543204,0.5755781853444859,-0.3087147516635891,0.5194441387792271,1.1,0.2,1.078073235625366,0.21853626387456734,-0.21853626387456734,1.078073235625366
698,A0,-0.21929972983089224,0.6274641918518786,-0.21585051893468765,0.5563036438755081,1.1,0.2,1.078073235625366,0.21853626387456734,-0.21853626387456734,1.078073235625366
699,A0,-0.11113014744697165,0.6469072353064236,-0.11067491372534201,0.5695842561814899,1.1,0.2,1.078073235625366,0.21853626387456734,-0.21853626387456734,1.078073235625366
700,A0,0.005159152965239555,0.6382400241730224,0.0051591071922439955,0.5637000141995582,1.1,0.2,1.078073235625366,0.21853626387456734,-0.21853626387456734,1.078073235625366
701,A0,0.1287507904328926,0.606582446219461,0.1280440523261184,0.5417169223739511,1.1,0.2,1.078073235625366,0.21853626387456734,-0.21853626387456734,1.078073235625366
702,A0,0.25642565808703444,0.5560282464899912,0.2509493026172822,0.5050246129545715,1.1,0.2,1.078073235625366,0.21853626387456734,-0.21853626387456734,1.078073235625366
703,A0,0.380907918730334,0.4896119955424739,0.36349568372678986,0.4539084241533008,1.1,0.2,1.078073235625366,0.21853626387456734,-0.21853626387456734,1.078073235625366
704,A0,0.4910704190468498,0.40990953484837594,0.45506559763706267,0.3883958645536975,1.1,0.2,1.078073235625366,0.21853626387456734,-0.21853626387456734,1.078073235625366
705,A0,0.5754726224102765,0.3192708508774652,0.519367054843032,0.3088474718852357,1.1,0.2,1.078073235625366,0.21853626387456734,-0.21853626387456734,1.078073235625366
706,A0,0.6274100939047493,0.21945965758509656,0.5562662866984064,0.2160029901588031,1.1,0.2,1.078073235625366,0.21853626387456734,-0.21853626387456734,1.078073235625366
707,A0,0.6469002820252981,0.11130268649080625,0.5695795587085064,0.11084533609334704,1.1,0.2,1.078073235625366,0.21853626387456734,-0.21853626387456734,1.078073235625366
708,A0,0.6382722034207083,-0.004974398603345975,0.5637219678450839,-0.004974357573848765,1.1,0.2,1.078073235625366,0.21853626387456734,-0.21853626387456734,1.078073235625366
709,A0,0.606646488348483,-0.1285564144816803,0.5417621693077718,-0.1278528584667667,1.1,0.2,1.078073235625366,0.21853626387456734,-0.21853626387456734,1.078073235625366
710,A0,0.5561188087900357,-0.2562294252003204,0.5050920742670887,-0.2507654185521048,1.1,0.2,1.078073235625366,0.21853626387456734,-0.21853626387456734,1.078073235625366
711,A0,0.4897249091145289,-0.38072442098440185,0.45399806922454483,-0.36333642075394335,1.1,0.2,1.078073235625366,0.21853626387456734,-0.21853626387456734,1.078073235625366
712,A0,0.4100409835354493,-0.4909183125973423,0.3885074783301986,-0.45494498175782905,1.1,0.2,1.078073235625366,0.21853626387456734,-0.21853626387456734,1.078073235625366
713,A0,0.3194175376462498,-0.5753669813167969,0.30898016066601786,-0.5192899053712972,1.1,0.2,1.078073235625366,0.21853626387456734,-0.21853626387456734,1.078073235625366
714,A0,0.2196195657656384,-0.6273559184345395,0.21615543218996552,-0.5562288737346992,1.1,0.2,1.078073235625366,0.21853626387456734,-0.21853626387456734,1.078073235625366
715,A0,0.11147520625389588,-0.6468932622224077,0.11101573289965115,-0.569574816257241,1.1,0.2,1.078073235625366,0.21853626387456734,-0.21853626387456734,1.078073235625366
716,A0,-0.0047896619694523385,-0.6383043285923538,-0.004789625343464024,-0.5637438838038531,1.1,0.2,1.078073235625366,0.21853626387456734,-0.21853626387456734,1.078073235625366
717,A0,-0.1283620490400938,-0.6067104860485107,-0.12766166544260774,-0.5418073817153325,1.1,0.2,1.078073235625366,0.21853626387456734,-0.21853626387456734,1.078073235625366
718,A0,-0.25603318566876543,-0.5562093336857238,-0.2505815101611437,-0.5051595015489336,1.1,0.2,1.078073235625366,0.21853626387456734,-0.21853626387456734,1.078073235625366
719,A0,-0.3805408895765574,-0.4898377913150927,-0.3631771073211198,-0.45408768020256457,1.1,0.2,1.078073235625366,0.21853626387456734,-0.21853626387456734,1.078073235625366
720,A0,-0.4907661442976782,-0.4101724064948649,-0.45482430012867303,-0.38861905886517517,1.1,0.2,1.078073235625366,0.21853626387456734,-0.21853626387456734,1.078073235625366
721,A0,-0.575261262075607,-0.31956420294697885,-0.5192126903540059,-0.30911281800279106,1.1,0.2,1.078073235625366,0.21853626387456734,-0.21853626387456734,1.078073235625366
722,A0,-0.6273016654297633,-0.21977945437131674,-0.5561914049667895,-0.21630784502419453,1.1,0.2,1.078073235625366,0.21853626387456734,-0.21853626387456734,1.078073235625366
723,A0,-0.6468861758779114,-0.11164770673579497,-0.5695700288132113,-0.11118610413623237,1.1,0.2,1.078073235625366,0.21853626387456734,-0.21853626387456734,1.078073235625366
724,A0,-0.6383363996705923,0.004604943069041953,-0.5637657620680254,0.004604910519276936,1.1,0.2,1.078073235625366,0.21853626387456734,-0.21853626387456734,1.078073235625366
725,A0,-0.6067744393071168,0.12816769412602672,-0.5418525595943404,0.12747047328652303,1.1,0.2,1.078073235625366,0.21853626387456734,-0.21853626387456734,1.078073235625366
726,A0,-0.5562998211673974,0.2558369395273172,-0.5052268948002983,0.2503975774868117,1.1,0.2,1.078073235625366,0.21853626387456734,-0.21853626387456734,1.078073235625366
727,A0,-0.48995064213510364,0.3803573245525666,-0.4541772570869547,0.36301774346284943,1.1,0.2,1.078073235625366,0.21853626387456734,-0.21853626387456734,1.078073235625366
728,A0,-0.41030380371863967,0.49061391418499506,-0.38873060615643473,0.4547035527608013,1.1,0.2,1.078073235625366,0.21853626387456734,-0.21853626387456734,1.078073235625366
729,A0,-0.3197108467748397,0.5751554646983095,-0.3092454438924118,0.519135409781164,1.1,0.2,1.078073235625366,0.21853626387456734,-0.21853626387456734,1.078073235625366
730,A0,-0.21993932340092687,0.6272473348789596,-0.2164602286575129,0.556153880377082,1.1,0.2,1.078073235625366,0.21853626387456734,-0.21853626387456734,1.078073235625366
731,A0,-0.11182018793606095,0.646879022971971,-0.11135644979507957,0.5695651963619262,1.1,0.2,1.078073235625366,0.21853626387456734,-0.21853626387456734,1.078073235625366
732,A0,0.00442024190758461,0.6383684166380511,0.004420213119454006,0.5637876026297511,1.1,0.2,1.078073235625366,0.21853626387456734,-0.21853626387456734,1.078073235625366
733,A0,0.12797334975734848,0.6068383481118691,0.12727928203137204,0.5418977029424973,1.1,0.2,1.078073235625366,0.21853626387456734,-0.21853626387456734,1.078073235625366
734,A0,0.25564068681089824,0.5563902712253981,0.2502136205715183,0.5052942540213745,1.1,0.2,1.078073235625366,0.21853626387456734,-0.21853626387456734,1.078073235625366
735,A0,0.3801737259581921,0.4900634615655006,0.36285832921369043,0.4542667998773134,1.1,0.2,1.078073235625366,0.21853626387456734,-0.21853626387456734,1.078073235625366
736,A0,0.49046162229646134,0.41043517519878814,0.45458273966546037,0.38884212020178766,1.1,0.2,1.078073235625366,0.21853626387456734,-0.21853626387456734,1.078073235625366
737,A0,0.5750495891965504,0.3198574691250139,0.5190580636428015,0.30937803833173766,1.1,0.2,1.078073235625366,0.21853626387456734,-0.21853626387456734,1.078073235625366
738,A0,0.6271929267706928,0.22009917285325964,0.5561162999479834,0.21661258308594608,1.1,0.2,1.078073235625366,0.21853626387456734,-0.21853626387456734,1.078073235625366
739,A0,0.6468718034847509,0.11199264985425378,0.5695603188888851,0.111526769868192,1.1,0.2,1.078073235625366,0.21853626387456734,-0.21853626387456734,1.078073235625366
740,A0,0.6384003794773491,-0.004235558490536806,0.56380940548117,-0.004235533162141296,1.1,0.2,1.078073235625366,0.21853626387456734,-0.21853626387456734,1.078073235625366
741,A0,0.6069022124503276,-0.1277790159519041,0.5419428117574973,-0.127088091709992,1.1,0.2,1.078073235625366,0.21853626387456734,-0.21853626387456734,1.078073235625366
742,A0,0.5564806838500637,-0.2554444275544057,0.5053615792123517,-0.25002963945766954,1.1,0.2,1.078073235625366,0.21853626387456734,-0.21853626387456734,1.078073235625366
743,A0,0.49017624959722045,-0.379990093839192,0.45435630857324,-0.36269886460822787,1.1,0.2,1.078073235625366,0.21853626387456734,-0.21853626387456734,1.078073235625366
744,A0,0.4105665209273204,-0.4903092686692747,0.3889536009990459,-0.45446186085393525,1.1,0.2,1.078073235625366,0.21853626387456734,-0.21853626387456734,1.078073235625366
745,A0,0.3200040699926765,-0.5749436355820174,0.3095106013176262,-0.5189806519289698,1.1,0.2,1.078073235625366,0.21853626387456734,-0.21853626387456734,1.078073235625366
746,A0,0.22025900272710158,-0.627138441093551,0.21676490830552203,-0.556078663661901,1.1,0.2,1.078073235625366,0.21853626387456734,-0.21853626387456734,1.078073235625366
747,A0,0.11216509248993593,-0.6468645173964171,0.11169706434757933,-0.5695553963795787,1.1,0.2,1.078073235625366,0.21853626387456734,-0.21853626387456734,1.078073235625366
748,A0,-0.004050892823341867,-0.6384322881710974,-0.004050870665464546,-0.563831170614411,1.1,0.2,1.078073235625366,0.21853626387456734,-0.21853626387456734,1.078073235625366
749,A0,-0.12758469272751438,-0.6069660323100461,-0.1268969023551979,-0.5419878860370285,1.1,0.2,1.078073235625366,0.21853626387456734,-0.21853626387456734,1.078073235625366
750,A0,-0.2552481617927113,-0.5565710590317307,-0.24984563418766742,-0.5054288703734188,1.1,0.2,1.078073235625366,0.21853626387456734,-0.21853626387456734,1.078073235625366
751,A0,-0.3798064282413201,-0.49028900622120053,-0.36253934968107376,-0.4544457831743372,1.1,0.2,1.078073235625366,0.21853626387456734,-0.21853626387456734,1.078073235625366
752,A0,-0.4901568533406625,-0.41069784089624406,-0.4543409163375499,-0.38906504854602436,1.1,0.2,1.078073235625366,0.21853626387456734,-0.21853626387456734,1.078073235625366
753,A0,-0.5748376038664414,-0.32015064937299703,-0.5189031746297441,-0.30964313284693634,1.1,0.2,1.078073235625366,0.21853626387456734,-0.21853626387456734,1.078073235625366
754,A0,-0.6270838778361484,-0.22041881302123525,-0.5560409715012444,-0.2169172043122718,1.1,0.2,1.078073235625366,0.21853626387456734,-0.21853626387456734,1.078073235625366
755,A0,-0.6468571646871385,-0.11233751584267271,-0.5695504288194883,-0.11186733322526188,1.1,0.2,1.078073235625366,0.21853626387456734,-0.21853626387456734,1.078073235625366
756,A0,-0.6384641427019004,0.0038662449114295894,-0.5638528980215941,0.003866225647528805,1.1,0.2,1.078073235625366,0.21853626387456734,-0.21853626387456734,1.078073235625366
757,A0,-0.6070298076785725,0.12739038010197576,-0.542032925778773,0.12670571399978262,1.1,0.2,1.078073235625366,0.21853626387456734,-0.21853626387456734,1.078073235625366
758,A0,-0.5566613967607337,0.2550518895606616,-0.5054961275047634,0.24966160480391078,1.1,0.2,1.078073235625366,0.21853626387456734,-0.21853626387456734,1.078073235625366
759,A0,-0.49040173142837745,0.3796227292103264,-0.45453522368021004,0.3623797844668677,1.1,0.2,1.078073235625366,0.21853626387456734,-0.21853626387456734,1.078073235625366
760,A0,-0.41082913509756325,0.49000437634788263,-0.3891764628405401,0.4542199061276682,1.1,0.2,1.078073235625366,0.21853626387456734,-0.21853626387456734,1.078073235625366
761,A0,-0.32029720726113875,0.5747314940615963,-0.3097756329165275,0.5188256317352228,1.1,0.2,1.078073235625366,0.21853626387456734,-0.21853626387456734,1.078073235625366
762,A0,-0.22057860373443866,0.6270292369871235,-0.2170694711022288,0.5560032234484249,1.1,0.2,1.078073235625366,0.21853626387456734,-0.21853626387456734,1.078073235625366
763,A0,-0.11250991991203166,0.6468497453370862,-0.11203757649327009,0.5695454161940862,1.1,0.2,1.078073235625366,0.21853626387456734,-0.21853626387456734,1.078073235625366
764,A0,0.0036816147602169585,0.6384959430523545,0.00368159812641915,0.5638745876948281,1.1,0.2,1.078073235625366,0.21853626387456734,-0.21853626387456734,1.078073235625366
765,A0,0.1271960780930608,0.6070935385434473,0.12651452667651697,0.5420779309804058,1.1,0.2,1.078073235625366,0.21853626387456734,-0.21853626387456734,1.078073235625366
766,A0,0.2548556108930778,0.5567516970274046,0.2494775513487946,0.5055633506065716,1.1,0.2,1.078073235625366,0.21853626387456734,-0.21853626387456734,1.078073235625366
767,A0,0.37943899679195653,0.4905144252096869,0.3622201690002762,0.4546246300904657,1.1,0.2,1.078073235625366,0.21853626387456734,-0.21853626387456734,1.078073235625366
768,A0,0.4898518377282222,0.41096040352327873,0.45409883023569264,0.38928784388041254,1.1,0.2,1.078073235625366,0.21853626387456734,-0.21853626387456734,1.078073235625366
769,A0,0.5746253061792982,0.32044374365225897,0.5187480232355268,0.30990810152325976,1.1,0.2,1.078073235625366,0.21853626387456734,-0.21853626387456734,1.078073235625366
770,A0,0.6269745185351403,0.2207383748654858,0.5559654194858552,0.2172217086714294,1.1,0.2,1.078073235625366,0.21853626387456734,-0.21853626387456734,1.078073235625366
771,A0,0.6468422593264337,0.11268230469758311,0.5695403584888357,0.11220779414364505,1.1,0.2,1.078073235625366,0.21853626387456734,-0.21853626387456734,1.078073235625366
772,A0,0.6385276892050487,-0.003497002375107458,0.5638962396262124,-0.0034969881201999844,1.1,0.2,1.078073235625366,0.21853626387456734,-0.21853626387456734,1.078073235625366
773,A0,0.6071572248922052,-0.12700178671851767,0.542122901639596,-0.12632334041814955,1.1,0.2,1.078073235625366,0.21853626387456734,-0.21853626387456734,1.078073235625366
774,A0,0.5568419598220736,-0.2546593258247559,0.5056305396790289,-0.24929347386471037,1.1,0.2,1.078073235625366,0.21853626387456734,-0.21853626387456734,1.078073235625366
775,A0,0.49062708755606477,-0.3792552310319521,0.45471400240471455,-0.36206050331599304,1.1,0.2,1.078073235625366,0.21853626387456734,-0.21853626387456734,1.078073235625366
776,A0,0.4110916461653885,-0.4896992375189985,0.3893991916634639,-0.453977688673065,1.1,0.2,1.078073235625366,0.21853626387456734,-0.21853626387456734,1.078073235625366
777,A0,0.32059025854150947,-0.5745190402314062,0.3100405386639944,-0.5186703491208008,1.1,0.2,1.078073235625366,0.21853626387456734,-0.21853626387456734,1.078073235625366
778,A0,0.22089812641314652,-0.6269197224688876,0.2173739170159128,-0.5559275595959499,1.1,0.2,1.078073235625366,0.21853626387456734,-0.21853626387456734,1.078073235625366
779,A0,0.11285467019890014,-0.6468347066353569,0.11237798616843842,-0.569535255689191,1.1,0.2,1.078073235625366,0.21853626387456734,-0.21853626387456734,1.078073235625366
780,A0,-0.003312407761491193,-0.6385593811425645,-0.0033123956469151587,-0.5639178538078358,1.1,0.2,1.078073235625366,0.21853626387456734,-0.21853626387456734,1.078073235625366
781,A0,-0.12680750599607007,-0.6072208667123744,-0.12613215525740645,-0.5421678377540057,1.1,0.2,1.078073235625366,0.21853626387456734,-0.21853626387456734,1.078073235625366
782,A0,-0.2544630343904662,-0.5569321851350689,-0.2491093723940453,-0.505697694722319,1.1,0.2,1.078073235625366,0.21853626387456734,-0.21853626387456734,1.078073235625366
783,A0,-0.3790714319760497,-0.49073971845844605,-0.3619007874487386,-0.45480334062256883,1.1,0.2,1.078073235625366,0.21853626387456734,-0.21853626387456734,1.078073235625366
784,A0,-0.4895465757575579,-0.41122286301588695,-0.45385648145126595,-0.38951050618751826,1.1,0.2,1.078073235625366,0.21853626387456734,-0.21853626387456734,1.078073235625366
785,A0,-0.5744126962298219,-0.3207367519240354,-0.518592609381212,-0.3101729443355929,1.1,0.2,1.078073235625366,0.21853626387456734,-0.21853626387456734,1.078073235625366
786,A0,-0.6268648487770793,-0.2210578583761862,-0.555889643761125,-0.21752609613172066,1.1,0.2,1.078073235625366,0.21853626387456734,-0.21853626387456734,1.078073235625366
787,A0,-0.6468270872440343,-0.11302701641555804,-0.569530107780597,-0.11254815255971196,1.1,0.2,1.078073235625366,0.21853626387456734,-0.21853626387456734,1.078073235625366
788,A0,-0.6385910188474759,0.003127830924745334,-0.563939430231777,0.003127820724588408,1.1,0.2,1.078073235625366,0.21853626387456734,-0.21853626387456734,1.078073235625366
789,A0,-0.6072844639914761,0.12661323594341786,-0.5422127393212908,0.12594097122699183,1.1,0.2,1.078073235625366,0.21853626387456734,-0.21853626387456734,1.078073235625366
790,A0,-0.5570223729567159,0.2542667366249538,-0.505764815736624,0.24892524697918317,1.1,0.2,1.078073235625366,0.21853626387456734,-0.21853626387456734,1.078073235625366
791,A0,-0.4908523179077647,0.37888759966998214,-0.4548926447436432,0.3617410214332606,1.1,0.2,1.078073235625366,0.21853626387456734,-0.21853626387456734,1.078073235625366
792,A0,-0.411354054066765,0.48939385248127676,-0.3896217874504023,0.45373520858181565,1.1,0.2,1.078073235625366,0.21853626387456734,-0.21853626387456734,1.078073235625366
793,A0,-0.32088322379497636,0.57430627418649,-0.31030531853491783,0.5185148040069512,1.1,0.2,1.078073235625366,0.21853626387456734,-0.21853626387456734,1.078073235625366
794,A0,-0.22121757075336607,0.6268098974484547,-0.2176782460148975,0.5558516719637991,1.1,0.2,1.078073235625366,0.21853626387456734,-0.21853626387456734,1.078073235625366
795,A0,-0.11319934334713472,0.6468194011326471,-0.11271829330953788,0.5695249147484902,1.1,0.2,1.078073235625366,0.21853626387456734,-0.21853626387456734,1.078073235625366
796,A0,0.0029432718702339794,0.6386226023023496,0.0029432633712232073,0.5639609688901046,1.1,0.2,1.078073235625366,0.21853626387456734,-0.21853626387456734,1.078073235625366
797,A0,0.12641897657823678,0.6073480167170254,0.12574978835958772,0.5422576063391007,1.1,0.2,1.078073235625366,0.21853626387456734,-0.21853626387456734,1.078073235625366
798,A0,0.2540704325629387,0.5571125232773384,0.24874109766250407,0.5058319027221259,1.1,0.2,1.078073235625366,0.21853626387456734,-0.21853626387456734,1.078073235625366
799,A0,0.3787037341594779,0.490964885894955,0.3615812053043337,0.45498191476755523,1.1,0.2,1.078073235625366,0.21853626387456734,-0.21853626387456734,1.078073235625366
800,A0,0.48924106772756115,0.4114852193100108,0.4536138700762733,0.38973303544994514,1.1,0.2,1.078073235625366,0.21853626387456734,-0.21853626387456734,1.078073235625366
801,A0,0.5741997741133976,0.32102967414946565,0.518436932988232,0.31043766125883215,1.1,0.2,1.078073235625366,0.21853626387456734,-0.21853626387456734,1.078073235625366
802,A0,0.626754868471778,0.22137726354344284,0.5558136441863916,0.21783036666149025,1.1,0.2,1.078073235625366,0.21853626387456734,-0.21853626387456734,1.078073235625366
803,A0,0.6468116482813782,0.11337165099321049,0.5695196765782973,0.11288840840999866,1.1,0.2,1.078073235625366,0.21853626387456734,-0.21853626387456734,1.078073235625366
804,A0,0.6386541314897443,-0.0027587306033080017,0.5639824697748769,-0.0027587236048026162,1.1,0.2,1.078073235625366,0.21853626387456734,-0.21853626387456734,1.078073235625366
805,A0,0.6074115248765305,-0.12622472791817832,0.5423024388050782,-0.12555860668785387,1.1,0.2,1.078073235625366,0.21853626387456734,-0.21853626387456734,1.078073235625366
806,A0,0.5572026360872578,-0.2538741222391153,0.5058989556790041,-0.24855692448638403,1.1,0.2,1.078073235625366,0.21853626387456734,-0.21853626387456734,1.078073235625366
807,A0,0.49107742241095026,-0.3785198354902607,0.4550711506939247,-0.36142133909675944,1.1,0.2,1.078073235625366,0.21853626387456734,-0.21853626387456734,1.078073235625366
808,A0,0.411616358737609,-0.4890882215338465,0.38984425018397817,-0.45349246594623727,1.1,0.2,1.078073235625366,0.21853626387456734,-0.21853626387456734,1.078073235625366
809,A0,0.3211761029826309,-0.5740931960225748,0.31056997250419993,-0.5183589963152918,1.1,0.2,1.078073235625366,0.21853626387456734,-0.21853626387456734,1.078073235625366
810,A0,0.22153693674516928,-0.6266997618358388,0.21798245806754887,-0.5557755604113241,1.1,0.2,1.078073235625366,0.21853626387456734,-0.21853626387456734,1.078073235625366
811,A0,0.1135439393533684,-0.6468038286704139,0.11305849785318736,-0.5695143932554364,1.1,0.2,1.078073235625366,0.21853626387456734,-0.21853626387456734,1.078073235625366
812,A0,-0.0025742071293049784,-0.6386856063922117,-0.0025742014432892013,-0.5640039328781421,1.1,0.2,1.078073235625366,0.21853626387456734,-0.21853626387456734,1.078073235625366
813,A0,-0.12603048998086971,-0.6074749884574934,-0.12536742624442754,-0.5423472367168598,1.1,0.2,1.078073235625366,0.21853626387456734,-0.21853626387456734,1.078073235625366
814,A0,-0.2536778056881525,-0.5572927113767937,-0.24837272749319497,-0.5059659746074379,1.1,0.2,1.078073235625366,0.21853626387456734,-0.21853626387456734,1.078073235625366
815,A0,-0.37833590370804965,-0.4911899274466834,-0.36126142284536605,-0.4551603525223739,1.1,0.2,1.078073235625366,0.21853626387456734,-0.21853626387456734,1.078073235625366
816,A0,-0.48893531393759787,-0.4117474723415413,-0.4533709962033451,-0.3899554316503354,1.1,0.2,1.078073235625366,0.21853626387456734,-0.21853626387456734,1.078073235625366
817,A0,-0.5739865399260943,-0.32132251028959363,-0.518280993978391,-0.31070225226788595,1.1,0.2,1.078073235625366,0.21853626387456734,-0.21853626387456734,1.078073235625366
818,A0,-0.6266445775294519,-0.22169659035729378,-0.5557374206210205,-0.21813452022912586,1.1,0.2,1.078073235625366,0.21853626387456734,-0.21853626387456734,1.078073235625366
819,A0,-0.646795942279943,-0.1137162084271938,-0.5695090647653167,-0.11322856163120719,1.1,0.2,1.078073235625366,0.21853626387456734,-0.21853626387456734,1.078073235625366
820,A0,-0.6387170269922963,0.0023897014535496225,-0.5640253581919386,0.002389696904625461,1.1,0.2,1.078073235625366,0.21853626387456734,-0.21853626387456734,1.078073235625366
821,A0,-0.6075384074474097,0.12583626278391435,-0.5423920000720754,0.12517624706192415,1.1,0.2,1.078073235625366,0.21853626387456734,-0.21853626387456734,1.078073235625366
822,A0,-0.5573827491362634,0.2534814829446942,-0.5060329595076047,0.24818850672530535,1.1,0.2,1.078073235625366,0.21853626387456734,-0.21853626387456734,1.078073235625366
823,A0,-0.49130240099308703,0.37815193885855997,-0.45524952025252785,0.3611014565850092,1.1,0.2,1.078073235625366,0.21853626387456734,-0.21853626387456734,1.078073235625366
824,A0,-0.41187856011378604,0.48878234497631007,-0.3900665798468532,0.45324946085927387,1.1,0.2,1.078073235625366,0.21853626387456734,-0.21853626387456734,1.078073235625366
825,A0,-0.3214688960654696,0.5738798058360719,-0.31083450054675565,0.5182029259678135,1.1,0.2,1.078073235625366,0.21853626387456734,-0.21853626387456734,1.078073235625366
826,A0,-0.22185622437856045,0.6265893155414578,-0.21828655314227643,0.5556992247979059,1.1,0.2,1.078073235625366,0.21853626387456734,-0.21853626387456734,1.078073235625366
827,A0,-0.11388845821427468,0.6467879890901563,-0.11339859973617186,0.5695036910933379,1.1,0.2,1.078073235625366,0.21853626387456734,-0.21853626387456734,1.078073235625366
828,A0,0.002205213581353213,0.6387483932725341,0.002205210006733253,0.5640467457082936,1.1,0.2,1.078073235625366,0.21853626387456734,-0.21853626387456734,1.078073235625366
829,A0,0.12564204634489098,0.6076017818337678,0.12498506917293628,0.542436728868348,1.1,0.2,1.078073235625366,0.21853626387456734,-0.21853626387456734,1.078073235625366
830,A0,0.25328515404335805,0.5574727493559815,0.2480042622250788,0.5060999103796805,1.1,0.2,1.078073235625366,0.21853626387456734,-0.21853626387456734,1.078073235625366
831,A0,0.37796794098750114,0.4914148430410926,0.36094144035057035,0.45533865388401346,1.1,0.2,1.078073235625366,0.21853626387456734,-0.21853626387456734,1.078073235625366
832,A0,0.4886293146875065,0.41200962204631836,0.4531278599257391,0.3901776947713702,1.1,0.2,1.078073235625366,0.21853626387456734,-0.21853626387456734,1.078073235625366
833,A0,0.5737729937646657,0.3216152603053682,0.5181247922738661,0.31096671733767517,1.1,0.2,1.078073235625366,0.21853626387456734,-0.21853626387456734,1.078073235625366
834,A0,0.6265339758607217,0.22201583880770903,0.5556609729244076,0.21843855680305843,1.1,0.2,1.078073235625366,0.21853626387456734,-0.21853626387456734,1.078073235625366
835,A0,0.6467799690812479,0.11406068871420134,0.569498272224891,0.11356861216020521,1.1,0.2,1.078073235625366,0.21853626387456734,-0.21853626387456734,1.078073235625366
836,A0,0.6387797052154547,-0.002020743518014262,0.5640680954192254,-0.0020207407675144535,1.1,0.2,1.078073235625366,0.21853626387456734,-0.21853626387456734,1.078073235625366
837,A0,0.6076651116040503,-0.12544784068135487,0.5424814231032948,-0.12479389261003482,1.1,0.2,1.078073235625366,0.21853626387456734,-0.21853626387456734,1.078073235625366
838,A0,0.5575627120262612,-0.25308881901873714,0.5061668272238404,-0.24781999403487565,1.1,0.2,1.078073235625366,0.21853626387456734,-0.21853626387456734,1.078073235625366
839,A0,0.4915272535816319,-0.377783910140579,0.45542775341646063,-0.36078137417695855,1.1,0.2,1.078073235625366,0.21853626387456734,-0.21853626387456734,1.078073235625366
840,A0,0.41214065813111017,-0.4884762231087406,0.3902887764217275,-0.45300619341449616,1.1,0.2,1.078073235625366,0.21853626387456734,-0.21853626387456734,1.078073235625366
841,A0,0.32176160300439316,-0.5736661037240769,0.3110989026375115,-0.5180465928868796,1.1,0.2,1.078073235625366,0.21853626387456734,-0.21853626387456734,1.078073235625366
842,A0,0.22217543364347503,-0.6264785584761345,0.2185905312075323,-0.5556226649829549,1.1,0.2,1.078073235625366,0.21853626387456734,-0.21853626387456734,1.078073235625366
843,A0,0.11423289992656652,-0.6467718822334141,0.11373859889544137,-0.5694928081453581,1.1,0.2,1.078073235625366,0.21853626387456734,-0.21853626387456734,1.078073235625366
844,A0,-0.0018362912688181798,-0.6388109628035796,-0.001836289204850619,-0.5640894073167411,1.1,0.2,1.078073235625366,0.21853626387456734,-0.21853626387456734,1.078073235625366
845,A0,-0.12525364581083687,-0.6077283967457328,-0.12460271740576809,-0.5425260827745257,1.1,0.2,1.078073235625366,0.21853626387456734,-0.21853626387456734,1.078073235625366
846,A0,-0.25289247790539865,-0.557652637137413,-0.24763570219705175,-0.5062337100402577,1.1,0.2,1.078073235625366,0.21853626387456734,-0.21853626387456734,1.078073235625366
847,A0,-0.37759984636349414,-0.49163963260563526,-0.36062125809910917,-0.45551681884950124,1.1,0.2,1.078073235625366,0.21853626387456734,-0.21853626387456734,1.078073235625366
848,A0,-0.4883230702775949,-0.4122716683601301,-0.4528844613373392,-0.3903998247957684,1.1,0.2,1.078073235625366,0.21853626387456734,-0.21853626387456734,1.078073235625366
849,A0,-0.573559135726549,-0.321907924157642,-0.5179683277972076,-0.31123105644313226,1.1,0.2,1.078073235625366,0.21853626387456734,-0.21853626387456734,1.078073235625366
850,A0,-0.6264230633766125,-0.22233500888458957,-0.5555843009559785,-0.21874247635176117,1.1,0.2,1.078073235625366,0.21853626387456734,-0.21853626387456734,1.078073235625366
851,A0,-0.6467637285268536,-0.11440509185096548,-0.5694872988401117,-0.11390855993402485,1.1,0.2,1.078073235625366,0.21853626387456734,-0.21853626387456734,1.078073235625366
852,A0,-0.638842166019423,0.0016518568390371524,-0.5641106813928379,0.001651855336602857,1.1,0.2,1.078073235625366,0.21853626387456734,-0.21853626387456734,1.078073235625366
853,A0,-0.6077916372462842,0.12505946175084368,-0.5425707078796447,0.12441154359266203,1.1,0.2,1.078073235625366,0.21853626387456734,-0.21853626387456734,1.078073235625366
854,A0,-0.5577425246797455,0.2526961307378842,-0.5063005588291051,0.2474513867539587,1.1,0.2,1.078073235625366,0.21853626387456734,-0.21853626387456734,1.078073235625366
855,A0,-0.4917519801040335,0.3774157497019423,-0.4556058501827703,0.36046109215198413,1.1,0.2,1.078073235625366,0.21853626387456734,-0.21853626387456734,1.078073235625366
856,A0,-0.41240265272534415,0.4881698562316812,-0.39051083989133945,0.45276266370610163,1.1,0.2,1.078073235625366,0.21853626387456734,-0.21853626387456734,1.078073235625366
857,A0,-0.3220542237602069,0.5734520897843691,-0.3113631787514062,0.5178899969952276,1.1,0.2,1.078073235625366,0.21853626387456734,-0.21853626387456734,1.078073235625366
858,A0,-0.22249456452977967,0.6263674905510974,-0.21889439223181095,0.5555458808259119,1.1,0.2,1.078073235625366,0.21853626387456734,-0.21853626387456734,1.078073235625366
859,A0,-0.11457726448699598,0.646755507941769,-0.1140784952681105,0.5694817442945164,1.1,0.2,1.078073235625366,0.21853626387456734,-0.21853626387456734,1.078073235625366
860,A0,0.001467440233930431,0.6388733148454919,0.0014674391806121104,0.5641319176395032,1.1,0.2,1.078073235625366,0.21853626387456734,-0.21853626387456734,1.078073235625366
861,A0,0.1248652885188581,0.6078548330931676,0.12422037120322045,0.5426152984162489,1.1,0.2,1.078073235625366,0.21853626387456734,-0.21853626387456734,1.078073235625366
862,A0,0.2524997775507104,0.5578323746435653,0.24726704774794434,0.5063673735905534,1.1,0.2,1.078073235625366,0.21853626387456734,-0.21853626387456734,1.078073235625366
863,A0,0.37723162020161505,0.49186429606775633,0.3603008763705725,0.45569484741590466,1.1,0.2,1.078073235625366,0.21853626387456734,-0.21853626387456734,1.078073235625366
864,A0,0.48801658100864087,0.41253361121871446,0.4526408005326566,0.39062182170628856,1.1,0.2,1.078073235625366,0.21853626387456734,-0.21853626387456734,1.078073235625366
865,A0,0.5733449659098666,0.3222005018071733,0.5178116004713407,0.3114952695592023,1.1,0.2,1.078073235625366,0.21853626387456734,-0.21853626387456734,1.078073235625366
866,A0,0.6263118399885568,0.22265410057776786,0.5555074045751902,0.21904627884375008,1.1,0.2,1.078073235625366,0.21853626387456734,-0.21853626387456734,1.078073235625366
867,A0,0.6467472204583644,0.11474941783425797,0.5694761444939268,0.11424840488986317,1.1,0.2,1.078073235625366,0.21853626387456734,-0.21853626387456734,1.078073235625366
868,A0,0.6389044092642856,-0.0012830414587443745,0.5641531160487138,-0.0012830407546991953,1.1,0.2,1.078073235625366,0.21853626387456734,-0.21853626387456734,1.078073235625366
869,A0,0.6079179842738387,-0.1246711261323389,0.5426598543819289,-0.12402920026992481,1.1,0.2,1.078073235625366,0.21853626387456734,-0.21853626387456734,1.078073235625366
870,A0,0.5579221870191762,-0.25230341837836784,0.5064341543247722,-0.24708268522135177,1.1,0.2,1.078073235625366,0.21853626387456734,-0.21853626387456734,1.078073235625366
871,A0,0.49197658048773313,-0.37704745790819827,0.45578381054854394,-0.3601406107898893,1.1,0.2,1.078073235625366,0.21853626387456734,-0.21853626387456734,1.078073235625366
872,A0,0.4126645438322004,-0.48786324464614395,0.39073277023846675,-0.45251887182891576,1.1,0.2,1.078073235625366,0.21853626387456734,-0.21853626387456734,1.078073235625366
873,A0,0.3223467582936211,-0.5732377641154137,0.31162732886339073,-0.5177331382159711,1.1,0.2,1.078073235625366,0.21853626387456734,-0.21853626387456734,1.078073235625366
874,A0,0.22281361702727231,-0.6262561116779832,0.21919813618364953,-0.5554688721862505,1.1,0.2,1.078073235625366,0.21853626387456734,-0.21853626387456734,1.078073235625366
875,A0,0.1149215518923539,-0.6467388660568474,0.11441828879145806,-0.5694704994236891,1.1,0.2,1.078073235625366,0.21853626387456734,-0.21853626387456734,1.078073235625366
876,A0,-0.0010986605187122411,-0.6389354492582962,-0.0010986600766645874,-0.5641742766124364,1.1,0.2,1.078073235625366,0.21853626387456734,-0.21853626387456734,1.078073235625366
877,A0,-0.12447697460872074,-0.607981090775747,-0.12383803082523423,-0.5427043757742688,1.1,0.2,1.078073235625366,0.21853626387456734,-0.21853626387456734,1.078073235625366
878,A0,-0.252107053255322,-0.5580119617968802,-0.24689829921652018,-0.5065009010319298,1.1,0.2,1.078073235625366,0.21853626387456734,-0.21853626387456734,1.078073235625366
879,A0,-0.3768632628673736,-0.4920888333548925,-0.3599802954449766,-0.45587273958033,1.1,0.2,1.078073235625366,0.21853626387456734,-0.21853626387456734,1.078073235625366
880,A0,-0.48770984718189003,-0.412795450557758,-0.4523968776068305,-0.3908436854857271,1.1,0.2,1.078073235625366,0.21853626387456734,-0.21853626387456734,1.078073235625366
881,A0,-0.5731304844134257,-0.3224929932146241,-0.517654610219567,-0.31175935666084215,1.1,0.2,1.078073235625366,0.21853626387456734,-0.21853626387456734,1.078073235625366
882,A0,-0.6262003056083953,-0.222973113877007,-0.555430283641532,-0.21934996424758305,1.1,0.2,1.078073235625366,0.21853626387456734,-0.21853626387456734,1.078073235625366
883,A0,-0.6467304447174279,-0.11509366666088858,-0.5694648090691403,-0.1145881469650806,1.1,0.2,1.078073235625366,0.21853626387456734,-0.21853626387456734,1.078073235625366
884,A0,-0.6389664348100079,0.000914297419054369,-0.5641953993226272,0.000914297164288596,1.1,0.2,1.078073235625366,0.21853626387456734,-0.21853626387456734,1.078073235625366
885,A0,-0.6080441525863354,0.12428283396541426,-0.5427488625908459,0.12364686290158546,1.1,0.2,1.078073235625366,0.21853626387456734,-0.21853626387456734,1.078073235625366
886,A0,-0.558101698966977,0.25191068221601265,-0.5065676137121932,0.24671388977578423,1.1,0.2,1.078073235625366,0.21853626387456734,-0.21853626387456734,1.078073235625366
887,A0,-0.49220105466016284,0.3766790351248173,-0.4559616345109071,0.35981993037090265,1.1,0.2,1.078073235625366,0.21853626387456734,-0.21853626387456734,1.078073235625366
888,A0,-0.41292633138734014,0.4875563886536075,-0.3909545674459254,0.45227481787839097,1.1,0.2,1.078073235625366,0.21853626387456734,-0.21853626387456734,1.078073235625366
889,A0,-0.3226392065652502,0.5730231268163601,-0.311891352948428,0.5175760164725998,1.1,0.2,1.078073235625366,0.21853626387456734,-0.21853626387456734,1.078073235625366
890,A0,-0.22313259112568132,0.6261444217688369,-0.21950176303162677,0.5553916389234759,1.1,0.2,1.078073235625366,0.21853626387456734,-0.21853626387456734,1.078073235625366
891,A0,-0.11526576213946907,0.6467219564203189,-0.11475797940292629,0.5694590734156086,1.1,0.2,1.078073235625366,0.21853626387456734,-0.21853626387456734,1.078073235625366
892,A0,0.0007299521649782176,0.638997365901898,0.0007299520353314015,0.5642164841712328,1.1,0.2,1.078073235625366,0.21853626387456734,-0.21853626387456734,1.078073235625366
893,A0,0.12408870421980622,0.60810716969304,0.12345569653139303,0.5427933148292313,1.1,0.2,1.078073235625366,0.21853626387456734,-0.21853626387456734,1.078073235625366
894,A0,0.25171430529485417,0.5581913985197643,0.2465294569414744,0.5066342923657279,1.1,0.2,1.078073235625366,0.21853626387456734,-0.21853626387456734,1.078073235625366
895,A0,0.3764947747262011,0.492313244394472,0.35965951560276244,0.4560504953399223,1.1,0.2,1.078073235625366,0.21853626387456734,-0.21853626387456734,1.078073235625366
896,A0,0.4874028690990543,0.41305718631289656,0.45215269265562724,0.3910654161169195,1.1,0.2,1.078073235625366,0.21853626387456734,-0.21853626387456734,1.078073235625366
897,A0,0.5729156913367183,0.32278539834056125,0.517497356965565,0.3120233177230206,1.1,0.2,1.078073235625366,0.21853626387456734,-0.21853626387456734,1.078073235625366
898,A0,0.6260884601483776,0.22329204877200054,0.5553529380145255,0.21965353253185965,1.1,0.2,1.078073235625366,0.21853626387456734,-0.21853626387456734,1.078073235625366
899,A0,0.646713401145736,0.11543783832770495,0.569453292448413,0.11492778609720095,1.1,0.2,1.078073235625366,0.21853626387456734,-0.21853626387456734,1.078073235625366
900,A0,0.6390282425164361,-0.0005456247616781873,0.5642375311501892,-0.0005456247075328694,1.1,0.2,1.078073235625366,0.21853626387456734,-0.21853626387456734,1.078073235625366
901,A0,0.6081701420832907,-0.12389458538925925,0.5428377324869892,-0.12326453174704902,1.1,0.2,1.078073235625366,0.21853626387456734,-0.21853626387456734,1.078073235625366
902,A0,0.5582810604455372,-0.2515179225262352,0.5067009369926981,-0.24634500075591656,1.1,0.2,1.078073235625366,0.21853626387456734,-0.21853626387456734,1.078073235625366
903,A0,0.4924254025487473,-0.37631048171719095,0.45613932206702473,-0.359499051175677,1.1,0.2,1.078073235625366,0.21853626387456734,-0.21853626387456734,1.078073235625366
904,A0,0.4131880153263739,-0.4872492885560167,0.39117623149657,-0.45203050195060784,1.1,0.2,1.078073235625366,0.21853626387456734,-0.21853626387456734,1.078073235625366
905,A0,0.3229315685356132,-0.5728081779870433,0.3121552509814929,-0.5174186316889813,1.1,0.2,1.078073235625366,0.21853626387456734,-0.21853626387456734,1.078073235625366
906,A0,0.22345148681466542,-0.626032420736113,0.21980527274436307,-0.5553141808971264,1.1,0.2,1.078073235625366,0.21853626387456734,-0.21853626387456734,1.078073235625366
907,A0,0.11560989522520791,-0.6467047788738982,0.11509756704012036,-0.5694474661528638,1.1,0.2,1.078073235625366,0.21853626387456734,-0.21853626387456734,1.078073235625366
908,A0,-0.0003613152143359666,-0.6390590646360843,-0.00036131519861289216,-0.564258540251422,1.1,0.2,1.078073235625366,0.21853626387456734,-0.21853626387456734,1.078073235625366
909,A0,-0.12370047749111215,-0.6082330697445104,-0.12307336858092323,-0.5428821155616774,1.1,0.2,1.078073235625366,0.21853626387456734,-0.21853626387456734,1.078073235625366
910,A0,-0.2513215339445193,-0.558370684734589,-0.24616052126143242,-0.5067675475932669,1.1,0.2,1.078073235625366,0.21853626387456734,-0.21853626387456734,1.078073235625366
911,A0,-0.3761261561434487,-0.4925375291139154,-0.3593385371247943,-0.45622811469186614,1.1,0.2,1.078073235625366,0.21853626387456734,-0.21853626387456734,1.078073235625366
912,A0,-0.4870956470623107,-0.41331881841971563,-0.45190824577544125,-0.3912870135827399,1.1,0.2,1.078073235625366,0.21853626387456734,-0.21853626387456734,1.078073235625366
913,A0,-0.5727005867799221,-0.32307771714545624,-0.5173398406333917,-0.3122871527207188,1.1,0.2,1.078073235625366,0.21853626387456734,-0.21853626387456734,1.078073235625366
914,A0,-0.6259763035211641,-0.2236109052523726,-0.5552753675537264,-0.21995698366522123,1.1,0.2,1.078073235625366,0.21853626387456734,-0.21853626387456734,1.078073235625366
915,A0,-0.6466960895850269,-0.1157819328315923,-0.5694415945142625,-0.11526732222391083,1.1,0.2,1.078073235625366,0.21853626387456734,-0.21853626387456734,1.078073235625366
916,A0,-0.6390898322432979,0.00017702352812004607,-0.5642795114668473,0.00017702352627089788,1.1,0.2,1.078073235625366,0.21853626387456734,-0.21853626387456734,1.078073235625366
917,A0,-0.6082959526641156,0.12350638054267957,-0.5429264640508469,0.12288220706536294,1.1,0.2,1.078073235625366,0.21853626387456734,-0.21853626387456734,1.078073235625366
918,A0,-0.55846027137721,0.2511251395840437,-0.5068341241675955,0.24597601850033873,1.1,0.2,1.078073235625366,0.21853626387456734,-0.21853626387456734,1.078073235625366
919,A0,-0.4926496240809028,0.37594179805062994,-0.45631687321410064,0.3591779734852879,1.1,0.2,1.078073235625366,0.21853626387456734,-0.21853626387456734,1.078073235625366
920,A0,-0.4134495955848621,0.48694194465578045,-0.3913977623732945,0.45178592414227464,1.1,0.2,1.078073235625366,0.21853626387456734,-0.21853626387456734,1.078073235625366
921,A0,-0.3232238441651343,0.5725929177279836,-0.3124190229375727,0.5172609837893624,1.1,0.2,1.078073235625366,0.21853626387456734,-0.21853626387456734,1.078073235625366
922,A0,-0.223770304083814,0.6259201084926777,-0.22010866529052062,0.5552364979667752,1.1,0.2,1.078073235625366,0.21853626387456734,-0.21853626387456734,1.078073235625366
923,A0,-0.11595395114647439,0.6466873332593464,-0.11543705164080836,0.569435677517901,1.1,0.2,1.078073235625366,0.21853626387456734,-0.21853626387456734,1.078073235625366
924,A0,-7.2502918136846395e-06,0.6391205453205238,-7.250291813557598e-06,0.56430044478837,1.1,0.2,1.078073235625366,0.21853626387456734,-0.21853626387456734,1.078073235625366
925,A0,0.12331229456125228,0.6083587908295163,0.12269104723269314,0.5429707779520423,1.1,0.2,1.078073235625366,0.21853626387456734,-0.21853626387456734,1.078073235625366
926,A0,0.25092873947912075,0.5585498203636895,0.24579149251494814,0.5069006667158443,1.1,0.2,1.078073235625366,0.21853626387456734,-0.21853626387456734,1.078073235625366
927,A0,0.3757574074843859,0.49276168744063503,0.35901736029235837,0.45640559763338473,1.1,0.2,1.078073235625366,0.21853626387456734,-0.21853626387456734,1.078073235625366
928,A0,0.4867881813742995,0.4135803468137505,0.45166353706329476,0.39150847786610166,1.1,0.2,1.078073235625366,0.21853626387456734,-0.21853626387456734,1.078073235625366
929,A0,0.5724851708439002,0.32336994958968557,0.5171820611474836,0.3125508616289301,1.1,0.2,1.078073235625366,0.21853626387456734,-0.21853626387456734,1.078073235625366
930,A0,0.6258638356398267,0.2239296833076776,0.555197572118725,0.22026031761635065,1.1,0.2,1.078073235625366,0.21853626387456734,-0.21853626387456734,1.078073235625366
931,A0,0.6466785098770842,0.11612595016947312,0.5694297151490633,0.11560675528305948,1.1,0.2,1.078073235625366,0.21853626387456734,-0.21853626387456734,1.078073235625366
932,A0,0.6391512038502024,0.00019150624032239494,0.5643213402078858,0.00019150623798125415,1.1,0.2,1.078073235625366,0.21853626387456734,-0.21853626387456734,1.078073235625366
933,A0,0.6084215842281155,-0.12311821956409713,0.5430150572628015,-0.1224998891152164,1.1,0.2,1.078073235625366,0.21853626387456734,-0.21853626387456734,1.078073235625366
934,A0,0.5586393316843137,-0.2507323336640368,0.506967175238172,-0.2456069433475684,1.1,0.2,1.078073235625366,0.21853626387456734,-0.21853626387456734,1.078073235625366
935,A0,0.49287371918403794,-0.3755729844903622,0.45649428794937763,-0.35885669758123206,1.1,0.2,1.078073235625366,0.21853626387456734,-0.21853626387456734,1.078073235625366
936,A0,0.4137110720983151,-0.4866343572557702,0.39161916005903175,-0.45154108455072756,1.1,0.2,1.078073235625366,0.21853626387456734,-0.21853626387456734,1.078073235625366
937,A0,0.32351603341414237,-0.5723773461403868,0.3126826687916671,-0.5171030726983693,1.1,0.2,1.078073235625366,0.21853626387456734,-0.21853626387456734,1.078073235625366
938,A0,0.2240890429226468,-0.6258074849518095,0.22041194063880318,-0.5551585899920302,1.1,0.2,1.078073235625366,0.21853626387456734,-0.21853626387456734,1.078073235625366
939,A0,0.11629792990020958,-0.6466696194184708,0.1157764331429207,-0.5694237073930237,1.1,0.2,1.078073235625366,0.21853626387456734,-0.21853626387456734,1.078073235625366
940,A0,0.00037574431227611893,-0.6391818078147663,0.00037574429459311814,-0.5643421977172793,1.1,0.2,1.078073235625366,0.21853626387456734,-0.21853626387456734,1.078073235625366
941,A0,-0.12292415556845684,-0.6084843328473099,-0.12230873274521273,-0.5430593019806556,1.1,0.2,1.078073235625366,0.21853626387456734,-0.21853626387456734,1.078073235625366
942,A0,-0.25053592217305254,-0.5587288053293663,-0.24542237104050257,-0.5070336497347356,1.1,0.2,1.078073235625366,0.21853626387456734,-0.21853626387456734,1.078073235625366
943,A0,-0.37538852911419884,-0.4929857193020356,-0.35869598538716146,-0.4565829441617404,1.1,0.2,1.078073235625366,0.21853626387456734,-0.21853626387456734,1.078073235625366
944,A0,-0.4864804723381231,-0.4138417714304866,-0.451418566616838,-0.3917298089499573,1.1,0.2,1.078073235625366,0.21853626387456734,-0.21853626387456734,1.078073235625366
945,A0,-0.572269443630201,-0.32366209563353066,-0.5170240184326572,-0.31281444442266043,1.1,0.2,1.078073235625366,0.21853626387456734,-0.21853626387456734,1.078073235625366
946,A0,-0.6257510564178503,-0.2242483829274004,-0.5551195515691469,-0.22056353435397233,1.1,0.2,1.078073235625366,0.21853626387456734,-0.21853626387456734,1.078073235625366
947,A0,-0.6466606618637394,-0.1164698903383069,-0.5694176542350479,-0.11594608521265838,1.1,0.2,1.078073235625366,0.21853626387456734,-0.21853626387456734,1.078073235625366
948,A0,-0.6392123571966405,-0.0005599645025574362,-0.5643630173084254,-0.0005599644440299083,1.1,0.2,1.078073235625366,0.21853626387456734,-0.21853626387456734,1.078073235625366
949,A0,-0.6085470366744895,0.1227301025915506,-0.5431035121031293,0.12211757815494004,1.1,0.2,1.078073235625366,0.21853626387456734,-0.21853626387456734,1.078073235625366
950,A0,-0.5588182412891297,0.2503395050404035,-0.5071000902056914,0.24523777563604948,1.1,0.2,1.078073235625366,0.21853626387456734,-0.21853626387456734,1.078073235625366
951,A0,-0.493097687785553,0.3752040414015313,-0.45667156627013716,0.35853522374542574,1.1,0.2,1.078073235625366,0.21853626387456734,-0.21853626387456734,1.078073235625366
952,A0,-0.4139724448021931,0.4863265266593183,-0.3918404245367536,0.4512959832739307,1.1,0.2,1.078073235625366,0.21853626387456734,-0.21853626387456734,1.078073235625366
953,A0,-0.3238081362428709,0.572161463326144,-0.3129461885187878,0.5169448983410093,1.1,0.2,1.078073235625366,0.21853626387456734,-0.21853626387456734,1.078073235625366
954,A0,-0.2244077033206131,0.6256945500271996,-0.22071509875795514,0.5550804568325344,1.1,0.2,1.078073235625366,0.21853626387456734,-0.21853626387456734,1.078073235625366
955,A0,-0.11664183148339077,0.6466516371931262,-0.11611571148454927,0.5694115556603925,1.1,0.2,1.078073235625366,0.21853626387456734,-0.21853626387456734,1.078073235625366
956,A0,-0.0007441668060620826,0.639242851978243,-0.0007441666686928312,0.5643837989731885,1.1,0.2,1.078073235625366,0.21853626387456734,-0.21853626387456734,1.078073235625366
957,A0,0.12253606065057325,0.6086096956970375,0.12192642537663344,0.5431476876277406,1.1,0.2,1.078073235625366,0.21853626387456734,-0.21853626387456734,1.078073235625366
958,A0,0.2501430823002989,0.5589076395538831,0.24505315717650264,0.5071664966511934,1.1,0.2,1.078073235625366,0.21853626387456734,-0.21853626387456734,1.078073235625366
959,A0,0.37501952139798866,0.4932096246255134,0.35837441269132947,0.4567601542742337,1.1,0.2,1.078073235625366,0.21853626387456734,-0.21853626387456734,1.078073235625366
960,A0,0.4861725202573438,0.414103092205359,0.4511733345343492,0.391951006817298,1.1,0.2,1.078073235625366,0.21853626387456734,-0.21853626387456734,1.078073235625366
961,A0,0.5720534052410589,0.3239541552371773,0.5168657124141111,0.3130779010769274,1.1,0.2,1.078073235625366,0.21853626387456734,-0.21853626387456734,1.078073235625366
962,A0,0.6256379657691337,0.22456700410095498,0.5550413057646537,0.22086663384685096,1.1,0.2,1.078073235625366,0.21853626387456734,-0.21853626387456734,1.078073235625366
963,A0,0.6466425453868712,0.11681375333508878,0.5694054116543057,0.11628531195087984,1.1,0.2,1.078073235625366,0.21853626387456734,-0.21853626387456734,1.078073235625366
964,A0,0.6392732921419846,0.0009283512176980618,0.564404542703423,0.0009283509510026589,1.1,0.2,1.078073235625366,0.21853626387456734,-0.21853626387456734,1.078073235625366
965,A0,0.6086723099023308,-0.12234202976269644,0.5431918285520009,-0.12173527444250626,1.1,0.2,1.078073235625366,0.21853626387456734,-0.21853626387456734,1.078073235625366
966,A0,0.5589970001139042,-0.24994665398692345,0.5072328690713952,-0.24486851570415172,1.1,0.2,1.078073235625366,0.21853626387456734,-0.21853626387456734,1.078073235625366
967,A0,0.49332152981284044,-0.37483496914919584,0.4568487081736991,-0.35821355226020435,1.1,0.2,1.078073235625366,0.21853626387456734,-0.21853626387456734,1.078073235625366
968,A0,0.4142337136319062,-0.4860184531702173,0.3920615557894708,-0.45105062041047683,1.1,0.2,1.078073235625366,0.21853626387456734,-0.21853626387456734,1.078073235625366
969,A0,0.3241001526114584,-0.5719452693878326,0.31320958209395866,-0.5167864606426724,1.1,0.2,1.078073235625366,0.21853626387456734,-0.21853626387456734,1.078073235625366
970,A0,0.2247262852670919,-0.6255813036329549,0.22101813961676184,-0.5550020983479684,1.1,0.2,1.078073235625366,0.21853626387456734,-0.21853626387456734,1.078073235625366
971,A0,0.1169856558930311,-0.6466333864252166,0.11645488660394694,-0.5693992222020263,1.1,0.2,1.078073235625366,0.21853626387456734,-0.21853626387456734,1.078073235625366
972,A0,0.001112517732386728,-0.6393036776702682,0.0011125172734008156,-0.564425248490973,1.1,0.2,1.078073235625366,0.21853626387456734,-0.21853626387456734,1.078073235625366
973,A0,-0.12214800994506719,-0.6087348792777394,-0.12154412538474864,-0.5432359348734147,1.1,0.2,1.078073235625366,0.21853626387456734,-0.21853626387456734,1.078073235625366
974,A0,-0.24975022013443499,-0.5590863229594678,-0.24468385126128056,-0.5072992074664481,1.1,0.2,1.078073235625366,0.21853626387456734,-0.21853626387456734,1.078073235625366
975,A0,-0.3746503847007711,-0.4934334033384569,-0.3580526424874071,-0.45693722796820424,1.1,0.2,1.078073235625366,0.21853626387456734,-0.21853626387456734,1.078073235625366
976,A0,-0.4858643254359842,-0.41436430907375327,-0.4509278409147358,-0.3921720714511544,1.1,0.2,1.078073235625366,0.21853626387456734,-0.21853626387456734,1.078073235625366
977,A0,-0.5718370557793947,-0.3242461283607166,-0.5167071430174269,-0.3133412315667613,1.1,0.2,1.078073235625366,0.21853626387456734,-0.21853626387456734,1.078073235625366
978,A0,-0.6255245636079919,-0.2248855468176852,-0.5549628345649448,-0.22116961606379226,1.1,0.2,1.078073235625366,0.21853626387456734,-0.21853626387456734,1.078073235625366
979,A0,-0.6466241602884083,-0.11715753915684979,-0.5693929872887847,-0.11662443543605719,1.1,0.2,1.078073235625366,0.21853626387456734,-0.21853626387456734,1.078073235625366
980,A0,-0.6393340085454897,-0.0012966663450617172,-0.5644459163276723,-0.0012966656183483146,1.1,0.2,1.078073235625366,0.21853626387456734,-0.21853626387456734,1.078073235625366
981,A0,-0.6087974038106266,0.1219540012148092,-0.5432800065894803,0.12135297823552879,1.1,0.2,1.078073235625366,0.21853626387456734,-0.21853626387456734,1.078073235625366
982,A0,-0.559175608080847,0.2495537807769665,-0.5073655118365025,0.24449916389016887,1.1,0.2,1.078073235625366,0.21853626387456734,-0.21853626387456734,1.078073235625366
983,A0,-0.493545245193285,0.3744657680983278,-0.4570257136574225,0.357891683408321,1.1,0.2,1.078073235625366,0.21853626387456734,-0.21853626387456734,1.078073235625366
984,A0,-0.4144948785228155,0.48571013709271865,-0.3922825538002338,0.4508049960595876,1.1,0.2,1.078073235625366,0.21853626387456734,-0.21853626387456734,1.078073235625366
985,A0,-0.32439208247994844,0.571728764428717,-0.3134728494922162,0.5166277595291321,1.1,0.2,1.078073235625366,0.21853626387456734,-0.21853626387456734,1.078073235625366
986,A0,-0.22504478875139194,0.6254677456835984,-0.2213210631840494,0.5549235143980505,1.1,0.2,1.078073235625366,0.21853626387456734,-0.21853626387456734,1.078073235625366
987,A0,-0.11732940312617954,0.6466148669566949,-0.11679395843952758,0.5693867068998021,1.1,0.2,1.078073235625366,0.21853626387456734,-0.21853626387456734,1.078073235625366
988,A0,-0.0014807970506699325,0.6393642847500373,-0.0014807959683267482,0.5644665462053442,1.1,0.2,1.078073235625366,0.21853626387456734,-0.21853626387456734,1.078073235625366
989,A0,0.12176000358902174,0.6088598834883492,0.12116183302699192,0.5433240436976887,1.1,0.2,1.078073235625366,0.21853626387456734,-0.21853626387456734,1.078073235625366
990,A0,0.24935733594862455,0.5592648554683121,0.24431445363309082,0.5074317821817069,1.1,0.2,1.078073235625366,0.21853626387456734,-0.21853626387456734,1.078073235625366
991,A0,0.37428111938747316,0.4936570553682469,0.3577306750583549,0.4571141652410299,1.1,0.2,1.078073235625366,0.21853626387456734,-0.21853626387456734,1.078073235625366
992,A0,0.4855558881785233,0.41462542197100555,0.450682085857533,0.39239300283459655,1.1,0.2,1.078073235625366,0.21853626387456734,-0.21853626387456734,1.078073235625366
993,A0,0.5716203953488148,0.32453801496414464,0.5165483101685697,0.3136044358672048,1.1,0.2,1.078073235625366,0.21853626387456734,-0.21853626387456734,1.078073235625366
994,A0,0.6254108498491553,0.22520401106686463,0.5548841378297567,0.22147248097364275,1.1,0.2,1.078073235625366,0.21853626387456734,-0.21853626387456734,1.078073235625366
995,A0,0.6466055064103283,0.11750124780065685,0.5693803810202908,0.1169634556066848,1.1,0.2,1.078073235625366,0.21853626387456734,-0.21853626387456734,1.078073235625366
996,A0,0.6393945062662922,0.001664909844170559,0.5644871381158023,0.0016649083058373083,1.1,0.2,1.078073235625366,0.21853626387456734,-0.21853626387456734,1.078073235625366
997,A0,0.6089223182982573,-0.12156601708478074,0.5433680461955249,-0.1209706897912612,1.1,0.2,1.078073235625366,0.21853626387456734,-0.21853626387456734,1.078073235625366
998,A0,0.5593540651121314,-0.2491608856834907,0.507498018502209,-0.2441297205323162,1.1,0.2,1.078073235625366,0.21853626387456734,-0.21853626387456734,1.078073235625366
999,A0,0.4937688338542636,-0.3740964386138093,0.45720258271870445,-0.3575696174729438,1.1,0.2,1.078073235625366,0.21853626387456734,-0.21853626387456734,1.078073235625366
1000,A0,0.41475593941023237,-0.4854015787315294,0.3925034185521323,-0.4505591103211123,1.1,0.2,1.078073235625366,0.21853626387456734,-0.21853626387456734,1.078073235625366
