t,condition,a1,a2,o1,o2,alpha,phi,w11,w12,w21,w22
0,A0,0.0,0.1,0.0,0.09966799462495582,1.1,0.2,1.078073235625366,0.21853626387456734,-0.21853626387456734,1.078073235625366
1,A0,0.021781071173208304,0.1074493974536177,0.021777627403977512,0.10703778378462248,1.1,0.2,1.078073235625366,0.21853626387456734,-0.21853626387456734,1.078073235625366
2,A0,0.046869514601354814,0.11063536856993865,0.046835224507840875,0.11018616863976179,1.1,0.2,1.078073235625366,0.21853626387456734,-0.21853626387456734,1.078073235625366
3,A0,0.074571475651595,0.10855356436496011,0.07443355413406107,0.10812917072751052,1.1,0.2,1.078073235625366,0.21853626387456734,-0.21853626387456734,1.078073235625366
4,A0,0.10387496753104843,0.1003047341243318,0.1035029690546635,0.09996969243655074,1.1,0.2,1.078073235625366,0.21853626387456734,-0.21853626387456734,1.078073235625366
5,A0,0.13343078383136658,0.08515549763241381,0.13264452552650913,0.08495025906323395,1.1,0.2,1.078073235625366,0.21853626387456734,-0.21853626387456734,1.078073235625366
6,A0,0.16156522505321091,0.0625949616235357,0.16017395361052206,0.06251333783010979,1.1,0.2,1.078073235625366,0.21853626387456734,-0.21853626387456734,1.078073235625366
7,A0,0.18634068372352364,0.0323901389921863,0.18421346420050583,0.03237881668409283,1.1,0.2,1.078073235625366,0.21853626387456734,-0.21853626387456734,1.078073235625366
8,A0,0.205671551023218,-0.005350586553429369,0.20281977151160666,-0.0053505354937652795,1.1,0.2,1.078073235625366,0.21853626387456734,-0.21853626387456734,1.078073235625366
9,A0,0.21748528128577946,-0.050091744218131826,0.21411993228742257,-0.050049889777488143,1.1,0.2,1.078073235625366,0.21853626387456734,-0.21853626387456734,1.078073235625366
10,A0,0.21989925229367974,-0.10075041663827825,0.21642203475195573,-0.10041090113930497,1.1,0.2,1.078073235625366,0.21853626387456734,-0.21853626387456734,1.078073235625366
11,A0,0.21137538007840406,-0.15554636797813343,0.20828258975573544,-0.15430392630013387,1.1,0.2,1.078073235625366,0.21853626387456734,-0.21853626387456734,1.078073235625366
12,A0,0.19082288190758856,-0.21186823209142097,0.18853995950104202,-0.208754012610631,1.1,0.2,1.078073235625366,0.21853626387456734,-0.21853626387456734,1.078073235625366
13,A0,0.1576395621992122,-0.26625493216534135,0.15634661944239137,-0.26013661497642865,1.1,0.2,1.078073235625366,0.21853626387456734,-0.21853626387456734,1.078073235625366
14,A0,0.11170382196742107,-0.31461372829462747,0.11124152530589482,-0.3046285393801388,1.1,0.2,1.078073235625366,0.21853626387456734,-0.21853626387456734,1.078073235625366
15,A0,0.05335412825672502,-0.35272218244143383,0.05330355876336213,-0.33878750137124536,1.1,0.2,1.078073235625366,0.21853626387456734,-0.21853626387456734,1.078073235625366
16,A0,-0.016572214730707184,-0.3768864983760952,-0.016570697775719612,-0.3600005197922409,1.1,0.2,1.078073235625366,0.21853626387456734,-0.21853626387456734,1.078073235625366
17,A0,-0.09653759435593866,-0.38448562681753434,-0.09623881383529437,-0.36659662647193625,1.1,0.2,1.078073235625366,0.21853626387456734,-0.21853626387456734,1.078073235625366
18,A0,-0.1838671465223603,-0.37418634045465876,-0.1818227810355687,-0.35764802230058623,1.1,0.2,1.078073235625366,0.21853626387456734,-0.21853626387456734,1.078073235625366
19,A0,-0.27417733643711606,-0.3458358893618093,-0.2675075567265489,-0.332677438017976,1.1,0.2,1.078073235625366,0.21853626387456734,-0.21853626387456734,1.078073235625366
20,A0,-0.3610948216142381,-0.30019054001836265,-0.3461780181490449,-0.29148697298481197,1.1,0.2,1.078073235625366,0.21853626387456734,-0.21853626387456734,1.078073235625366
21,A0,-0.43690573017252526,-0.23859185338658545,-0.41107632846008074,-0.234165255940299,1.1,0.2,1.078073235625366,0.21853626387456734,-0.21853626387456734,1.078073235625366
22,A0,-0.49434398767437976,-0.16261221015365954,-0.4576573900720936,-0.1611939061616656,1.1,0.2,1.078073235625366,0.21853626387456734,-0.21853626387456734,1.078073235625366
23,A0,-0.5286148973348002,-0.0737640998178576,-0.48432159930862634,-0.07363060336869662,1.1,0.2,1.078073235625366,0.21853626387456734,-0.21853626387456734,1.078073235625366
24,A0,-0.5382251106169279,0.026462650011923716,-0.4916432661236209,0.02645647472541475,1.1,0.2,1.078073235625366,0.21853626387456734,-0.21853626387456734,1.078073235625366
25,A0,-0.5242457475415309,0.13596389984821436,-0.4809702392737243,0.13513223125595603,1.1,0.2,1.078073235625366,0.21853626387456734,-0.21853626387456734,1.078073235625366
26,A0,-0.48898984914561977,0.2507918809131201,-0.4534143208866122,0.2456628977231931,1.1,0.2,1.078073235625366,0.21853626387456734,-0.21853626387456734,1.078073235625366
27,A0,-0.4351275921560814,0.36393006669533057,-0.4095975875419432,0.3486710360943449,1.1,0.2,1.078073235625366,0.21853626387456734,-0.21853626387456734,1.078073235625366
28,A0,-0.36537893095635426,0.46540483852453146,-0.3499431162505428,0.43447904507471247,1.1,0.2,1.078073235625366,0.21853626387456734,-0.21853626387456734,1.078073235625366
29,A0,-0.28231488037862884,0.5448754911291315,-0.2750461987120901,0.49666965408470437,1.1,0.2,1.078073235625366,0.21853626387456734,-0.21853626387456734,1.078073235625366
30,A0,-0.1879796148084553,0.5955538296754705,-0.1857962995179513,0.5338782193761521,1.1,0.2,1.078073235625366,0.21853626387456734,-0.21853626387456734,1.078073235625366
31,A0,-0.08363026636206644,0.6161630485311304,-0.083435839648148,0.5484508726669487,1.1,0.2,1.078073235625366,0.21853626387456734,-0.21853626387456734,1.078073235625366
32,A0,0.02990645901478292,0.6095039635475568,0.029897546128092502,0.5437778318054787,1.1,0.2,1.078073235625366,0.21853626387456734,-0.21853626387456734,1.078073235625366
33,A0,0.1510669200321535,0.5796986285660276,0.14992813741120672,0.5224463521427539,1.1,0.2,1.078073235625366,0.21853626387456734,-0.21853626387456734,1.078073235625366
34,A0,0.2758069860823581,0.5304706942956903,0.2690199275186536,0.4857408095609839,1.1,0.2,1.078073235625366,0.21853626387456734,-0.21853626387456734,1.078073235625366
35,A0,0.3961751654406015,0.4648735563709611,0.37667153854852176,0.43404795466895735,1.1,0.2,1.078073235625366,0.21853626387456734,-0.21853626387456734,1.078073235625366
36,A0,0.5009347226867411,0.385619092164256,0.4628519501891236,0.36757735397585406,1.1,0.2,1.078073235625366,0.21853626387456734,-0.21853626387456734,1.078073235625366
37,A0,0.5793172811786816,0.29512537142197104,0.522169038360804,0.28684535135533834,1.1,0.2,1.078073235625366,0.21853626387456734,-0.21853626387456734,1.078073235625366
38,A0,0.6256225761240011,0.19512742530539884,0.5550306571296366,0.19268809577471227,1.1,0.2,1.078073235625366,0.21853626387456734,-0.21853626387456734,1.078073235625366
39,A0,0.6404730329467309,0.08643755273337769,0.5652215494708028,0.08622292284967449,1.1,0.2,1.078073235625366,0.21853626387456734,-0.21853626387456734,1.078073235625366
40,A0,0.6281930601030842,-0.03056678026111831,0.5568067424584815,-0.0305572640174981,1.1,0.2,1.078073235625366,0.21853626387456734,-0.21853626387456734,1.078073235625366
41,A0,0.5936005761476222,-0.15462543368824772,0.5324802377600792,-0.15340479166471332,1.1,0.2,1.078073235625366,0.21853626387456734,-0.21853626387456734,1.078073235625366
42,A0,0.54052818279771,-0.2817478418575417,0.4933876773220398,-0.27452197518576316,1.1,0.2,1.078073235625366,0.21853626387456734,-0.21853626387456734,1.078073235625366
43,A0,0.4719150428996921,-0.4037778936824913,0.4397453345361805,-0.38317682596566094,1.1,0.2,1.078073235625366,0.21853626387456734,-0.21853626387456734,1.078073235625366
44,A0,0.39033964370472823,-0.5091929830512665,0.37165299491693266,-0.46931617203458914,1.1,0.2,1.078073235625366,0.21853626387456734,-0.21853626387456734,1.078073235625366
45,A0,0.2981065439476025,-0.5871768610835804,0.28957888660262043,-0.5278621393633447,1.1,0.2,1.078073235625366,0.21853626387456734,-0.21853626387456734,1.078073235625366
46,A0,0.19683022747117643,-0.6323575325226625,0.194327135736808,-0.5596734240320518,1.1,0.2,1.078073235625366,0.21853626387456734,-0.21853626387456734,1.078073235625366
47,A0,0.08718994491573917,-0.6458364653531294,0.08696967286813247,-0.5688604309020187,1.1,0.2,1.078073235625366,0.21853626387456734,-0.21853626387456734,1.078073235625366
48,A0,-0.030556956605176475,-0.6322792327407742,-0.030547449531413647,-0.5596196480743115,1.1,0.2,1.078073235625366,0.21853626387456734,-0.21853626387456734,1.078073235625366
49,A0,-0.15522957483739394,-0.5966352392275095,-0.15399466080226512,-0.5346509527080407,1.1,0.2,1.078073235625366,0.21853626387456734,-0.21853626387456734,1.078073235625366
50,A0,-0.2828581439219219,-0.5427394646877837,-0.27554828907179224,-0.49505883777346404,1.1,0.2,1.078073235625366,0.21853626387456734,-0.21853626387456734,1.078073235625366
51,A0,-0.4052495443757591,-0.47349238945259275,-0.38443169378227326,-0.4410167772201008,1.1,0.2,1.078073235625366,0.21853626387456734,-0.21853626387456734,1.078073235625366
52,A0,-0.5108236787924785,-0.3914361179085955,-0.47058672103999727,-0.3725976322554778,1.1,0.2,1.078073235625366,0.21853626387456734,-0.21853626387456734,1.078073235625366
53,A0,-0.5887530434755434,-0.298847271146949,-0.5289981906119499,-0.29025735377804107,1.1,0.2,1.078073235625366,0.21853626387456734,-0.21853626387456734,1.078073235625366
54,A0,-0.6337305486497605,-0.19731339637880752,-0.560615639727707,-0.19479201503473043,1.1,0.2,1.078073235625366,0.21853626387456734,-0.21853626387456734,1.078073235625366
55,A0,-0.6469538358617221,-0.0874852105467332,-0.5696157374589266,-0.08726269765824274,1.1,0.2,1.078073235625366,0.21853626387456734,-0.21853626387456734,1.078073235625366
56,A0,-0.6331575450673222,0.030406116294610458,-0.5602225991660402,0.030396749283729912,1.1,0.2,1.078073235625366,0.21853626387456734,-0.21853626387456734,1.078073235625366
57,A0,-0.5973181981309872,0.15519887561264947,-0.5351385085838525,0.15396468944817085,1.1,0.2,1.078073235625366,0.21853626387456734,-0.21853626387456734,1.078073235625366
58,A0,-0.5432716354561152,0.2829323812467674,-0.49546047654682046,0.275616888386305,1.1,0.2,1.078073235625366,0.21853626387456734,-0.21853626387456734,1.078073235625366
59,A0,-0.4739103940266397,0.405411272097674,-0.44135341958241214,0.3845695115619612,1.1,0.2,1.078073235625366,0.21853626387456734,-0.21853626387456734,1.078073235625366
60,A0,-0.39176892484671255,0.5110458250162747,-0.3728842003947487,0.470759654487748,1.1,0.2,1.078073235625366,0.21853626387456734,-0.21853626387456734,1.078073235625366
61,A0,-0.29911842035850944,0.5890021039276097,-0.2905056393028984,0.5291775305826304,1.1,0.2,1.078073235625366,0.21853626387456734,-0.21853626387456734,1.078073235625366
62,A0,-0.19754187407079352,0.6339781496632055,-0.1950118135992677,0.5607853986769697,1.1,0.2,1.078073235625366,0.21853626387456734,-0.21853626387456734,1.078073235625366
63,A0,-0.08768507100985855,0.6471848823985291,-0.08746103276655286,0.569771797612391,1.1,0.2,1.078073235625366,0.21853626387456734,-0.21853626387456734,1.078073235625366
64,A0,0.03022640132553428,0.6333691327554851,0.030217199385618593,0.5603677629842245,1.1,0.2,1.078073235625366,0.21853626387456734,-0.21853626387456734,1.078073235625366
65,A0,0.15503703123151216,0.5975139335220652,0.15380667767240722,0.5352781759687399,1.1,0.2,1.078073235625366,0.21853626387456734,-0.21853626387456734,1.078073235625366
66,A0,0.2827925553688814,0.5434567384287757,0.2754876793563094,0.4956001274319878,1.1,0.2,1.078073235625366,0.21853626387456734,-0.21853626387456734,1.078073235625366
67,A0,0.4053024940833259,0.4740891847669441,0.3844768172543486,0.4414973718056822,1.1,0.2,1.078073235625366,0.21853626387456734,-0.21853626387456734,1.078073235625366
68,A0,0.5109773525451927,0.3919443729534969,0.47070635480155365,0.3730352438527916,1.1,0.2,1.078073235625366,0.21853626387456734,-0.21853626387456734,1.078073235625366
69,A0,0.5889776514354597,0.2992929041823284,0.5291599252661496,0.290665389722378,1.1,0.2,1.078073235625366,0.21853626387456734,-0.21853626387456734,1.078073235625366
70,A0,0.6339940811025284,0.19771794412250243,0.5607963198954861,0.19518118195888945,1.1,0.2,1.078073235625366,0.21853626387456734,-0.21853626387456734,1.078073235625366
71,A0,0.6472336694004422,0.08786527582303703,0.5698047454909223,0.08763985629486606,1.1,0.2,1.078073235625366,0.21853626387456734,-0.21853626387456734,1.078073235625366
72,A0,0.6334437324072707,-0.03004081677203653,0.5604189353086673,-0.03003178324784874,1.1,0.2,1.078073235625366,0.21853626387456734,-0.21853626387456734,1.078073235625366
73,A0,0.5976096211854619,-0.15484832206452695,0.5353464434451718,-0.15362242735708823,1.1,0.2,1.078073235625366,0.21853626387456734,-0.21853626387456734,1.078073235625366
74,A0,0.5435706011435082,-0.28260883895452404,0.49568601839798704,-0.2753178972255311,1.1,0.2,1.078073235625366,0.21853626387456734,-0.21853626387456734,1.078073235625366
75,A0,0.4742188850711028,-0.40513822680305644,0.44160178495619545,-0.3843368235211496,1.1,0.2,1.078073235625366,0.21853626387456734,-0.21853626387456734,1.078073235625366
76,A0,0.39208753168393173,-0.5108492471080881,0.3731584747063547,-0.47060662696499184,1.1,0.2,1.078073235625366,0.21853626387456734,-0.21853626387456734,1.078073235625366
77,A0,0.29944755021616454,-0.5888970679343474,0.29080696390944505,-0.5291019034954233,1.1,0.2,1.078073235625366,0.21853626387456734,-0.21853626387456734,1.078073235625366
78,A0,0.19788325132543277,-0.6339624684783274,0.19534018653752747,-0.5607746488207109,1.1,0.2,1.078073235625366,0.21853626387456734,-0.21853626387456734,1.078073235625366
79,A0,0.08804143031932406,-0.6472450546612944,0.08781465509311127,-0.5698124341644567,1.1,0.2,1.078073235625366,0.21853626387456734,-0.21853626387456734,1.078073235625366
80,A0,-0.02985405112001724,-0.6334902212367239,-0.029845184996823707,-0.560450822589346,1.1,0.2,1.078073235625366,0.21853626387456734,-0.21853626387456734,1.078073235625366
81,A0,-0.154654124011467,-0.5976847764939429,-0.15343280669438417,-0.5354000573995924,1.1,0.2,1.078073235625366,0.21853626387456734,-0.21853626387456734,1.078073235625366
82,A0,-0.2824161305864319,-0.5436698399040057,-0.2751397866934126,-0.49576087005337705,1.1,0.2,1.078073235625366,0.21853626387456734,-0.21853626387456734,1.078073235625366
83,A0,-0.40496256840651024,-0.474338504247667,-0.38418710236201503,-0.4416980718548519,1.1,0.2,1.078073235625366,0.21853626387456734,-0.21853626387456734,1.078073235625366
84,A0,-0.5107088789127108,-0.3922240555150548,-0.47049733897904256,-0.3732759819826694,1.1,0.2,1.078073235625366,0.21853626387456734,-0.21853626387456734,1.078073235625366
85,A0,-0.5888049270828639,-0.29959811505388645,-0.5290355541325114,-0.29094478964025894,1.1,0.2,1.078073235625366,0.21853626387456734,-0.21853626387456734,1.078073235625366
86,A0,-0.6339210589262491,-0.19804633729888493,-0.5607462605970186,-0.19549704451244765,1.1,0.2,1.078073235625366,0.21853626387456734,-0.21853626387456734,1.078073235625366
87,A0,-0.6472487292329228,-0.08821673856022368,-0.5698149156481535,-0.08798860877991406,1.1,0.2,1.078073235625366,0.21853626387456734,-0.21853626387456734,1.078073235625366
88,A0,-0.6335309116466831,0.029667058600212765,-0.5604787312965446,0.029658357997342483,1.1,0.2,1.078073235625366,0.21853626387456734,-0.21853626387456734,1.078073235625366
89,A0,-0.5977556925986722,0.15445880988823485,-0.5354506432536943,0.15324208487017787,1.1,0.2,1.078073235625366,0.21853626387456734,-0.21853626387456734,1.078073235625366
90,A0,-0.5437660547943157,0.2822215733358658,-0.4958334338980407,0.27495994817223923,1.1,0.2,1.078073235625366,0.21853626387456734,-0.21853626387456734,1.078073235625366
91,A0,-0.4744560346249909,0.40478454714160395,-0.44179266747503804,0.38403534661017585,1.1,0.2,1.078073235625366,0.21853626387456734,-0.21853626387456734,1.078073235625366
92,A0,-0.3923592006564133,0.510565947671715,-0.3733922908132608,0.47038604062077743,1.1,0.2,1.078073235625366,0.21853626387456734,-0.21853626387456734,1.078073235625366
93,A0,-0.2997478272186045,0.5887103569989423,-0.29108182286940204,0.5289674487857667,1.1,0.2,1.078073235625366,0.21853626387456734,-0.21853626387456734,1.078073235625366
94,A0,-0.1982089526436429,0.6338775831046444,-0.1956534398726761,0.5607164544282658,1.1,0.2,1.078073235625366,0.21853626387456734,-0.21853626387456734,1.078073235625366
95,A0,-0.0883918579410216,0.6472507740578455,-0.08816236970811993,0.5698162965392299,1.1,0.2,1.078073235625366,0.21853626387456734,-0.21853626387456734,1.078073235625366
96,A0,0.029480033368893266,0.6335703734124515,0.029471496242502625,0.5605057960863328,1.1,0.2,1.078073235625366,0.21853626387456734,-0.21853626387456734,1.078073235625366
97,A0,0.15426327386962288,0.5978257064939345,0.15305113493133973,0.5355005817754608,1.1,0.2,1.078073235625366,0.21853626387456734,-0.21853626387456734,1.078073235625366
98,A0,0.2820266286954303,0.5438616216642795,0.27477973226856617,0.4959055021619354,1.1,0.2,1.078073235625366,0.21853626387456734,-0.21853626387456734,1.078073235625366
99,A0,0.40460601072835545,0.47457311320171325,0.3838831308741399,0.4418868896920313,1.1,0.2,1.078073235625366,0.21853626387456734,-0.21853626387456734,1.078073235625366
100,A0,0.5104224389319294,0.3924940437650113,0.4702742775154418,0.3735083280094538,1.1,0.2,1.078073235625366,0.21853626387456734,-0.21853626387456734,1.078073235625366
101,A0,0.5886152265216762,0.2998973481056363,0.5288989329927025,0.2912186690999247,1.1,0.2,1.078073235625366,0.21853626387456734,-0.21853626387456734,1.078073235625366
102,A0,0.6338336239258678,0.19837145608759826,0.5606863154017698,0.19580971767103128,1.1,0.2,1.078073235625366,0.21853626387456734,-0.21853626387456734,1.078073235625366
103,A0,0.6472524343462115,0.08856692332299801,0.5698174177464899,0.08833607169358541,1.1,0.2,1.078073235625366,0.21853626387456734,-0.21853626387456734,1.078073235625366
104,A0,0.6336095423389212,-0.02929301493183356,0.5605326588488027,-0.02928463921615292,1.1,0.2,1.078073235625366,0.21853626387456734,-0.21853626387456734,1.078073235625366
105,A0,0.5978955015556053,-0.15406769879837423,0.5355503604837353,-0.1528601354229145,1.1,0.2,1.078073235625366,0.21853626387456734,-0.21853626387456734,1.078073235625366
106,A0,0.5439570270763475,-0.28183159569030625,0.49597744185494247,-0.274599415355106,1.1,0.2,1.078073235625366,0.21853626387456734,-0.21853626387456734,1.078073235625366
107,A0,0.4746900752439043,-0.4044273373217575,0.4419810083904336,-0.3837307774506513,1.1,0.2,1.078073235625366,0.21853626387456734,-0.21853626387456734,1.078073235625366
108,A0,0.39262880536268835,-0.51027875913242,0.37362428338541004,-0.47016236607713874,1.1,0.2,1.078073235625366,0.21853626387456734,-0.21853626387456734,1.078073235625366
109,A0,0.3000468132005931,-0.5885199182499189,0.29135545235750415,-0.5288302822324175,1.1,0.2,1.078073235625366,0.21853626387456734,-0.21853626387456734,1.078073235625366
110,A0,0.19853392113734114,-0.6337895054806713,0.19596594860448838,-0.5606560656861809,1.1,0.2,1.078073235625366,0.21853626387456734,-0.21853626387456734,1.078073235625366
111,A0,0.08874196237076297,-0.6472539650619491,0.08850974217876485,-0.5698184514503406,1.1,0.2,1.078073235625366,0.21853626387456734,-0.21853626387456734,1.078073235625366
112,A0,-0.029106011331721027,-0.6336486100463526,-0.02909779496743207,-0.56055945101844,1.1,0.2,1.078073235625366,0.21853626387456734,-0.21853626387456734,1.078073235625366
113,A0,-0.1538721220752514,-0.5979652177206576,-0.1526691228806734,-0.5356000792070703,1.1,0.2,1.078073235625366,0.21853626387456734,-0.21853626387456734,1.078073235625366
114,A0,-0.28163653552488965,-0.544052370668619,-0.27441905401156047,-0.49604932813194197,1.1,0.2,1.078073235625366,0.21853626387456734,-0.21853626387456734,1.078073235625366
115,A0,-0.40424860434293897,-0.474806989409312,-0.3835783523270534,-0.4420750788382016,1.1,0.2,1.078073235625366,0.21853626387456734,-0.21853626387456734,1.078073235625366
116,A0,-0.5101349914904285,-0.392763530611722,-0.470050371084029,-0.37374019581379875,1.1,0.2,1.078073235625366,0.21853626387456734,-0.21853626387456734,1.078073235625366
117,A0,-0.5884245105143598,-0.3001962502546822,-0.528761552896691,-0.2914921980441733,1.1,0.2,1.078073235625366,0.21853626387456734,-0.21853626387456734,1.078073235625366
118,A0,-0.6337452941147879,-0.19869636285447465,-0.5606257507584878,-0.19612214715507464,1.1,0.2,1.078073235625366,0.21853626387456734,-0.21853626387456734,1.078073235625366
119,A0,-0.647255418397431,-0.08891698075863118,-0.5698194328970538,-0.08868338678537989,1.1,0.2,1.078073235625366,0.21853626387456734,-0.21853626387456734,1.078073235625366
120,A0,-0.633687615761358,0.028919024210516564,-0.5605861995037401,0.028910965150448713,1.1,0.2,1.078073235625366,0.21853626387456734,-0.21853626387456734,1.078073235625366
121,A0,-0.5980348836369371,0.15367655136398664,-0.5356497583861908,0.15247810480347068,1.1,0.2,1.078073235625366,0.21853626387456734,-0.21853626387456734,1.078073235625366
122,A0,-0.544147672838921,0.2814414607505341,-0.4961211763830004,0.27423865984788925,1.1,0.2,1.078073235625366,0.21853626387456734,-0.21853626387456734,1.078073235625366
123,A0,-0.47492386975235806,0.40406982767157423,-0.44216911235280826,0.3834258690329999,1.1,0.2,1.078073235625366,0.21853626387456734,-0.21853626387456734,1.078073235625366
124,A0,-0.39289822875645697,0.5099911530651905,-0.37385607325389925,0.4699383058017634,1.1,0.2,1.078073235625366,0.21853626387456734,-0.21853626387456734,1.078073235625366
125,A0,-0.3003456649495637,0.5883290193557335,-0.29162891136053515,0.5286927565211276,1.1,0.2,1.078073235625366,0.21853626387456734,-0.21853626387456734,1.078073235625366
126,A0,-0.19885878432468163,0.6337010034009645,-0.1962783162865905,0.5605953799164998,1.1,0.2,1.078073235625366,0.21853626387456734,-0.21853626387456734,1.078073235625366
127,A0,-0.08909197964988808,0.6472568050240743,-0.08885700665905072,0.5698203692933479,1.1,0.2,1.078073235625366,0.21853626387456734,-0.21853626387456734,1.078073235625366
128,A0,0.028732053908086988,0.633726567503667,0.02872415011835676,0.5606129098095103,1.1,0.2,1.078073235625366,0.21853626387456734,-0.21853626387456734,1.078073235625366
129,A0,0.15348098824830578,0.5981045051618523,0.15228708275294617,0.5356994022055375,1.1,0.2,1.078073235625366,0.21853626387456734,-0.21853626387456734,1.078073235625366
130,A0,0.28124637396525387,0.5442429377571121,0.2740582352732673,0.49619298975984283,1.1,0.2,1.078073235625366,0.21853626387456734,-0.21853626387456734,1.078073235625366
131,A0,0.40389101059369653,0.4750407191443408,0.3832733303619273,0.44226311125130974,1.1,0.2,1.078073235625366,0.21853626387456734,-0.21853626387456734,1.078073235625366
132,A0,0.5098472473745961,0.3930329016843823,0.4698261729509001,0.3739719173338276,1.1,0.2,1.078073235625366,0.21853626387456734,-0.21853626387456734,1.078073235625366
133,A0,0.588233448062803,0.3004950584459254,0.5286238954574634,0.29176559336927127,1.1,0.2,1.078073235625366,0.21853626387456734,-0.21853626387456734,1.078073235625366
134,A0,0.6336566361067795,0.19902118617967118,0.5605649550500313,0.19643445660280373,1.1,0.2,1.078073235625366,0.21853626387456734,-0.21853626387456734,1.078073235625366
135,A0,0.6472581271111827,0.08926695928244652,0.5698212621043752,0.08903060202722463,1.1,0.2,1.078073235625366,0.21853626387456734,-0.21853626387456734,1.078073235625366
136,A0,0.6337654669025267,-0.02854510049941643,0.5606395830577424,-0.028537349959651317,1.1,0.2,1.078073235625366,0.21853626387456734,-0.21853626387456734,1.078073235625366
137,A0,0.5981740834856533,-0.1532854330688089,0.5357490115207425,-0.15209605707674081,1.1,0.2,1.078073235625366,0.21853626387456734,-0.21853626387456734,1.078073235625366
138,A0,0.5443381662696545,-0.2810512757308179,0.49626476890808885,-0.2738777808143981,1.1,0.2,1.078073235625366,0.21853626387456734,-0.21853626387456734,1.078073235625366
139,A0,0.47515753816618167,-0.40371215381822223,0.4423570760076113,-0.38312073690997356,1.1,0.2,1.078073235625366,0.21853626387456734,-0.21853626387456734,1.078073235625366
140,A0,0.3931675497761248,-0.5097032751648911,0.3740877283850592,-0.46971397309334306,1.1,0.2,1.078073235625366,0.21853626387456734,-0.21853626387456734,1.078073235625366
141,A0,0.3006444309783256,-0.5881377973137812,0.29190224428548156,-0.5285549701771387,1.1,0.2,1.078073235625366,0.21853626387456734,-0.21853626387456734,1.078073235625366
142,A0,0.19918356854830982,-0.6336121927874871,0.19659056822392515,-0.5605344765320468,1.1,0.2,1.078073235625366,0.21853626387456734,-0.21853626387456734,1.078073235625366
143,A0,0.08944191970439638,-0.6472593850871093,0.08920417292901503,-0.5698221116196008,1.1,0.2,1.078073235625366,0.21853626387456734,-0.21853626387456734,1.078073235625366
144,A0,-0.028358164005596348,-0.6338043142785493,-0.028350564708974818,-0.5606662194729568,1.1,0.2,1.078073235625366,0.21853626387456734,-0.21853626387456734,1.078073235625366
145,A0,-0.15308988591190897,-0.5982436188428185,-0.15190502787425306,-0.5357985865057925,1.1,0.2,1.078073235625366,0.21853626387456734,-0.21853626387456734,1.078073235625366
146,A0,-0.2808561661924075,-0.5444333585423959,-0.27369729661283543,-0.49633651396016987,1.1,0.2,1.078073235625366,0.21853626387456734,-0.21853626387456734,1.078073235625366
147,A0,-0.40353325752669755,-0.47527432692971666,-0.3829680888235931,-0.4424510067181697,1.1,0.2,1.078073235625366,0.21853626387456734,-0.21853626387456734,1.078073235625366
148,A0,-0.5095592366150434,-0.3933021731036662,-0.46960170634912823,-0.3742035064735144,1.1,0.2,1.078073235625366,0.21853626387456734,-0.21853626387456734,1.078073235625366
149,A0,-0.588042067252482,-0.3007937825915991,-0.5284859807666354,-0.2920388641506531,1.1,0.2,1.078073235625366,0.21853626387456734,-0.21853626387456734,1.078073235625366
150,A0,-0.6335676735453877,-0.19934593145642432,-0.5605039444249209,-0.19674665117108966,1.1,0.2,1.078073235625366,0.21853626387456734,-0.21853626387456734,1.078073235625366
151,A0,-0.6472605790237176,-0.08961686092489149,-0.5698229178877404,-0.0893777193649123,1.1,0.2,1.078073235625366,0.21853626387456734,-0.21853626387456734,1.078073235625366
152,A0,-0.633843109684361,0.028171244436744222,-0.5606928190958923,0.028163794389998748,1.1,0.2,1.078073235625366,0.21853626387456734,-0.21853626387456734,1.078073235625366
153,A0,-0.5983131112720947,0.15289434681202846,-0.5358481271950895,0.15171399519410755,1.1,0.2,1.078073235625366,0.21853626387456734,-0.21853626387456734,1.078073235625366
154,A0,-0.5445285146017984,0.2806610454099615,-0.49640822494343,0.2735167827313336,1.1,0.2,1.078073235625366,0.21853626387456734,-0.21853626387456734,1.078073235625366
155,A0,-0.4753910854507107,0.4033543217927521,-0.4425449034021488,0.3828153861572321,1.1,0.2,1.078073235625366,0.21853626387456734,-0.21853626387456734,1.078073235625366
156,A0,-0.3934367716757683,0.5094151317879381,-0.37431925161072943,0.4694893727478679,1.1,0.2,1.078073235625366,0.21853626387456734,-0.21853626387456734,1.078073235625366
157,A0,-0.3009431132917114,0.5879462579133503,-0.2921754529707128,0.5284169272336342,1.1,0.2,1.078073235625366,0.21853626387456734,-0.21853626387456734,1.078073235625366
158,A0,-0.19950827490872572,0.6335230783900565,-0.19690270544513558,0.560473358727432,1.1,0.2,1.078073235625366,0.21853626387456734,-0.21853626387456734,1.078073235625366
159,A0,-0.08979178294510255,0.6472617089198733,-0.08955124132749456,0.5698236809082047,1.1,0.2,1.078073235625366,0.21853626387456734,-0.21853626387456734,1.078073235625366
160,A0,0.027984341800732615,0.6338818531177047,0.02797703902414529,0.5607193819296472,1.1,0.2,1.078073235625366,0.21853626387456734,-0.21853626387456734,1.078073235625366
161,A0,0.15269881579293912,0.5983825607721405,0.15152295907453067,0.5358976335944481,1.1,0.2,1.078073235625366,0.21853626387456734,-0.21853626387456734,1.078073235625366
162,A0,0.2804659134259617,0.5446236344457765,0.27333623921652667,0.4964799018636934,1.1,0.2,1.078073235625366,0.21853626387456734,-0.21853626387456734,1.078073235625366
163,A0,0.40317534666793337,0.47550781372525136,0.38266262894653064,0.4426387660628858,1.1,0.2,1.078073235625366,0.21853626387456734,-0.21853626387456734,1.078073235625366
164,A0,0.5092709607227268,0.3935713454882401,0.46937697230069275,0.3744349637971036,1.1,0.2,1.078073235625366,0.21853626387456734,-0.21853626387456734,1.078073235625366
165,A0,0.5878503693084736,0.3010924230766606,0.5283478095696961,0.2923120107443037,1.1,0.2,1.078073235625366,0.21853626387456734,-0.21853626387456734,1.078073235625366
166,A0,0.6334784073120995,0.19967059890559546,0.5604427194253353,0.19705873104274532,1.1,0.2,1.078073235625366,0.21853626387456734,-0.21853626387456734,1.078073235625366
167,A0,0.6472627747594951,0.089966685764566,0.5698244006703009,0.08972473880772659,1.1,0.2,1.078073235625366,0.21853626387456734,-0.21853626387456734,1.078073235625366
168,A0,0.6339205445650782,-0.027797456104965423,0.5607459079696049,-0.027790298632362084,1.1,0.2,1.078073235625366,0.21853626387456734,-0.21853626387456734,1.078073235625366
169,A0,0.5984519673334007,-0.1525032928762152,0.535947105703825,-0.15133191955160705,1.1,0.2,1.078073235625366,0.21853626387456734,-0.21853626387456734,1.078073235625366
170,A0,0.5447187180663978,-0.2802707702793003,0.49655154472237734,-0.27315566611175224,1.1,0.2,1.078073235625366,0.21853626387456734,-0.21853626387456734,1.078073235625366
171,A0,0.4756245117453958,-0.40299633219927233,0.44273259470047915,-0.3825098172233058,1.1,0.2,1.078073235625366,0.21853626387456734,-0.21853626387456734,1.078073235625366
172,A0,0.39370589453423444,-0.5091267234537324,0.37455064303075714,-0.4692645050149807,1.1,0.2,1.078073235625366,0.21853626387456734,-0.21853626387456734,1.078073235625366
173,A0,0.30124171194280774,-0.5877544014453944,0.2924485374685775,-0.5282786277630961,1.1,0.2,1.078073235625366,0.21853626387456734,-0.21853626387456734,1.078073235625366
174,A0,0.1998329034465251,-0.6334336602982535,0.1972147279597527,-0.560412026501718,1.1,0.2,1.078073235625366,0.21853626387456734,-0.21853626387456734,1.078073235625366
175,A0,0.09014156938248645,-0.6472637765234389,0.08989821179625206,-0.5698250771612586,1.1,0.2,1.078073235625366,0.21853626387456734,-0.21853626387456734,1.078073235625366
176,A0,-0.027610587356738617,-0.6339591840106694,-0.027603573235482647,-0.5607723972095605,1.1,0.2,1.078073235625366,0.21853626387456734,-0.21853626387456734,1.078073235625366
177,A0,-0.15230777808296075,-0.5985213309446334,-0.15114087666096682,-0.5359965435219726,1.1,0.2,1.078073235625366,0.21853626387456734,-0.21853626387456734,1.078073235625366
178,A0,-0.28007561600811665,-0.5448137654545308,-0.27297506345967537,-0.49662315351999636,1.1,0.2,1.078073235625366,0.21853626387456734,-0.21853626387456734,1.078073235625366
179,A0,-0.4028172784328775,-0.47574117950237493,-0.3823569510186174,-0.4428263893143663,1.1,0.2,1.078073235625366,0.21853626387456734,-0.21853626387456734,1.078073235625366
180,A0,-0.5089824200143167,-0.3938404188063573,-0.46915197089737115,-0.3746662893093451,1.1,0.2,1.078073235625366,0.21853626387456734,-0.21853626387456734,1.078073235625366
181,A0,-0.5876583543307585,-0.3013909798861739,-0.5282093818014519,-0.2925850331403814,1.1,0.2,1.078073235625366,0.21853626387456734,-0.21853626387456734,1.078073235625366
182,A0,-0.6333888373344809,-0.19999518853082174,-0.5603812799391202,-0.19737069619182124,1.1,0.2,1.078073235625366,0.21853626387456734,-0.21853626387456734,1.078073235625366
183,A0,-0.6472647141919342,-0.09031643379800446,-0.5698257103678752,-0.09007166028365908,1.1,0.2,1.078073235625366,0.21853626387456734,-0.21853626387456734,1.078073235625366
184,A0,-0.633997771438188,0.02742373556331365,-0.5607988496429771,0.02741686285429973,1.1,0.2,1.078073235625366,0.21853626387456734,-0.21853626387456734,1.078073235625366
185,A0,-0.5985906515942474,0.15211227143416328,-0.536045947047393,0.15094983043813087,1.1,0.2,1.078073235625366,0.21853626387456734,-0.21853626387456734,1.078073235625366
186,A0,-0.544908776600798,0.27988045065037753,-0.4966947282568803,0.2727944313028251,1.1,0.2,1.078073235625366,0.21853626387456734,-0.21853626387456734,1.078073235625366
187,A0,-0.4758578169872501,0.40263818541467034,-0.44292014990385153,0.3822040303633954,1.1,0.2,1.078073235625366,0.21853626387456734,-0.21853626387456734,1.078073235625366
188,A0,-0.39397491829709924,0.5088380504376724,-0.37478190263042893,0.4690393699543823,1.1,0.2,1.078073235625366,0.21853626387456734,-0.21853626387456734,1.078073235625366
189,A0,-0.30154022690270565,0.5875622279710598,-0.29272149775650036,0.5281400716722607,1.1,0.2,1.078073235625366,0.21853626387456734,-0.21853626387456734,1.078073235625366
190,A0,-0.20015745415775155,0.6333439384065999,-0.19752663573458196,0.5603504797199688,1.1,0.2,1.078073235625366,0.21853626387456734,-0.21853626387456734,1.078073235625366
191,A0,-0.09049127901025031,0.6472655877450809,-0.0902450842605337,0.5698263002768508,1.1,0.2,1.078073235625366,0.21853626387456734,-0.21853626387456734,1.078073235625366
192,A0,0.027236900731932953,0.6340363068312383,0.02723016750958077,0.5608252652632413,1.1,0.2,1.078073235625366,0.21853626387456734,-0.21853626387456734,1.078073235625366
193,A0,0.1519167729507664,0.5986599292705742,0.15075878091858205,0.5360953162785317,1.1,0.2,1.078073235625366,0.21853626387456734,-0.21853626387456734,1.078073235625366
194,A0,0.27968527424399625,0.5450037514957692,0.27261376968370454,0.4967662689333203,1.1,0.2,1.078073235625366,0.21853626387456734,-0.21853626387456734,1.078073235625366
195,A0,0.40245905319053604,0.47597442419104674,0.38205105528856886,0.44301387646821383,1.1,0.2,1.078073235625366,0.21853626387456734,-0.21853626387456734,1.078073235625366
196,A0,0.5086936147569856,0.39410939299892384,0.4689267021925376,0.3748974829915521,1.1,0.2,1.078073235625366,0.21853626387456734,-0.21853626387456734,1.078073235625366
197,A0,0.5874660223727944,0.30168945298832917,0.5280706973630099,0.29285793131370713,1.1,0.2,1.078073235625366,0.21853626387456734,-0.21853626387456734,1.078073235625366
198,A0,0.6332989635004158,0.2003197003265699,0.5603196258266662,0.19768254658366252,1.1,0.2,1.078073235625366,0.21853626387456734,-0.21853626387456734,1.078073235625366
199,A0,0.6472663971629521,0.09066610501835604,0.5698268468748581,0.09041848371747169,1.1,0.2,1.078073235625366,0.21853626387456734,-0.21853626387456734,1.078073235625366
200,A0,0.6340747901733979,-0.027050082869822495,0.560851644063717,-0.027043487222070468,1.1,0.2,1.078073235625366,0.21853626387456734,-0.21853626387456734,1.078073235625366
201,A0,0.5987291639619265,-0.15172128265368412,0.5361446512138195,-0.1505677281377789,1.1,0.2,1.078073235625366,0.21853626387456734,-0.21853626387456734,1.078073235625366
202,A0,0.5450986901300039,-0.2794900868268569,0.49683777554960035,-0.27243307864481336,1.1,0.2,1.078073235625366,0.21853626387456734,-0.21853626387456734,1.078073235625366
203,A0,0.47609100110478325,-0.40227988180635427,0.4431075690067298,-0.38189802582509197,1.1,0.2,1.078073235625366,0.21853626387456734,-0.21853626387456734,1.078073235625366
204,A0,0.3942438429042867,-0.5085491130054692,0.37501303039025696,-0.468813967618392,1.1,0.2,1.078073235625366,0.21853626387456734,-0.21853626387456734,1.078073235625366
205,A0,0.3018386581389622,-0.5873697375424918,0.29299433380877293,-0.5280012588612001,1.1,0.2,1.078073235625366,0.21853626387456734,-0.21853626387456734,1.078073235625366
206,A0,0.2004819270365274,-0.6332539126017475,0.19783842873469296,-0.5602887182416088,1.1,0.2,1.078073235625366,0.21853626387456734,-0.21853626387456734,1.078073235625366
207,A0,0.09084091182145748,-0.6472671424256148,0.09059185864508068,-0.5698273501485565,1.1,0.2,1.078073235625366,0.21853626387456734,-0.21853626387456734,1.078073235625366
208,A0,-0.026863281984192508,-0.6341132214482315,-0.02685682201249148,-0.5608779860377553,1.1,0.2,1.078073235625366,0.21853626387456734,-0.21853626387456734,1.078073235625366
209,A0,-0.15152580056380405,-0.5987983556566076,-0.15037667213115882,-0.5361939518516788,1.1,0.2,1.078073235625366,0.21853626387456734,-0.21853626387456734,1.078073235625366
210,A0,-0.2792948884368187,-0.5451935924940569,-0.2722523582286519,-0.4969092481060016,1.1,0.2,1.078073235625366,0.21853626387456734,-0.21853626387456734,1.078073235625366
211,A0,-0.402100671308005,-0.47620754771947504,-0.38174494200394893,-0.44320122751867713,1.1,0.2,1.078073235625366,0.21853626387456734,-0.21853626387456734,1.078073235625366
212,A0,-0.5084045452163687,-0.39437826800563786,-0.46870116623853625,-0.37512854482408625,1.1,0.2,1.078073235625366,0.21853626387456734,-0.21853626387456734,1.078073235625366
213,A0,-0.5872733734867203,-0.30198784235051557,-0.5279317561543488,-0.2931307052384689,1.1,0.2,1.078073235625366,0.21853626387456734,-0.21853626387456734,1.078073235625366
214,A0,-0.6332087856964326,-0.20064413428687106,-0.5602577569471912,-0.19799428218330678,1.1,0.2,1.078073235625366,0.21853626387456734,-0.21853626387456734,1.078073235625366
215,A0,-0.6472678235131348,-0.0910156994186947,-0.5698278100845946,-0.09076520903398051,1.1,0.2,1.078073235625366,0.21853626387456734,-0.21853626387456734,1.078073235625366
216,A0,-0.6341516006392957,0.026676498082237737,-0.5609042911786971,0.026670171901544665,1.1,0.2,1.078073235625366,0.21853626387456734,-0.21853626387456734,1.078073235625366
217,A0,-0.5988675043429144,0.15133032670198787,-0.5362432181905266,0.15018561293413854,1.1,0.2,1.078073235625366,0.21853626387456734,-0.21853626387456734,1.078073235625366
218,A0,-0.5452884585784815,0.2790996791117177,-0.49698068660280525,0.27207160847772227,1.1,0.2,1.078073235625366,0.21853626387456734,-0.21853626387456734,1.078073235625366
219,A0,-0.47632406402613675,0.4019214217413701,-0.4432948520033362,0.38159180385615554,1.1,0.2,1.078073235625366,0.21853626387456734,-0.21853626387456734,1.078073235625366
220,A0,-0.3945126682954234,0.508259911422964,-0.3752440262905848,0.46858829805959873,1.1,0.2,1.078073235625366,0.21853626387456734,-0.21853626387456734,1.078073235625366
221,A0,-0.30213700561889373,0.5871769302120893,-0.2932670455995667,0.5278621892299921,1.1,0.2,1.078073235625366,0.21853626387456734,-0.21853626387456734,1.078073235625366
222,A0,-0.20080632207684423,0.6331635827703284,-0.19815010692514098,0.5602267419258056,1.1,0.2,1.078073235625366,0.21853626387456734,-0.21853626387456734,1.078073235625366
223,A0,-0.091190467809212,0.6472684404055764,-0.09093853487480331,0.569828226669611,1.1,0.2,1.078073235625366,0.21853626387456734,-0.21853626387456734,1.078073235625366
224,A0,0.02648973117113748,0.6341899277301385,0.02648353690990913,0.5609305594798735,1.1,0.2,1.078073235625366,0.21853626387456734,-0.21853626387456734,1.078073235625366
225,A0,0.15113486108907187,0.5989366100091382,0.14999455058211456,0.5362924502287736,1.1,0.2,1.078073235625366,0.21853626387456734,-0.21853626387456734,1.078073235625366
226,A0,0.2789044588893664,0.5453832883738293,0.2718908294345287,0.4970520910402917,1.1,0.2,1.078073235625366,0.21853626387456734,-0.21853626387456734,1.078073235625366
227,A0,0.4017421331523335,0.4764405500157821,0.38143861141275937,0.44338844245999015,1.1,0.2,1.078073235625366,0.21853626387456734,-0.21853626387456734,1.078073235625366
228,A0,0.50811521165857,0.3946470437660856,0.46847536308824583,0.37535947478729964,1.1,0.2,1.078073235625366,0.21853626387456734,-0.21853626387456734,1.078073235625366
229,A0,0.5870804077252496,0.3022861479399954,0.5277925580756846,0.29340335488883884,1.1,0.2,1.078073235625366,0.21853626387456734,-0.21853626387456734,1.078073235625366
230,A0,0.6331183038093128,0.20096849040568732,0.5601956731598436,0.19830590295583653,1.1,0.2,1.078073235625366,0.21853626387456734,-0.21853626387456734,1.078073235625366
231,A0,0.6472689930830036,0.09136521699215802,0.5698285998902344,0.09111183615819353,1.1,0.2,1.078073235625366,0.21853626387456734,-0.21853626387456734,1.078073235625366
232,A0,0.6342282027043004,-0.026302981258055608,0.5609567909346057,-0.026296917058242216,1.1,0.2,1.078073235625366,0.21853626387456734,-0.21853626387456734,1.078073235625366
233,A0,0.5990056726435647,-0.15093940374586656,0.5363416479648258,-0.14980348511046276,1.1,0.2,1.078073235625366,0.21853626387456734,-0.21853626387456734,1.078073235625366
234,A0,0.5454780818706508,-0.27870922780755436,0.4971234614187413,-0.27171002114157744,1.1,0.2,1.078073235625366,0.21853626387456734,-0.21853626387456734,1.078073235625366
235,A0,0.47655700567942416,-0.4015628055867813,0.44348199888792494,-0.3812853647048397,1.1,0.2,1.078073235625366,0.21853626387456734,-0.21853626387456734,1.078073235625366
236,A0,0.39478139441006266,-0.5079704459565364,0.3754748903117797,-0.4683623613311816,1.1,0.2,1.078073235625366,0.21853626387456734,-0.21853626387456734,1.078073235625366
237,A0,0.3024352693097132,-0.586983806032893,0.2935396331030586,-0.5277228626789999,1.1,0.2,1.078073235625366,0.21853626387456734,-0.21853626387456734,1.078073235625366
238,A0,0.20113063927263714,-0.6330729487992838,0.19846167027103806,-0.5601645506316955,1.1,0.2,1.078073235625366,0.21853626387456734,-0.21853626387456734,1.078073235625366
239,A0,0.09153994696668585,-0.64726948152548,0.09128511287480806,-0.5698289297330839,1.1,0.2,1.078073235625366,0.21853626387456734,-0.21853626387456734,1.078073235625366
240,A0,-0.026116248350140425,-0.6342664255453138,-0.026110312367179388,-0.5609829855362056,1.1,0.2,1.078073235625366,0.21853626387456734,-0.21853626387456734,1.078073235625366
241,A0,-0.1507439546931569,-0.5990746922344738,-0.14961241655453866,-0.5363908113970831,1.1,0.2,1.078073235625366,0.21853626387456734,-0.21853626387456734,1.078073235625366
242,A0,-0.2785139859040478,-0.5455728390594944,-0.2715291836413765,-0.4971947977384339,1.1,0.2,1.078073235625366,0.21853626387456734,-0.21853626387456734,1.078073235625366
243,A0,-0.4013834390906015,-0.4766734310080751,-0.3811320637635073,-0.44357552128642913,1.1,0.2,1.078073235625366,0.21853626387456734,-0.21853626387456734,1.078073235625366
244,A0,-0.5078256143502474,-0.39491572021978877,-0.4682492927951479,-0.3755902728615759,1.1,0.2,1.078073235625366,0.21853626387456734,-0.21853626387456734,1.078073235625366
245,A0,-0.5868871251417526,-0.30258436972393327,-0.5276531030275301,-0.2936758802389996,1.1,0.2,1.078073235625366,0.21853626387456734,-0.21853626387456734,1.078073235625366
246,A0,-0.6330275177261598,-0.20129276867692716,-0.56013337432375,-0.19861740886639384,1.1,0.2,1.078073235625366,0.21853626387456734,-0.21853626387456734,1.078073235625366
247,A0,-0.6472699057130685,-0.09171465773195261,-0.5698292161847683,-0.09145836501531587,1.1,0.2,1.078073235625366,0.21853626387456734,-0.21853626387456734,1.078073235625366
248,A0,-0.6343045962367029,0.02592953245452506,-0.5610091432779749,0.02592372285733457,1.1,0.2,1.078073235625366,0.21853626387456734,-0.21853626387456734,1.078073235625366
249,A0,-0.5991436687701392,0.15054851395170243,-0.5364399405239398,0.14942134494967738,1.1,0.2,1.078073235625366,0.21853626387456734,-0.21853626387456734,1.078073235625366
250,A0,-0.5456675599309072,0.27831873321658956,-0.497266099999649,0.2713483169764359,1.1,0.2,1.078073235625366,0.21853626387456734,-0.21853626387456734,1.078073235625366
251,A0,-0.4767898259927462,0.40120403370968394,-0.44366900965479406,0.38097870861990457,1.1,0.2,1.078073235625366,0.21853626387456734,-0.21853626387456734,1.078073235625366
252,A0,-0.39505002118769417,0.5076807168731221,-0.37570562243424127,0.46813615748692444,1.1,0.2,1.078073235625366,0.21853626387456734,-0.21853626387456734,1.078073235625366
253,A0,-0.302733449178536,0.5867903650586024,-0.29381209629343646,0.5275832791088859,1.1,0.2,1.078073235625366,0.21853626387456734,-0.21853626387456734,1.078073235625366
254,A0,-0.20145487861778766,0.6329820105758794,-0.19877311873755601,0.5601021442183945,1.1,0.2,1.078073235625366,0.21853626387456734,-0.21853626387456734,1.078073235625366
255,A0,-0.09188934928712003,0.6472702656258311,-0.09163159257039852,0.5698294592318867,1.1,0.2,1.078073235625366,0.21853626387456734,-0.21853626387456734,1.078073235625366
256,A0,0.025742833578326824,0.634342714761984,0.02573714854929954,0.5610352641532057,1.1,0.2,1.078073235625366,0.21853626387456734,-0.21853626387456734,1.078073235625366
257,A0,0.15035308154223662,0.5992126022388297,0.14923027033119313,0.5364890353437853,1.1,0.2,1.078073235625366,0.21853626387456734,-0.21853626387456734,1.078073235625366
258,A0,0.278123469782899,0.5457622444754353,0.2711674211892672,0.497337368202666,1.1,0.2,1.078073235625366,0.21853626387456734,-0.21853626387456734,1.078073235625366
259,A0,0.40102458948992037,0.4769061906244485,0.3808252993052054,0.4437624639923141,1.1,0.2,1.078073235625366,0.21853626387456734,-0.21853626387456734,1.078073235625366
260,A0,0.5075357535586138,0.3951842973062056,0.46802295541332867,0.375820939027331,1.1,0.2,1.078073235625366,0.21853626387456734,-0.21853626387456734,1.078073235625366
261,A0,0.5866935257902581,0.30288250766939606,0.5275133909106973,0.2939482812631447,1.1,0.2,1.078073235625366,0.21853626387456734,-0.21853626387456734,1.078073235625366
262,A0,0.632936427334402,0.20161696909444562,0.5600708602980158,0.19892879988018053,1.1,0.2,1.078073235625366,0.21853626387456734,-0.21853626387456734,1.078073235625366
263,A0,0.6472705612438303,0.09206402163135402,0.5698296588610288,0.09180479553074976,1.1,0.2,1.078073235625366,0.21853626387456734,-0.21853626387456734,1.078073235625366
264,A0,0.6343807811046664,-0.025556151728647947,0.5610613481551809,-0.025550589463644625,1.1,0.2,1.078073235625366,0.21853626387456734,-0.21853626387456734,1.078073235625366
265,A0,0.5992814926288081,-0.15015765748546786,0.5365380958550033,-0.1490391927343801,1.1,0.2,1.078073235625366,0.21853626387456734,-0.21853626387456734,1.078073235625366
266,A0,0.5458568926836231,-0.2779281956406726,0.49740860234776396,-0.2709864963223841,1.1,0.2,1.078073235625366,0.21853626387456734,-0.21853626387456734,1.078073235625366
267,A0,0.4770225248941919,-0.4008451064772046,0.44385588429828626,-0.3806718358506156,1.1,0.2,1.078073235625366,0.21853626387456734,-0.21853626387456734,1.078073235625366
268,A0,0.3953185485677454,-0.507390724440211,0.37593622263840226,-0.4679096865812163,1.1,0.2,1.078073235625366,0.21853626387456734,-0.21853626387456734,1.078073235625366
269,A0,0.3030315451923815,-0.5865966073435767,0.29408443514490024,-0.5274434384206128,1.1,0.2,1.078073235625366,0.21853626387456734,-0.21853626387456734,1.078073235625366
270,A0,0.20177904010612452,-0.6328907679877075,0.19908445228992688,-0.560039522544999,1.1,0.2,1.078073235625366,0.21853626387456734,-0.21853626387456734,1.078073235625366
271,A0,0.09223867476382466,-0.6472707925471274,0.09197797388707551,-0.5698298150587738,1.1,0.2,1.078073235625366,0.21853626387456734,-0.21853626387456734,1.078073235625366
272,A0,-0.025369486912575193,-0.6344187952482502,-0.02536404562091833,-0.5610873952771728,1.1,0.2,1.078073235625366,0.21853626387456734,-0.21853626387456734,1.078073235625366
273,A0,-0.14996224180207873,-0.5993503399283308,-0.1488481121945116,-0.536587122055971,1.1,0.2,1.078073235625366,0.21853626387456734,-0.21853626387456734,1.078073235625366
274,A0,-0.277732910827583,-0.5459515045460128,-0.27080554241830157,-0.49747980243522105,1.1,0.2,1.078073235625366,0.21853626387456734,-0.21853626387456734,1.078073235625366
275,A0,-0.40066558471743174,-0.47713882879298525,-0.38051831828737187,-0.44394927057201,1.1,0.2,1.078073235625366,0.21853626387456734,-0.21853626387456734,1.078073235625366
276,A0,-0.5072456295514364,-0.3954527749647322,-0.4677963509974804,-0.37605147326501415,1.1,0.2,1.078073235625366,0.21853626387456734,-0.21853626387456734,1.078073235625366
277,A0,-0.586499609725456,-0.3031805617433545,-0.5273734216263,-0.2942205579354797,1.1,0.2,1.078073235625366,0.21853626387456734,-0.21853626387456734,1.078073235625366
278,A0,-0.632845032521796,-0.20194109165204444,-0.5600081309417285,-0.1992400759624583,1.1,0.2,1.078073235625366,0.21853626387456734,-0.21853626387456734,1.078073235625366
279,A0,-0.6472709595157835,-0.09241330868370627,-0.5698299278116917,-0.09215112763009398,1.1,0.2,1.078073235625366,0.21853626387456734,-0.21853626387456734,1.078073235625366
280,A0,-0.6344567571762283,0.025182839137180044,-0.5611134055124445,0.025177517041647494,1.1,0.2,1.078073235625366,0.21853626387456734,-0.21853626387456734,1.078073235625366
281,A0,-0.5994191441256491,0.14976683451272638,-0.5366361139450612,0.14865702874684064,1.1,0.2,1.078073235625366,0.21853626387456734,-0.21853626387456734,1.078073235625366
282,A0,-0.546046080053146,0.2775376153812798,-0.4975509684653157,0.2706245595195367,1.1,0.2,1.078073235625366,0.21853626387456734,-0.21853626387456734,1.078073235625366
283,A0,-0.4772551023118373,0.40048602425649915,-0.44404262281278795,0.3803647466467429,1.1,0.2,1.078073235625366,0.21853626387456734,-0.21853626387456734,1.078073235625366
284,A0,-0.3955869764895807,0.5071004689258471,-0.37616669090472793,0.46768294866905225,1.1,0.2,1.078073235625366,0.21853626387456734,-0.21853626387456734,1.078073235625366
285,A0,-0.30332955731817124,0.5864025329428355,-0.29435664963166047,0.527303340515445,1.1,0.2,1.078073235625366,0.21853626387456734,-0.21853626387456734,1.078073235625366
286,A0,-0.20210312373142222,0.632799220922688,-0.19939567089344173,0.5599766854705868,1.1,0.2,1.078073235625366,0.21853626387456734,-0.21853626387456734,1.078073235625366
287,A0,-0.0925879233901776,0.647271062129859,-0.09232425675053572,0.5698299971063422,1.1,0.2,1.078073235625366,0.21853626387456734,-0.21853626387456734,1.078073235625366
288,A0,0.024996208409518467,0.6344946668720857,0.024991003746337073,0.5611393788542494,1.1,0.2,1.078073235625366,0.21853626387456734,-0.21853626387456734,1.078073235625366
289,A0,0.14957143563804232,0.5994879052090089,0.14846594242659947,0.5366850715206408,1.1,0.2,1.078073235625366,0.21853626387456734,-0.21853626387456734,1.078073235625366
290,A0,0.2773423093393892,0.5461406191955626,0.27044354766860806,0.49762210043832583,1.1,0.2,1.078073235625366,0.21853626387456734,-0.21853626387456734,1.078073235625366
291,A0,0.4003064251403057,0.47737134544175575,0.3802111209600287,0.4441359410199254,1.1,0.2,1.078073235625366,0.21853626387456734,-0.21853626387456734,1.078073235625366
292,A0,0.5069552425970352,0.39572115313470174,0.46756947960290096,0.376281875555107,1.1,0.2,1.078073235625366,0.21853626387456734,-0.21853626387456734,1.078073235625366
293,A0,0.5863053770026959,0.30347853191268176,0.5272331950757534,0.2944927102302207,1.1,0.2,1.078073235625366,0.21853626387456734,-0.21853626387456734,1.078073235625366
294,A0,0.6327533331764252,0.20226513634347126,0.559945186113956,0.19955123707854786,1.1,0.2,1.078073235625366,0.21853626387456734,-0.21853626387456734,1.078073235625366
295,A0,0.6472711003694143,0.09276251888242136,0.5698300229292752,0.09249736123914333,1.1,0.2,1.078073235625366,0.21853626387456734,-0.21853626387456734,1.078073235625366
296,A0,0.6345325243192987,-0.024809594736631288,0.5611653152958306,-0.024804505755470486,1.1,0.2,1.078073235625366,0.21853626387456734,-0.21853626387456734,1.078073235625366
297,A0,0.599556623166649,-0.14937604519863248,0.5367339947810705,-0.14827485326899975,1.1,0.2,1.078073235625366,0.21853626387456734,-0.21853626387456734,1.078073235625366
298,A0,0.5462351219638001,-0.2771469927395136,0.4976931983545285,-0.2702625069080355,1.1,0.2,1.078073235625366,0.21853626387456734,-0.21853626387456734,1.078073235625366
299,A0,0.47748755817374705,-0.4001267874147513,0.4442292251927299,-0.3800574412585602,1.1,0.2,1.078073235625366,0.21853626387456734,-0.21853626387456734,1.078073235625366
300,A0,0.39585530489250204,-0.5068099505986264,0.3763970272137166,-0.4674559438060335,1.1,0.2,1.078073235625366,0.21853626387456734,-0.21853626387456734,1.078073235625366
301,A0,0.3036274855227301,-0.5862081419120593,0.2946287397279393,-0.5271629852949493,1.1,0.2,1.078073235625366,0.21853626387456734,-0.21853626387456734,1.078073235625366
302,A0,0.2024271294874016,-0.6327073692690695,0.19970677451345098,-0.559913632854217,1.1,0.2,1.078073235625366,0.21853626387456734,-0.21853626387456734,1.078073235625366
303,A0,0.09293709515962467,-0.6472710742145092,0.09267044108667177,-0.5698300052670312,1.1,0.2,1.078073235625366,0.21853626387456734,-0.21853626387456734,1.078073235625366
304,A0,-0.02462299812554393,-0.6345703295013371,-0.02461802308950935,-0.5611912148304222,1.1,0.2,1.078073235625366,0.21853626387456734,-0.21853626387456734,1.078073235625366
305,A0,-0.14918066321507747,-0.5996252979868039,-0.1480837613092327,-0.5367828837247063,1.1,0.2,1.078073235625366,0.21853626387456734,-0.21853626387456734,1.078073235625366
306,A0,-0.27695166561923246,-0.5463295883483958,-0.2700814372803408,-0.4977642622142011,1.1,0.2,1.078073235625366,0.21853626387456734,-0.21853626387456734,1.078073235625366
307,A0,-0.3999471111257383,-0.47760374049881793,-0.37990370757370046,-0.4443224753305127,1.1,0.2,1.078073235625366,0.21853626387456734,-0.21853626387456734,1.078073235625366
308,A0,-0.5066645929642819,-0.395989431755385,-0.467342341285495,-0.3765121458781244,1.1,0.2,1.078073235625366,0.21853626387456734,-0.21853626387456734,1.078073235625366
309,A0,-0.5861108276779889,-0.30377641814415435,-0.5270927111607762,-0.29476473812159576,1.1,0.2,1.078073235625366,0.21853626387456734,-0.21853626387456734,1.078073235625366
310,A0,-0.6326613291867033,-0.20258910316241988,-0.5598820256737493,-0.1998622831938291,1.1,0.2,1.078073235625366,0.21853626387456734,-0.21853626387456734,1.078073235625366
311,A0,-0.6472709836452033,-0.09311165222097874,-0.5698299441061404,-0.09284349628388813,1.1,0.2,1.078073235625366,0.21853626387456734,-0.21853626387456734,1.078073235625366
312,A0,-0.6346080824016614,0.024436418583266548,-0.561217077451248,0.02443155576889361,1.1,0.2,1.078073235625366,0.21853626387456734,-0.21853626387456734,1.078073235625366
313,A0,-0.5996939296577014,0.14898528970793215,-0.5368317383498982,0.14789266658246872,1.1,0.2,1.078073235625366,0.21853626387456734,-0.21853626387456734,1.078073235625366
314,A0,-0.5464240183398847,0.2767563280161015,-0.4978352920176202,0.26990033882804704,1.1,0.2,1.078073235625366,0.21853626387456734,-0.21853626387456734,1.078073235625366
315,A0,-0.4777198924079735,0.3997673963191702,-0.444415691432587,0.3797499199368434,1.1,0.2,1.078073235625366,0.21853626387456734,-0.21853626387456734,1.078073235625366
316,A0,-0.3961235337157495,0.5065191697276966,-0.37662723154589994,0.4672286720483685,1.1,0.2,1.078073235625366,0.21853626387456734,-0.21853626387456734,1.078073235625366
317,A0,-0.3039253297727863,0.5860134343075902,-0.2949007054079703,0.5270223726609968,1.1,0.2,1.078073235625366,0.21853626387456734,-0.21853626387456734,1.078073235625366
318,A0,-0.20275105736772925,0.6326152129154304,-0.20001776311536384,0.5598503645549319,1.1,0.2,1.078073235625366,0.21853626387456734,-0.21853626387456734,1.078073235625366
319,A0,-0.09328619006567897,0.6472708286415559,-0.09301652682157165,0.5698298394331237,1.1,0.2,1.078073235625366,0.21853626387456734,-0.21853626387456734,1.078073235625366
320,A0,0.02424985611679409,0.6346457830037251,0.02424510381404159,0.5612429031515224,1.1,0.2,1.078073235625366,0.21853626387456734,-0.21853626387456734,1.078073235625366
321,A0,0.14878992469772606,0.599762518167564,0.14770156912385776,0.5368805586549904,1.1,0.2,1.078073235625366,0.21853626387456734,-0.21853626387456734,1.078073235625366
322,A0,0.2765609799676531,0.5465184119288006,0.2697192115936788,0.4979062877650622,1.1,0.2,1.078073235625366,0.21853626387456734,-0.21853626387456734,1.078073235625366
323,A0,0.3995876430409519,0.4778360138922187,0.3795960783794145,0.44450887349826923,1.1,0.2,1.078073235625366,0.21853626387456734,-0.21853626387456734,1.078073235625366
324,A0,0.5063736809225998,0.3962576107659909,0.4671149361017748,0.3767422842146147,1.1,0.2,1.078073235625366,0.21853626387456734,-0.21853626387456734,1.078073235625366
325,A0,0.5859159618080088,0.3040742204044518,0.5269519697833923,0.2950366415838439,1.1,0.2,1.078073235625366,0.21853626387456734,-0.21853626387456734,1.078073235625366
326,A0,0.6325690204413749,0.20291299210252955,0.5598186494801423,0.20017321427374055,1.1,0.2,1.078073235625366,0.21853626387456734,-0.21853626387456734,1.078073235625366
327,A0,0.6472706091836261,0.09346070869292486,0.569829691234492,0.09318953269051368,1.1,0.2,1.078073235625366,0.21853626387456734,-0.21853626387456734,1.078073235625366
328,A0,0.6346834312909737,-0.024063310733106275,0.5612686919244498,-0.02405866724534997,1.1,0.2,1.078073235625366,0.21853626387456734,-0.21853626387456734,1.078073235625366
329,A0,0.5998310635046081,-0.14859456820496325,0.536929344638322,-0.1475104689685291,1.1,0.2,1.078073235625366,0.21853626387456734,-0.21853626387456734,1.078073235625366
330,A0,0.5466127691056754,-0.27636562151139615,0.49797724945680283,-0.26953805561976196,1.1,0.2,1.078073235625366,0.21853626387456734,-0.21853626387456734,1.078073235625366
331,A0,0.4779521049425573,-0.39940785133698975,0.4446020215268782,-0.37944218293287013,1.1,0.2,1.078073235625366,0.21853626387456734,-0.21853626387456734,1.078073235625366
332,A0,0.39639166289850064,-0.5062281265827553,0.3768573038818424,-0.4670011334528728,1.1,0.2,1.078073235625366,0.21853626387456734,-0.21853626387456734,1.078073235625366
333,A0,0.30422309003497056,-0.5858184101864322,0.29517254664599807,-0.5268815025157635,1.1,0.2,1.078073235625366,0.21853626387456734,-0.21853626387456734,1.078073235625366
334,A0,0.20307490736601697,-0.6325227517506814,0.2003286366646479,-0.5597868804317571,1.1,0.2,1.078073235625366,0.21853626387456734,-0.21853626387456734,1.078073235625366
335,A0,0.09363520810191994,-0.647270325251472,0.0933625138815176,-0.569829499496746,1.1,0.2,1.078073235625366,0.21853626387456734,-0.21853626387456734,1.078073235625366
336,A0,-0.0238767824391677,-0.634721027246844,-0.02387224608319386,-0.5612944437632249,1.1,0.2,1.078073235625366,0.21853626387456734,-0.21853626387456734,1.078073235625366
337,A0,-0.1483992202501224,-0.5998995656570444,-0.1473193661515914,-0.536978096298226,1.1,0.2,1.078073235625366,0.21853626387456734,-0.21853626387456734,1.078073235625366
338,A0,-0.2761702526848161,-0.5467070898610397,-0.269356870948824,-0.49804817709311766,1.1,0.2,1.078073235625366,0.21853626387456734,-0.21853626387456734,1.078073235625366
339,A0,-0.3992280212531916,-0.4780681655499926,-0.37928823362869835,-0.4446951355177357,1.1,0.2,1.078073235625366,0.21853626387456734,-0.21853626387456734,1.078073235625366
340,A0,-0.506082506741961,-0.3965256901056662,-0.46688726410885956,-0.3769722905451589,1.1,0.2,1.078073235625366,0.21853626387456734,-0.21853626387456734,1.078073235625366
341,A0,-0.5857207794500899,-0.3043719386601565,-0.5268109708459303,-0.2953084205912154,1.1,0.2,1.078073235625366,0.21853626387456734,-0.21853626387456734,1.078073235625366
342,A0,-0.632476406829516,-0.20323680315738485,-0.5597550573921523,-0.2004840302837789,1.1,0.2,1.078073235625366,0.21853626387456734,-0.21853626387456734,1.078073235625366
343,A0,-0.6472699768251526,-0.09380968829187239,-0.5698292642063774,-0.09353547038539943,1.1,0.2,1.078073235625366,0.21853626387456734,-0.21853626387456734,1.078073235625366
344,A0,-0.6347585708547662,0.023690271241927283,-0.5613201586610328,0.023685840347926274,1.1,0.2,1.078073235625366,0.21853626387456734,-0.21853626387456734,1.078073235625366
345,A0,-0.5999680246130781,0.1482038808536562,-0.5370268136330301,0.1471282607081323,1.1,0.2,1.078073235625366,0.21853626387456734,-0.21853626387456734,1.078073235625366
346,A0,-0.5468013741854225,0.27597487352537453,-0.4981190706742816,0.2691756576233933,1.1,0.2,1.078073235625366,0.21853626387456734,-0.21853626387456734,1.078073235625366
347,A0,-0.478184195705527,0.3990481528354664,-0.44478821547016617,0.37913423049841805,1.1,0.2,1.078073235625366,0.21853626387456734,-0.21853626387456734,1.078073235625366
348,A0,-0.3966596923798712,0.5059368214340489,-0.3770872442021419,0.46677332807696986,1.1,0.2,1.078073235625366,0.21853626387456734,-0.21853626387456734,1.078073235625366
349,A0,-0.304520766275817,0.5856230696062521,-0.2954442634162787,0.5267403747617316,1.1,0.2,1.078073235625366,0.21853626387456734,-0.21853626387456734,1.078073235625366
350,A0,-0.20339867947582224,0.6324299856640649,-0.2006393951268293,0.5597231803437022,1.1,0.2,1.078073235625366,0.21853626387456734,-0.21853626387456734,1.078073235625366
351,A0,-0.0939841492619938,0.6472695638847256,-0.09370840219298662,0.5698289853498673,1.1,0.2,1.078073235625366,0.21853626387456734,-0.21853626387456734,1.078073235625366
352,A0,0.023503777148319333,0.6347960620981613,0.023499450059879166,0.5613458366110483,1.1,0.2,1.078073235625366,0.21853626387456734,-0.21853626387456734,1.078073235625366
353,A0,0.14800855003599245,0.6000364403609079,0.14693715267321908,0.5370754966410561,1.1,0.2,1.078073235625366,0.21853626387456734,-0.21853626387456734,1.078073235625366
354,A0,0.27577948407050984,0.5468956220693515,0.2689944156859997,0.4981899302005695,1.1,0.2,1.078073235625366,0.21853626387456734,-0.21853626387456734,1.078073235625366
355,A0,0.3988682461297243,0.47830019540016255,0.37898017357357944,0.44488126138349704,1.1,0.2,1.078073235625366,0.21853626387456734,-0.21853626387456734,1.078073235625366
356,A0,0.5057910706928859,0.3967936697134957,0.46665932536447696,0.3772021648503716,1.1,0.2,1.078073235625366,0.21853626387456734,-0.21853626387456734,1.078073235625366
357,A0,0.585525280662231,0.30466957287775387,0.5266697142510262,0.29558007511797196,1.1,0.2,1.078073235625366,0.21853626387456734,-0.21853626387456734,1.078073235625366
358,A0,0.6323834882405363,0.20356053632051552,0.5596912492687811,0.20079473118949914,1.1,0.2,1.078073235625366,0.21853626387456734,-0.21853626387456734,1.078073235625366
359,A0,0.6472690864102493,0.09415859101150034,0.5698286629136877,0.09388130929511916,1.1,0.2,1.078073235625366,0.21853626387456734,-0.21853626387456734,1.078073235625366
360,A0,0.6348335009604433,-0.02331730016526269,0.5613714776064371,-0.023313075239362557,1.1,0.2,1.078073235625366,0.21853626387456734,-0.21853626387456734,1.078073235625366
361,A0,0.6001048128887273,-0.1478132278175333,0.5371241453206205,-0.14674604208189823,1.1,0.2,1.078073235625366,0.21853626387456734,-0.21853626387456734,1.078073235625366
362,A0,0.5469898335033525,-0.2755840843576367,0.4982607556722555,-0.2688131451791743,1.1,0.2,1.078073235625366,0.21853626387456734,-0.21853626387456734,1.078073235625366
363,A0,0.47841616462489994,-0.39868830118187704,0.44497427325705796,-0.37882606288576387,1.1,0.2,1.078073235625366,0.21853626387456734,-0.21853626387456734,1.078073235625366
364,A0,0.3969276220989155,-0.5056452545523721,0.3773170524874298,-0.4665452559786916,1.1,0.2,1.078073235625366,0.21853626387456734,-0.21853626387456734,1.078073235625366
365,A0,0.30481835846176253,-0.5854274126253796,0.29571585569307945,-0.5265989893016911,1.1,0.2,1.078073235625366,0.21853626387456734,-0.21853626387456734,1.078073235625366
366,A0,0.2037223736906471,-0.632336914545158,0.20095003846749174,-0.5596592641497617,1.1,0.2,1.078073235625366,0.21853626387456734,-0.21853626387456734,1.078073235625366
367,A0,0.09433301353961204,-0.6472685443817813,0.0940541916826489,-0.5698282968843005,1.1,0.2,1.078073235625366,0.21853626387456734,-0.21853626387456734,1.078073235625366
368,A0,-0.0231308402996611,-0.634870887425018,-0.023126715906664923,-0.5613970816403546,1.1,0.2,1.078073235625366,0.21853626387456734,-0.21853626387456734,1.078073235625366
369,A0,-0.14761791421865544,-0.6001731421847237,-0.14655492896919545,-0.5371727596700336,1.1,0.2,1.078073235625366,0.21853626387456734,-0.21853626387456734,1.078073235625366
370,A0,-0.2753886744241462,-0.5470840084779497,-0.2686318461454492,-0.4983315470896131,1.1,0.2,1.078073235625366,0.21853626387456734,-0.21853626387456734,1.078073235625366
371,A0,-0.398508318037837,-0.47853210337073954,-0.37867189846658367,-0.44506725109018175,1.1,0.2,1.078073235625366,0.21853626387456734,-0.21853626387456734,1.078073235625366
372,A0,-0.5054993730464421,-0.3970615495285027,-0.46643111992696284,-0.3774319071109007,1.1,0.2,1.078073235625366,0.21853626387456734,-0.21853626387456734,1.078073235625366
373,A0,-0.585329465503093,-0.30496712302363255,-0.5265281999016235,-0.2958516051383865,1.1,0.2,1.078073235625366,0.21853626387456734,-0.21853626387456734,1.078073235625366
374,A0,-0.6322902645641795,-0.20388419158539633,-0.5596272249690161,-0.20110531695651418,1.1,0.2,1.078073235625366,0.21853626387456734,-0.21853626387456734,1.078073235625366
375,A0,-0.6472679377793791,-0.09450741684555325,-0.5698278872481577,-0.09422704934644002,1.1,0.2,1.078073235625366,0.21853626387456734,-0.21853626387456734,1.078073235625366
376,A0,-0.634908221475283,0.022944397558402982,-0.5614226487059466,0.02294037208205294,1.1,0.2,1.078073235625366,0.21853626387456734,-0.21853626387456734,1.078073235625366
377,A0,-0.6002414282370788,0.1474226092597099,-0.5372213396876007,0.1463638133701155,1.1,0.2,1.078073235625366,0.21853626387456734,-0.21853626387456734,1.078073235625366
378,A0,-0.547178146983666,0.2751932543074057,-0.4984023044529158,0.2684505186273576,1.1,0.2,1.078073235625366,0.21853626387456734,-0.21853626387456734,1.078073235625366
379,A0,-0.478648011628681,0.3983282967435178,-0.4451601948822038,0.37851768034768224,1.1,0.2,1.078073235625366,0.21853626387456734,-0.21853626387456734,1.078073235625366
380,A0,-0.39719545199462575,0.5053534262090649,-0.3775467287183706,0.466316917216678,1.1,0.2,1.078073235625366,0.21853626387456734,-0.21853626387456734,1.078073235625366
381,A0,-0.30511586655914735,0.5852314393028075,-0.2959873234506789,0.5264573460387397,1.1,0.2,1.078073235625366,0.21853626387456734,-0.21853626387456734,1.078073235625366
382,A0,-0.20404599000393875,0.6322435382838716,-0.20126056665227698,0.5595951317089155,1.1,0.2,1.078073235625366,0.21853626387456734,-0.21853626387456734,1.078073235625366
383,A0,-0.09468180092855204,0.6472672665831003,-0.09439988227736838,0.569827433991702,1.1,0.2,1.078073235625366,0.21853626387456734,-0.21853626387456734,1.078073235625366
384,A0,0.022757971948362016,0.6349455030946288,0.02275404378577207,0.5614481787963493,1.1,0.2,1.078073235625366,0.21853626387456734,-0.21853626387456734,1.078073235625366
385,A0,0.14722731296102282,0.6003096710339684,0.1461726953196428,0.5372698853716209,1.1,0.2,1.078073235625366,0.21853626387456734,-0.21853626387456734,1.078073235625366
386,A0,0.2749978240447592,0.5472722490110226,0.26826916266743384,0.4984730277624364,1.1,0.2,1.078073235625366,0.21853626387456734,-0.21853626387456734,1.078073235625366
387,A0,0.39814823734483434,0.4787638893897232,0.37836340856073414,0.4452531046324625,1.1,0.2,1.078073235625366,0.21853626387456734,-0.21853626387456734,1.078073235625366
388,A0,0.5052074140742431,0.3973293294896491,0.46620264785526216,0.37766151730742775,1.1,0.2,1.078073235625366,0.21853626387456734,-0.21853626387456734,1.078073235625366
389,A0,0.5851333340320011,0.30526458906408416,0.5263864277009752,0.29612301062674323,1.1,0.2,1.078073235625366,0.21853626387456734,-0.21853626387456734,1.078073235625366
390,A0,0.6321967356905254,0.2042077689454465,0.5595629843518302,0.20141578755049427,1.1,0.2,1.078073235625366,0.21853626387456734,-0.21853626387456734,1.078073235625366
391,A0,0.6472665307730022,0.09485616578784072,0.569826937101366,0.09457269046632209,1.1,0.2,1.078073235625366,0.21853626387456734,-0.21853626387456734,1.078073235625366
392,A0,0.6349827322664375,-0.02257156347639655,0.561473671904689,-0.022567731038045956,1.1,0.2,1.078073235625366,0.21853626387456734,-0.21853626387456734,1.078073235625366
393,A0,0.6003778705635625,-0.14703202534289456,0.5373183967203881,-0.14598157485274074,1.1,0.2,1.078073235625366,0.21853626387456734,-0.21853626387456734,1.078073235625366
394,A0,0.5473663145505393,-0.27480238367352694,0.4985437170184474,-0.2680877783082134,1.1,0.2,1.078073235625366,0.21853626387456734,-0.21853626387456734,1.078073235625366
395,A0,0.47887973664486416,-0.39796813988770247,0.4453459803402984,-0.37820908313744495,1.1,0.2,1.078073235625366,0.21853626387456734,-0.21853626387456734,1.078073235625366
396,A0,0.3974631820059332,-0.5050613366760136,0.37777627287566257,-0.46608831185017885,1.1,0.2,1.078073235625366,0.21853626387456734,-0.21853626387456734,1.078073235625366
397,A0,0.3054132905342144,-0.5850351496981931,0.2962586666633668,-0.5263154448762852,1.1,0.2,1.078073235625366,0.21853626387456734,-0.21853626387456734,1.078073235625366
398,A0,0.2043695284090884,-0.6321498567704538,0.2015709796468838,-0.5595307828801298,1.1,0.2,1.078073235625366,0.21853626387456734,-0.21853626387456734,1.078073235625366
399,A0,0.0950305114226555,-0.647265730329142,0.09474547390420118,-0.5698263965635725,1.1,0.2,1.078073235625366,0.21853626387456734,-0.21853626387456734,1.078073235625366
400,A0,-0.02238517214934989,-0.6350199089740829,-0.0223814338590767,-0.5614991280240816,1.1,0.2,1.078073235625366,0.21853626387456734,-0.21853626387456734,1.078073235625366
401,A0,-0.14683674642560013,-0.6004460268140249,-0.14579045200435187,-0.5373668737321899,1.1,0.2,1.078073235625366,0.21853626387456734,-0.21853626387456734,1.078073235625366
402,A0,-0.2746069332310054,-0.547460343592734,-0.2679063655922324,-0.49861437222122057,1.1,0.2,1.078073235625366,0.21853626387456734,-0.21853626387456734,1.078073235625366
403,A0,-0.39778800441803863,-0.47899555338510136,-0.3780547041095509,-0.4454388220050553,1.1,0.2,1.078073235625366,0.21853626387456734,-0.21853626387456734,1.078073235625366
404,A0,-0.5049151940484471,-0.39759700953583516,-0.46597390920892934,-0.3778909954206677,1.1,0.2,1.078073235625366,0.21853626387456734,-0.21853626387456734,1.078073235625366
405,A0,-0.5849368863089449,-0.30556197096530324,-0.5262443975526445,-0.2963942915573376,1.1,0.2,1.078073235625366,0.21853626387456734,-0.21853626387456734,1.078073235625366
406,A0,-0.6321029015099907,-0.20453126839402958,-0.5594985272761833,-0.20172614293716687,1.1,0.2,1.078073235625366,0.21853626387456734,-0.21853626387456734,1.078073235625366
407,A0,-0.6472648652315773,-0.09520483783223672,-0.569825812364735,-0.0949182325819177,1.1,0.2,1.078073235625366,0.21853626387456734,-0.21853626387456734,1.078073235625366
408,A0,-0.635057033200932,0.022198797974050374,-0.5615245471476344,0.022195152269044956,1.1,0.2,1.078073235625366,0.21853626387456734,-0.21853626387456734,1.078073235625366
409,A0,-0.6005141397735144,0.14664147622938933,-0.537415316405309,0.14559932680939808,1.1,0.2,1.078073235625366,0.21853626387456734,-0.21853626387456734,1.078073235625366
410,A0,-0.5475543361281233,0.2744114727544676,-0.49868499337102745,0.26772492456202834,1.1,0.2,1.078073235625366,0.21853626387456734,-0.21853626387456734,1.078073235625366
411,A0,-0.4791113396014317,0.3976078309817606,-0.44553162962607973,0.3779002715088195,1.1,0.2,1.078073235625366,0.21853626387456734,-0.21853626387456734,1.078073235625366
412,A0,-0.3977308120717079,0.5047689862256484,-0.37800568494003767,0.46585943993905343,1.1,0.2,1.078073235625366,0.21853626387456734,-0.21853626387456734,1.078073235625366
413,A0,-0.3057106303531099,0.5848385438718589,-0.29652988530544433,0.5261732857180469,1.1,0.2,1.078073235625366,0.21853626387456734,-0.21853626387456734,1.078073235625366
414,A0,-0.20469298889943183,0.6320558698954907,-0.20188127741706832,0.5594662175223585,1.1,0.2,1.078073235625366,0.21853626387456734,-0.21853626387456734,1.078073235625366
415,A0,-0.09537914501582873,0.647263935460365,-0.09509096649039579,0.5698251844912567,1.1,0.2,1.078073235625366,0.21853626387456734,-0.21853626387456734,1.078073235625366
416,A0,0.022012440957311072,0.6350941049303431,0.022008886288109576,0.5615499292684439,1.1,0.2,1.078073235625366,0.21853626387456734,-0.21853626387456734,1.078073235625366
417,A0,0.14644621477448633,0.6005822094301831,0.14540819930278026,0.537463724738022,1.1,0.2,1.078073235625366,0.21853626387456734,-0.21853626387456734,1.078073235625366
418,A0,0.2742160022811626,0.5476482921472223,0.26754345526013906,0.49875558046813917,1.1,0.2,1.078073235625366,0.21853626387456734,-0.21853626387456734,1.078073235625366
419,A0,0.3974276196247867,0.4792270952848511,0.3777457853670489,0.4456244032027206,1.1,0.2,1.078073235625366,0.21853626387456734,-0.21853626387456734,1.078073235625366
420,A0,0.5046227132417558,0.39786458960590065,0.46574490404812857,0.3781203414313694,1.1,0.2,1.078073235625366,0.21853626387456734,-0.21853626387456734,1.078073235625366
421,A0,0.5847401223945788,0.30585926869338764,0.5261021093605059,0.29666544790447646,1.1,0.2,1.078073235625366,0.21853626387456734,-0.21853626387456734,1.078073235625366
422,A0,0.6320087619133301,0.20485468992445335,0.5594338536010226,0.20203638308231658,1.1,0.2,1.078073235625366,0.21853626387456734,-0.21853626387456734,1.078073235625366
423,A0,0.647262940995562,0.09555343297267985,0.5698245129295315,0.09526367562057152,1.1,0.2,1.078073235625366,0.21853626387456734,-0.21853626387456734,1.078073235625366
424,A0,0.6351311241456666,-0.02182610110593007,0.5615752743795971,-0.021822635936407927,1.1,0.2,1.078073235625366,0.21853626387456734,-0.21853626387456734,1.078073235625366
425,A0,0.6006502357721775,-0.14625096208108987,0.5375120987285993,-0.14521706951937832,1.1,0.2,1.078073235625366,0.21853626387456734,-0.21853626387456734,1.078073235625366
426,A0,0.5477422116405439,-0.27402052184831555,0.4988261335128258,-0.26736195772910326,1.1,0.2,1.078073235625366,0.21853626387456734,-0.21853626387456734,1.078073235625366
427,A0,0.4793428204263546,-0.39724737039303576,0.4457171427343298,-0.3775912457160679,1.1,0.2,1.078073235625366,0.21853626387456734,-0.21853626387456734,1.078073235625366
428,A0,0.39799834213075874,-0.5044763751309416,0.37823496489226155,-0.4656303015437706,1.1,0.2,1.078073235625366,0.21853626387456734,-0.21853626387456734,1.078073235625366
429,A0,0.3060078859818833,-0.5846416218847906,0.29680097935122396,-0.5260308684680547,1.1,0.2,1.078073235625366,0.21853626387456734,-0.21853626387456734,1.078073235625366
430,A0,0.2050163714682488,-0.6319615775499061,0.20219145992864349,-0.5594014354945422,1.1,0.2,1.078073235625366,0.21853626387456734,-0.21853626387456734,1.078073235625366
431,A0,0.09572770170204216,-0.6472618818172257,0.09543635996339268,-0.5698237976659434,1.1,0.2,1.078073235625366,0.21853626387456734,-0.21853626387456734,1.078073235625366
432,A0,-0.021639778426690792,-0.6351680908302456,-0.021636401234056184,-0.5616005824741712,1.1,0.2,1.078073235625366,0.21853626387456734,-0.21853626387456734,1.078073235625366
433,A0,-0.1460557181693738,-0.6007182187876383,-0.1450259374940518,-0.5375604383753065,1.1,0.2,1.078073235625366,0.21853626387456734,-0.21853626387456734,1.078073235625366
434,A0,-0.2738250314931286,-0.5478360945986003,-0.267180432011461,-0.49889665250535764,1.1,0.2,1.078073235625366,0.21853626387456734,-0.21853626387456734,1.078073235625366
435,A0,-0.397067083332428,-0.4794585150169372,-0.3774366525877367,-0.4458098482202619,1.1,0.2,1.078073235625366,0.21853626387456734,-0.21853626387456734,1.078073235625366
436,A0,-0.5043299719274124,-0.39813206963862396,-0.46551563243363386,-0.3783495553203154,1.1,0.2,1.078073235625366,0.21853626387456734,-0.21853626387456734,1.078073235625366
437,A0,-0.5845430423502219,-0.3061564822143381,-0.5259595630287461,-0.2969364796424778,1.1,0.2,1.078073235625366,0.21853626387456734,-0.21853626387456734,1.078073235625366
438,A0,-0.6319143167916376,-0.20517803352996944,-0.5593689631852832,-0.20234650795178458,1.1,0.2,1.078073235625366,0.21853626387456734,-0.21853626387456734,1.078073235625366
439,A0,-0.6472607579054128,-0.09590195120317206,-0.5698230386868665,-0.0956090195098194,1.1,0.2,1.078073235625366,0.21853626387456734,-0.21853626387456734,1.078073235625366
440,A0,-0.6352050049674147,0.021453472926361114,-0.5616258535452334,0.021450182201148443,1.1,0.2,1.078073235625366,0.21853626387456734,-0.21853626387456734,1.078073235625366
441,A0,-0.6007861584647,0.14586048305948598,-0.5376087436764028,0.1448348032616387,1.1,0.2,1.078073235625366,0.21853626387456734,-0.21853626387456734,1.078073235625366
442,A0,-0.547929941011901,0.2736295312527791,-0.4989671374460038,0.2669988781497522,1.1,0.2,1.078073235625366,0.21853626387456734,-0.21853626387456734,1.078073235625366
443,A0,-0.47957417904759225,0.3968867584888836,-0.44590251965987376,0.3772820060139455,1.1,0.2,1.078073235625366,0.21853626387456734,-0.21853626387456734,1.078073235625366
444,A0,-0.3982657721218338,0.5041835036654077,-0.3784641127131336,0.4654008967254102,1.1,0.2,1.078073235625366,0.21853626387456734,-0.21853626387456734,1.078073235625366
445,A0,-0.30630505738648667,0.584444383798641,-0.29707194877502924,0.5258881930306525,1.1,0.2,1.078073235625366,0.21853626387456734,-0.21853626387456734,1.078073235625366
446,A0,-0.20533967610876264,0.6318669796249643,-0.2025015271474786,0.5593364366556106,1.1,0.2,1.078073235625366,0.21853626387456734,-0.21853626387456734,1.078073235625366
447,A0,-0.0960761814753294,0.6472595692401809,-0.09578165425082318,0.5698222359786654,1.1,0.2,1.078073235625366,0.21853626387456734,-0.21853626387456734,1.078073235625366
448,A0,0.021267184611694592,0.6352418665405011,0.02126397885775795,0.5616510875858415,1.1,0.2,1.078073235625366,0.21853626387456734,-0.21853626387456734,1.078073235625366
449,A0,0.14566525677154968,0.6008540547914917,0.14464366685695684,0.5376570146301419,1.1,0.2,1.078073235625366,0.21853626387456734,-0.21853626387456734,1.078073235625366
450,A0,0.2734340211644218,0.5480237508709549,0.26681729618651845,0.4990375883350336,1.1,0.2,1.078073235625366,0.21853626387456734,-0.21853626387456734,1.078073235625366
451,A0,0.3967063959083241,0.4796898125093134,0.3771273060266162,0.44599515705252596,1.1,0.2,1.078073235625366,0.21853626387456734,-0.21853626387456734,1.078073235625366
452,A0,0.5040369703792016,0.39839944957272255,0.46528609442683033,0.37857863706832184,1.1,0.2,1.078073235625366,0.21853626387456734,-0.21853626387456734,1.078073235625366
453,A0,0.5843456462378593,0.3064536114940582,0.525816758461866,0.2972073867456707,1.1,0.2,1.078073235625366,0.21853626387456734,-0.21853626387456734,1.078073235625366
454,A0,0.6318195660363479,0.20550129920377272,0.5593038558878892,0.20265651751146818,1.1,0.2,1.078073235625366,0.21853626387456734,-0.21853626387456734,1.078073235625366
455,A0,0.6472583158015872,0.09625039251777841,0.5698213895276953,0.09595426417738795,1.1,0.2,1.078073235625366,0.21853626387456734,-0.21853626387456734,1.078073235625366
456,A0,0.6352786755328241,-0.02108091348942928,0.5616762845890433,-0.021077791223935893,1.1,0.2,1.078073235625366,0.21853626387456734,-0.21853626387456734,1.078073235625366
457,A0,0.6009219077561367,-0.14547003932566227,0.5377052512347723,-0.1444525283148026,1.1,0.2,1.078073235625366,0.21853626387456734,-0.21853626387456734,1.078073235625366
458,A0,0.5481175241662692,-0.2732385012651868,0.49910800517271553,-0.26663568616430117,1.1,0.2,1.078073235625366,0.21853626387456734,-0.21853626387456734,1.078073235625366
459,A0,0.4798054153930933,-0.3965259956366713,0.44608776039758113,-0.3769725526577008,1.1,0.2,1.078073235625366,0.21853626387456734,-0.21853626387456734,1.078073235625366
460,A0,0.39853310198362074,-0.5038903721031017,0.3786931283834875,-0.465171225545663,1.1,0.2,1.078073235625366,0.21853626387456734,-0.21853626387456734,1.078073235625366
461,A0,0.3066021445327756,-0.584246829675729,0.2973427935511952,-0.5257452593104988,1.1,0.2,1.078073235625366,0.21853626387456734,-0.21853626387456734,1.078073235625366
462,A0,0.20566290281414024,-0.6317720760122714,0.2028114790394993,-0.5592712208644829,1.1,0.2,1.078073235625366,0.21853626387456734,-0.21853626387456734,1.078073235625366
463,A0,0.09642458432978702,-0.647256997569689,0.09612684928050928,-0.5698204993203012,1.1,0.2,1.078073235625366,0.21853626387456734,-0.21853626387456734,1.078073235625366
464,A0,-0.02089465956628854,-0.6353154319276949,-0.020891619319712205,-0.5617014445478764,1.1,0.2,1.078073235625366,0.21853626387456734,-0.21853626387456734,1.078073235625366
465,A0,-0.1452748307418959,-0.6009897173467516,-0.14426138766995147,-0.5377534534885356,1.1,0.2,1.078073235625366,0.21853626387456734,-0.21853626387456734,1.078073235625366
466,A0,-0.2730429715921804,-0.5482112608883486,-0.2664540481256425,-0.4991783879593171,1.1,0.2,1.078073235625366,0.21853626387456734,-0.21853626387456734,1.078073235625366
467,A0,-0.39634555771984686,-0.47992098768992314,-0.37681774593918155,-0.44618032969440424,1.1,0.2,1.078073235625366,0.21853626387456734,-0.21853626387456734,1.078073235625366
468,A0,-0.5037437088714484,-0.39866672934685426,-0.4650562900897145,-0.37880758665623965,1.1,0.2,1.078073235625366,0.21853626387456734,-0.21853626387456734,1.078073235625366
469,A0,-0.5841479341201433,-0.3067506564983553,-0.5256736955646816,-0.2974781691883961,1.1,0.2,1.078073235625366,0.21853626387456734,-0.21853626387456734,1.078073235625366
470,A0,-0.6317245095392383,-0.20582448693900196,-0.5592385315677547,-0.20296641172732124,1.1,0.2,1.078073235625366,0.21853626387456734,-0.21853626387456734,1.078073235625366
471,A0,-0.6472556145245436,-0.09659875691062704,-0.5698195653428184,-0.0962994095511946,1.1,0.2,1.078073235625366,0.21853626387456734,-0.21853626387456734,1.078073235625366
472,A0,-0.6353521357084168,0.020708422848980793,-0.5617265674553689,0.020705463165095334,1.1,0.2,1.078073235625366,0.21853626387456734,-0.21853626387456734,1.078073235625366
473,A0,-0.6010574835514475,0.14507963104029759,-0.5378016213896686,0.14407024495715826,1.1,0.2,1.078073235625366,0.21853626387456734,-0.21853626387456734,1.078073235625366
474,A0,-0.5483049610276969,0.2728474321824854,-0.49924873669510583,0.2662723821130854,1.1,0.2,1.078073235625366,0.21853626387456734,-0.21853626387456734,1.078073235625366
475,A0,-0.4800365293907942,0.39616508220377383,-0.4462728649423637,0.37666288590307223,1.1,0.2,1.078073235625366,0.21853626387456734,-0.21853626387456734,1.078073235625366
476,A0,-0.3988003316547461,0.5035969807186167,-0.37892201188419017,0.46494128806683027,1.1,0.2,1.078073235625366,0.21853626387456734,-0.21853626387456734,1.078073235625366
477,A0,-0.30689914738650825,0.5840489595790384,-0.2976135136540678,0.5256020672125662,1.1,0.2,1.078073235625366,0.21853626387456734,-0.21853626387456734,1.078073235625366
478,A0,-0.20598605157749145,0.6316768666037749,-0.203121315570687,0.5592057879800676,1.1,0.2,1.078073235625366,0.21853626387456734,-0.21853626387456734,1.078073235625366
479,A0,-0.09677291025957413,0.6472541666462087,-0.0964719449804632,0.569818587581573,1.1,0.2,1.078073235625366,0.21853626387456734,-0.21853626387456734,1.078073235625366
480,A0,0.020522203344199658,0.6353887868582856,0.02051932278007235,0.5617516533045392,1.1,0.2,1.078073235625366,0.21853626387456734,-0.21853626387456734,1.078073235625366
481,A0,0.14488444024088915,0.6011252063583301,0.14387910021115674,0.5378497549364021,1.1,0.2,1.078073235625366,0.21853626387456734,-0.21853626387456734,1.078073235625366
482,A0,0.27265188307316096,0.5483986245748165,0.2660906881691734,0.4993190513803488,1.1,0.2,1.078073235625366,0.21853626387456734,-0.21853626387456734,1.078073235625366
483,A0,0.39598456913437563,0.4801520404866973,0.376507972581417,0.4463653661408305,1.1,0.2,1.078073235625366,0.21853626387456734,-0.21853626387456734,1.078073235625366
484,A0,0.5034501876790152,0.39893390889961544,0.4648262194848938,0.3790364040649529,1.1,0.2,1.078073235625366,0.21853626387456734,-0.21853626387456734,1.078073235625366
485,A0,0.5839499060603917,0.3070476171929391,0.525530374242324,0.29774882694500543,1.1,0.2,1.078073235625366,0.21853626387456734,-0.21853626387456734,1.078073235625366
486,A0,0.6316291471924282,0.20614759672873853,0.5591729900837836,0.20327619056535298,1.1,0.2,1.078073235625366,0.21853626387456734,-0.21853626387456734,1.078073235625366
487,A0,0.6472526539147421,0.096947044375908,0.5698175660228808,0.09664445555934635,1.1,0.2,1.078073235625366,0.21853626387456734,-0.21853626387456734,1.078073235625366
488,A0,0.6354253853605889,-0.02033600105862357,0.5617767020883956,-0.020333198184608558,1.1,0.2,1.078073235625366,0.21853626387456734,-0.21853626387456734,1.078073235625366
489,A0,0.6011928857554985,-0.14468925836366658,0.5378978541269608,-0.14368795346665936,1.1,0.2,1.078073235625366,0.21853626387456734,-0.21853626387456734,1.078073235625366
490,A0,0.5484922515202073,-0.2724563243012415,0.499389332015312,-0.2659089663364498,1.1,0.2,1.078073235625366,0.21853626387456734,-0.21853626387456734,1.078073235625366
491,A0,0.48026752096862174,-0.3958040185575751,0.446457833289178,-0.37635300600628985,1.1,0.2,1.078073235625366,0.21853626387456734,-0.21853626387456734,1.078073235625366
492,A0,0.3990674610737771,-0.5033033297870851,0.37915076319614355,-0.46471108435182634,1.1,0.2,1.078073235625366,0.21853626387456734,-0.21853626387456734,1.078073235625366
493,A0,0.30719606591334636,-0.5838507735722218,0.29788410905800455,-0.5254586166421455,1.1,0.2,1.078073235625366,0.21853626387456734,-0.21853626387456734,1.078073235625366
494,A0,0.2063091223918693,-0.6315813512917672,0.20343103670707888,-0.5591401378612646,1.1,0.2,1.078073235625366,0.21853626387456734,-0.21853626387456734,1.078073235625366
495,A0,0.09712115925891183,-0.6472510763102017,0.09681694127888679,-0.5698165006530486,1.1,0.2,1.078073235625366,0.21853626387456734,-0.21853626387456734,1.078073235625366
496,A0,-0.02014981599891666,-0.6354619311986067,-0.02014708939864837,-0.5618017137999365,1.1,0.2,1.078073235625366,0.21853626387456734,-0.21853626387456734,1.078073235625366
497,A0,-0.14449408542860145,-0.6012605217310458,-0.14349680475835824,-0.5379459189595641,1.1,0.2,1.078073235625366,0.21853626387456734,-0.21853626387456734,1.078073235625366
498,A0,-0.2722607559037386,-0.5485858418543683,-0.26572721665745924,-0.49945957860026124,1.1,0.2,1.078073235625366,0.21853626387456734,-0.21853626387456734,1.078073235625366
499,A0,-0.3956234305192966,-0.4803829708275566,-0.37619798620979644,-0.4465502663867824,1.1,0.2,1.078073235625366,0.21853626387456734,-0.21853626387456734,1.078073235625366
500,A0,-0.5031564070773022,-0.3992009881695427,-0.464595882675588,-0.3792650892753802,1.1,0.2,1.078073235625366,0.21853626387456734,-0.21853626387456734,1.078073235625366
501,A0,-0.5837515621225898,-0.3073444935434226,-0.5253867944002422,-0.29801935998986173,1.1,0.2,1.078073235625366,0.21853626387456734,-0.21853626387456734,1.078073235625366
502,A0,-0.631533478888382,-0.20647062856600656,-0.5591072312948713,-0.20358585399162812,1.1,0.2,1.078073235625366,0.21853626387456734,-0.21853626387456734,1.078073235625366
503,A0,-0.6472494338126453,-0.09729525490787311,-0.5698153914583726,-0.09698940213013953,1.1,0.2,1.078073235625366,0.21853626387456734,-0.21853626387456734,1.078073235625366
504,A0,-0.635498424355611,0.019963648171727508,-0.5618266884321507,0.01996099644211407,1.1,0.2,1.078073235625366,0.21853626387456734,-0.21853626387456734,1.078073235625366
505,A0,-0.6013281142730599,0.14429892145563913,-0.5379939494324253,0.14330565412092366,1.1,0.2,1.078073235625366,0.21853626387456734,-0.21853626387456734,1.078073235625366
506,A0,-0.5486793955677965,0.27206517791763885,-0.4995297911354616,0.26554543917474566,1.1,0.2,1.078073235625366,0.21853626387456734,-0.21853626387456734,1.078073235625366
507,A0,-0.48049839005449024,0.3954428050654636,-0.4466426654330228,0.3760429132240718,1.1,0.2,1.078073235625366,0.21853626387456734,-0.21853626387456734,1.078073235625366
508,A0,-0.3993344901792199,0.503009419584175,-0.3793793823002831,0.4644806144641767,1.1,0.2,1.078073235625366,0.21853626387456734,-0.21853626387456734,1.078073235625366
509,A0,-0.3074929000788544,0.5836522717195982,-0.2981545797373741,0.5253149075048444,1.1,0.2,1.078073235625366,0.21853626387456734,-0.21853626387456734,1.078073235625366
510,A0,-0.20663211525026942,0.631485529968885,-0.20374064241476744,0.5590742703669648,1.1,0.2,1.078073235625366,0.21853626387456734,-0.21853626387456734,1.078073235625366
511,A0,-0.09746933132208278,0.6472477264021318,-0.09716183810417102,0.5698142384251403,1.1,0.2,1.078073235625366,0.21853626387456734,-0.21853626387456734,1.078073235625366
512,A0,0.019777497583690476,0.6355348648148659,0.019774919334907107,0.5618516259780169,1.1,0.2,1.078073235625366,0.21853626387456734,-0.21853626387456734,1.078073235625366
513,A0,0.14410376646470052,0.6013956633696219,0.14311450158900565,0.538041945543752,1.1,0.2,1.078073235625366,0.21853626387456734,-0.21853626387456734,1.078073235625366
514,A0,0.2718695903799059,0.5487729126509875,0.26536363393085427,0.49959996962117775,1.1,0.2,1.078073235625366,0.21853626387456734,-0.21853626387456734,1.078073235625366
515,A0,0.39526214224200074,0.4806137786404104,0.37588778708128223,0.4467350304272808,1.1,0.2,1.078073235625366,0.21853626387456734,-0.21853626387456734,1.078073235625366
516,A0,0.5028623673422457,0.3994679670951127,0.464365279725629,0.37949364226847454,1.1,0.2,1.078073235625366,0.21853626387456734,-0.21853626387456734,1.078073235625366
517,A0,0.583552902371391,0.30764128551532216,0.5252429559442031,0.2982897682973395,1.1,0.2,1.078073235625366,0.21853626387456734,-0.21853626387456734,1.078073235625366
518,A0,0.6314375045199095,0.20679358244377335,0.5590412550599049,0.2038954019722671,1.1,0.2,1.078073235625366,0.21853626387456734,-0.21853626387456734,1.078073235625366
519,A0,0.6472459540587194,0.09764338850083593,0.5698130415396291,0.09733424919205981,1.1,0.2,1.078073235625366,0.21853626387456734,-0.21853626387456734,1.078073235625366
520,A0,0.6355712525596279,-0.019591364241424603,0.5618765264305041,-0.01958885809690701,1.1,0.2,1.078073235625366,0.21853626387456734,-0.21853626387456734,1.078073235625366
521,A0,0.6014631690088079,-0.14390862047568065,0.5380899072917462,-0.14292334719723254,1.1,0.2,1.078073235625366,0.21853626387456734,-0.21853626387456734,1.078073235625366
522,A0,0.5488663930944353,-0.2716739933274786,0.49967011405767386,-0.26518180096832983,1.1,0.2,1.078073235625366,0.21853626387456734,-0.21853626387456734,1.078073235625366
523,A0,0.4807291365763041,-0.3950814420948321,0.4468273613689409,-0.375732607813624,1.1,0.2,1.078073235625366,0.21853626387456734,-0.21853626387456734,1.078073235625366
524,A0,0.39960141890952133,-0.5027152503860898,0.37960786917757905,-0.4642498784680197,1.1,0.2,1.078073235625366,0.21853626387456734,-0.21853626387456734,1.078073235625366
525,A0,0.30778964984850027,-0.5834534540861546,0.29842492566655643,-0.5251709397065892,1.1,0.2,1.078073235625366,0.21853626387456734,-0.21853626387456734,1.078073235625366
526,A0,0.2069550301456301,-0.6313894025281114,0.20405013265990052,-0.5590081853560516,1.1,0.2,1.078073235625366,0.21853626387456734,-0.21853626387456734,1.078073235625366
527,A0,0.09781742644343099,-0.6472441167624673,0.09750663538489579,-0.5698118007881068,1.1,0.2,1.078073235625366,0.21853626387456734,-0.21853626387456734,1.078073235625366
528,A0,-0.0194052481515347,-0.6356075875731455,-0.019402812747972467,-0.5619013897825714,1.1,0.2,1.078073235625366,0.21853626387456734,-0.21853626387456734,1.078073235625366
529,A0,-0.14371348350844992,-0.601530631178687,-0.14273219098021223,-0.5381378346746037,1.1,0.2,1.078073235625366,0.21853626387456734,-0.21853626387456734,1.078073235625366
530,A0,-0.27147838679727254,-0.5489598368886315,-0.2649999403297178,-0.49974022444521293,1.1,0.2,1.078073235625366,0.21853626387456734,-0.21853626387456734,1.078073235625366
531,A0,-0.39490070466988236,-0.4808444638531575,-0.3755773754533241,-0.44691965825739,1.1,0.2,1.078073235625366,0.21853626387456734,-0.21853626387456734,1.078073235625366
532,A0,-0.5025680687503165,-0.39973484561474215,-0.46413441069946193,-0.37972206302522304,1.1,0.2,1.078073235625366,0.21853626387456734,-0.21853626387456734,1.078073235625366
533,A0,-0.5833539268721166,-0.3079379930740569,-0.5250988587802935,-0.298560051841824,1.1,0.2,1.078073235625366,0.21853626387456734,-0.21853626387456734,1.078073235625366
534,A0,-0.6313412239801675,-0.20711645835494777,-0.558975061237764,-0.20420483447344465,1.1,0.2,1.078073235625366,0.21853626387456734,-0.21853626387456734,1.078073235625366
535,A0,-0.6472422144934343,-0.0979914451491703,-0.5698105161568312,-0.0976789966737807,1.1,0.2,1.078073235625366,0.21853626387456734,-0.21853626387456734,1.078073235625366
536,A0,-0.6356438698386592,0.01921914932061057,-0.5619262160271681,0.01921678330794053,1.1,0.2,1.078073235625366,0.21853626387456734,-0.21853626387456734,1.078073235625366
537,A0,-0.6015980498673229,0.1435183555828533,-0.5381857276905148,0.14254103297253123,1.1,0.2,1.078073235625366,0.21853626387456734,-0.21853626387456734,1.078073235625366
538,A0,-0.5490532440240669,0.27128277082617913,-0.499810300784058,0.26481805205756365,1.1,0.2,1.078073235625366,0.21853626387456734,-0.21853626387456734,1.078073235625366
539,A0,-0.48095976046195615,0.39471993001307604,-0.4470119210920178,0.3754220900326396,1.1,0.2,1.078073235625366,0.21853626387456734,-0.21853626387456734,1.078073235625366
540,A0,-0.3998682472030679,0.5024208224695677,-0.3798362238090354,0.46401887642810696,1.1,0.2,1.078073235625366,0.21853626387456734,-0.21853626387456734,1.078073235625366
541,A0,-0.3080863151876544,0.5832543207375467,-0.2986951468199423,0.5250267131536269,1.1,0.2,1.078073235625366,0.21853626387456734,-0.21853626387456734,1.078073235625366
542,A0,-0.20727786707083115,0.6312929688627771,-0.20435950740868003,0.5589418826874013,1.1,0.2,1.078073235625366,0.21853626387456734,-0.21853626387456734,1.078073235625366
543,A0,-0.09816544461736024,0.6472402472316804,-0.0978513330498283,0.5698091876320512,1.1,0.2,1.078073235625366,0.21853626387456734,-0.21853626387456734,1.078073235625366
544,A0,0.01903306775522709,0.6356800993394022,0.01903076979662669,0.5619510051572335,1.1,0.2,1.078073235625366,0.21853626387456734,-0.21853626387456734,1.078073235625366
545,A0,0.14332323671871036,0.6016654250627737,0.1423498732087549,0.5382335863376639,1.1,0.2,1.078073235625366,0.21853626387456734,-0.21853626387456734,1.078073235625366
546,A0,0.27108714545106544,0.5491466144912305,0.26463613619441273,0.49988034307447154,1.1,0.2,1.078073235625366,0.21853626387456734,-0.21853626387456734,1.078073235625366
547,A0,0.39453911817033754,0.48107502639368543,0.37526675158385797,0.4471041498722172,1.1,0.2,1.078073235625366,0.21853626387456734,-0.21853626387456734,1.078073235625366
548,A0,0.5022735115785192,0.40000162366678804,0.46390327566214484,0.37995035152664736,1.1,0.2,1.078073235625366,0.21853626387456734,-0.21853626387456734,1.078073235625366
549,A0,0.5831546356907565,0.3082346161849493,0.5249545028149206,0.29883021059771225,1.1,0.2,1.078073235625366,0.21853626387456734,-0.21853626387456734,1.078073235625366
550,A0,0.6312446371626609,0.20743925629238136,0.5589086496873219,0.2045141514613907,1.1,0.2,1.078073235625366,0.21853626387456734,-0.21853626387456734,1.078073235625366
551,A0,0.647238214957265,0.09833942484731094,0.5698078152000053,0.09802364450416408,1.1,0.2,1.078073235625366,0.21853626387456734,-0.21853626387456734,1.078073235625366
552,A0,0.6357162760585992,-0.018847003461944276,0.561975757165697,-0.018844772233824955,1.1,0.2,1.078073235625366,0.21853626387456734,-0.21853626387456734,1.078073235625366
553,A0,0.6017327567530907,-0.14312812693581528,0.5382814106142296,-0.14215871172342726,1.1,0.2,1.078073235625366,0.21853626387456734,-0.21853626387456734,1.078073235625366
554,A0,0.5492399482806093,-0.2708915107087745,0.4999503513167149,-0.2644541927828104,1.1,0.2,1.078073235625366,0.21853626387456734,-0.21853626387456734,1.078073235625366
555,A0,0.4811902616393293,-0.394358269187591,0.447196344597383,-0.37511136013929663,1.1,0.2,1.078073235625366,0.21853626387456734,-0.21853626387456734,1.078073235625366
556,A0,0.4001349749981876,-0.5021261361118791,0.38006444617569174,-0.46378760840980315,1.1,0.2,1.078073235625366,0.21853626387456734,-0.21853626387456734,1.078073235625366
557,A0,0.30838289606159147,-0.583054871740099,0.2989652431719349,-0.5248822277525256,1.1,0.2,1.078073235625366,0.21853626387456734,-0.21853626387456734,1.078073235625366
558,A0,0.2076006260186955,-0.6311962288665617,0.2046687666273636,-0.5588753622198841,1.1,0.2,1.078073235625366,0.21853626387456734,-0.21853626387456734,1.078073235625366
559,A0,0.09851338583833581,-0.6472361176502486,0.09819593102792475,-0.569806398846923,1.1,0.2,1.078073235625366,0.21853626387456734,-0.21853626387456734,1.078073235625366
560,A0,-0.018660956447308016,-0.6357523999794674,-0.018658790639308552,-0.5620004720454783,1.1,0.2,1.078073235625366,0.21853626387456734,-0.21853626387456734,1.078073235625366
561,A0,-0.14293302625393772,-0.6018000449263197,-0.14196754855107183,-0.5383292005183844,1.1,0.2,1.078073235625366,0.21853626387456734,-0.21853626387456734,1.078073235625366
562,A0,-0.27069586663612577,-0.5493332453826887,-0.2642722218653026,-0.500020325511049,1.1,0.2,1.078073235625366,0.21853626387456734,-0.21853626387456734,1.078073235625366
563,A0,-0.394177383110761,-0.48130546618987136,-0.3749559157313039,-0.44728850526691305,1.1,0.2,1.078073235625366,0.21853626387456734,-0.21853626387456734,1.078073235625366
564,A0,-0.5019786961043897,-0.4002683011895482,-0.46367187467934884,-0.3801785077538038,1.1,0.2,1.078073235625366,0.21853626387456734,-0.21853626387456734,1.078073235625366
565,A0,-0.5829550288939693,-0.308531154813225,-0.5248098879548131,-0.2991002445394123,1.1,0.2,1.078073235625366,0.21853626387456734,-0.21853626387456734,1.078073235625366
566,A0,-0.6311477439612437,-0.20776197624886725,-0.5588420202674457,-0.20482335290238937,1.1,0.2,1.078073235625366,0.21853626387456734,-0.21853626387456734,1.078073235625366
567,A0,-0.6472339552906916,-0.09868732758975228,-0.5698049385590236,-0.098368192612259,1.1,0.2,1.078073235625366,0.21853626387456734,-0.21853626387456734,1.078073235625366
568,A0,-0.6357884710852163,0.01847492671784913,-0.562025149789487,0.018472825032828988,1.1,0.2,1.078073235625366,0.21853626387456734,-0.21853626387456734,1.078073235625366
569,A0,-0.6018672895705003,0.14273793469282178,-0.5383769560482953,0.1417763837261907,1.1,0.2,1.078073235625366,0.21853626387456734,-0.21853626387456734,1.078073235625366
570,A0,-0.5494265057879524,0.27050021326991447,-0.5000902656577344,0.2640902234844348,1.1,0.2,1.078073235625366,0.21853626387456734,-0.21853626387456734,1.078073235625366
571,A0,-0.4814206400362947,0.39399645998577176,-0.44738063188020805,0.37480041839225775,1.1,0.2,1.078073235625366,0.21853626387456734,-0.21853626387456734,1.078073235625366
572,A0,-0.4004016022331479,0.501831191590826,-0.38029253625862114,0.46355607447908664,1.1,0.2,1.078073235625366,0.21853626387456734,-0.21853626387456734,1.078073235625366
573,A0,-0.30867939243548825,0.5828551071608046,-0.29923521469694747,0.5247374834101749,1.1,0.2,1.078073235625366,0.21853626387456734,-0.21853626387456734,1.078073235625366
574,A0,-0.20792330698198686,0.6310991824334939,-0.2049779102822622,0.5588086238123643,1.1,0.2,1.078073235625366,0.21853626387456734,-0.21853626387456734,1.078073235625366
575,A0,-0.09886125010088169,0.6472317278586553,-0.09854042924832743,0.5698034343225173,1.1,0.2,1.078073235625366,0.21853626387456734,-0.21853626387456734,1.078073235625366
576,A0,0.018288914280083557,0.6358244893590477,0.01828687543411623,0.5620497903906234,1.1,0.2,1.078073235625366,0.21853626387456734,-0.21853626387456734,1.078073235625366
577,A0,0.14254285227218624,0.6019344906736668,0.14158521728326454,0.5384246772021235,1.1,0.2,1.078073235625366,0.21853626387456734,-0.21853626387456734,1.078073235625366
578,A0,0.2703045506469115,0.549519729486883,0.26390819768275237,0.5001601717570309,1.1,0.2,1.078073235625366,0.21853626387456734,-0.21853626387456734,1.078073235625366
579,A0,0.39381549985854697,0.48153578316958157,0.37464486815456655,0.44747272443667113,1.1,0.2,1.078073235625366,0.21853626387456734,-0.21853626387456734,1.078073235625366
580,A0,0.5016836226059961,0.400534878121261,0.46344020781735995,0.3804065316877833,1.1,0.2,1.078073235625366,0.21853626387456734,-0.21853626387456734,1.078073235625366
581,A0,0.5827551065490836,0.30882760892401295,0.5246650141070228,0.2993701536413436,1.1,0.2,1.078073235625366,0.21853626387456734,-0.21853626387456734,1.078073235625366
582,A0,0.6310505442701209,0.2080846182171403,0.5587751728369974,0.20513243876277903,1.1,0.2,1.078073235625366,0.21853626387456734,-0.21853626387456734,1.078073235625366
583,A0,0.6472294353342011,0.09903515337104839,0.5698018861236045,0.09871264092730157,1.1,0.2,1.078073235625366,0.21853626387456734,-0.21853626387456734,1.078073235625366
584,A0,0.6358604547841548,-0.018102919140513277,0.5620743938417767,-0.018100941862879624,1.1,0.2,1.078073235625366,0.21853626387456734,-0.21853626387456734,1.078073235625366
585,A0,0.6020016482238459,-0.1423477790117253,0.5384723639780236,-0.14139404925675353,1.1,0.2,1.078073235625366,0.21853626387456734,-0.21853626387456734,1.078073235625366
586,A0,0.5496129164699602,-0.270108878803864,0.5002300438091973,-0.2637261445028009,1.1,0.2,1.078073235625366,0.21853626387456734,-0.21853626387456734,1.078073235625366
587,A0,0.48165089558071356,-0.39363450277501055,0.4475647829357082,-0.3744892650506688,1.1,0.2,1.078073235625366,0.21853626387456734,-0.21853626387456734,1.078073235625366
588,A0,0.4006681288461578,-0.5015359891847412,0.38052049403893207,-0.4633242747025504,1.1,0.2,1.078073235625366,0.21853626387456734,-0.21853626387456734,1.078073235625366
589,A0,0.30897580427442517,-0.5826550270673272,0.29950506136940513,-0.5245924800337891,1.1,0.2,1.078073235625366,0.21853626387456734,-0.21853626387456734,1.078073235625366
590,A0,0.20824590995341055,-0.631001829457955,0.20528693833974088,-0.558741667323702,1.1,0.2,1.078073235625366,0.21853626387456734,-0.21853626387456734,1.078073235625366
591,A0,0.09920903739958117,-0.6472270776973909,0.09888482764036541,-0.5698002939484756,1.1,0.2,1.078073235625366,0.21853626387456734,-0.21853626387456734,1.078073235625366
592,A0,-0.017916941305624753,-0.6358963673437238,-0.017915024338806325,-0.5620989601358275,1.1,0.2,1.078073235625366,0.21853626387456734,-0.21853626387456734,1.078073235625366
593,A0,-0.1421527149311072,-0.6020687622090605,-0.1412028796810958,-0.5385200163741455,1.1,0.2,1.078073235625366,0.21853626387456734,-0.21853626387456734,1.078073235625366
594,A0,-0.2699131977774948,-0.5497060667276633,-0.26354406398712554,-0.5002998818144924,1.1,0.2,1.078073235625366,0.21853626387456734,-0.21853626387456734,1.078073235625366
595,A0,-0.39345346878108567,-0.48176597726067166,-0.37433360911303304,-0.44765680737672797,1.1,0.2,1.078073235625366,0.21853626387456734,-0.21853626387456734,1.078073235625366
596,A0,-0.5013882913619355,-0.4008013544001054,-0.46320827514307816,-0.3806344233097113,1.1,0.2,1.078073235625366,0.21853626387456734,-0.21853626387456734,1.078073235625366
597,A0,-0.5825548687240979,-0.3091239784823448,-0.524519881178926,-0.29963993787793675,1.1,0.2,1.078073235625366,0.21853626387456734,-0.21853626387456734,1.078073235625366
598,A0,-0.6309530379838489,-0.20840718218987642,-0.5587081072548349,-0.20544140900895158,1.1,0.2,1.078073235625366,0.21853626387456734,-0.21853626387456734,1.078073235625366
599,A0,-0.647224654928287,-0.09938290218581196,-0.5697986577833121,-0.09905698937871395,1.1,0.2,1.078073235625366,0.21853626387456734,-0.21853626387456734,1.078073235625366
600,A0,-0.6359322270209327,0.017730980781890532,-0.5621234892656457,0.017729122881562885,1.1,0.2,1.078073235625366,0.21853626387456734,-0.21853626387456734,1.078073235625366
601,A0,-0.6021358326173254,0.1419576600499759,-0.5385676343886322,0.14101170859070913,1.1,0.2,1.078073235625366,0.21853626387456734,-0.21853626387456734,1.078073235625366
602,A0,-0.549799180250469,0.26971750760450264,-0.5003696857731738,0.2633619561782713,1.1,0.2,1.078073235625366,0.21853626387456734,-0.21853626387456734,1.078073235625366
603,A0,-0.4818810282004361,0.3932723979226954,-0.4477487977591415,0.3741779003741579,1.1,0.2,1.078073235625366,0.21853626387456734,-0.21853626387456734,1.078073235625366
604,A0,-0.40093455477536677,0.5012405291724862,-0.38074831949776716,0.4630922091474017,1.1,0.2,1.078073235625366,0.21853626387456734,-0.21853626387456734,1.078073235625366
605,A0,-0.30927213154338556,0.5824546315280001,-0.299774783163744,0.5244472175309063,1.1,0.2,1.078073235625366,0.21853626387456734,-0.21853626387456734,1.078073235625366
606,A0,-0.20856843492561325,0.6309041698346775,-0.20559585076621859,0.5586744926127527,1.1,0.2,1.078073235625366,0.21853626387456734,-0.21853626387456734,1.078073235625366
607,A0,-0.09955674772907658,0.6472221670069525,-0.09922912613355411,0.5697969776142853,1.1,0.2,1.078073235625366,0.21853626387456734,-0.21853626387456734,1.078073235625366
608,A0,0.01754503757576814,0.6359680337989518,0.017543237510794153,0.5621479812240916,1.1,0.2,1.078073235625366,0.21853626387456734,-0.21853626387456734,1.078073235625366
609,A0,0.14176261438794957,0.6022028594366508,0.14082053601998945,0.5386152180196213,1.1,0.2,1.078073235625366,0.21853626387456734,-0.21853626387456734,1.078073235625366
610,A0,0.26952180832156203,0.5498922570288526,0.2631798211187828,0.5004394556854985,1.1,0.2,1.078073235625366,0.21853626387456734,-0.21853626387456734,1.078073235625366
611,A0,0.39309129024576217,0.48199604839098653,0.3740221388665718,0.44784075408236285,1.1,0.2,1.078073235625366,0.21853626387456734,-0.21853626387456734,1.078073235625366
612,A0,0.5010927026513335,0.4010677299642015,0.4629760767240181,0.38086218260074794,1.1,0.2,1.078073235625366,0.21853626387456734,-0.21853626387456734,1.078073235625366
613,A0,0.5823543154876806,0.3094202634531553,0.5243744890782234,0.2999095972236332,1.1,0.2,1.078073235625366,0.21853626387456734,-0.21853626387456734,1.078073235625366
614,A0,0.6308552249973375,0.2087296681596924,0.5586408233798121,0.20575026360735232,1.1,0.2,1.078073235625366,0.21853626387456734,-0.21853626387456734,1.078073235625366
615,A0,0.6472196139134508,0.0997305740287141,0.5697952534275572,0.09940123789610401,1.1,0.2,1.078073235625366,0.21853626387456734,-0.21853626387456734,1.078073235625366
616,A0,0.6360037876609437,-0.017359111693701024,0.5621724360040156,-0.017357368246124202,1.1,0.2,1.078073235625366,0.21853626387456734,-0.21853626387456734,1.078073235625366
617,A0,0.60226984265504,-0.14156757796462197,0.5386627672652446,-0.14062936200331214,1.1,0.2,1.078073235625366,0.21853626387456734,-0.21853626387456734,1.078073235625366
618,A0,0.5499852970532879,-0.26932609996532375,0.5005091915517234,-0.26299765885120485,1.1,0.2,1.078073235625366,0.21853626387456734,-0.21853626387456734,1.078073235625366
619,A0,0.48211103782330206,-0.39291014579620837,0.44793267634580863,-0.37386632462283376,1.1,0.2,1.078073235625366,0.21853626387456734,-0.21853626387456734,1.078073235625366
620,A0,0.40120087995886544,-0.5009448118334506,0.3809760126163042,-0.46285987788146293,1.1,0.2,1.078073235625366,0.21853626387456734,-0.21853626387456734,1.078073235625366
621,A0,0.3095683742072559,-0.5822539206118277,0.3000443800544114,-0.5243016958093909,1.1,0.2,1.078073235625366,0.21853626387456734,-0.21853626387456734,1.078073235625366
622,A0,0.20889088189118213,-0.6308062034587483,0.2059046475281672,-0.5586070995383693,1.1,0.2,1.078073235625366,0.21853626387456734,-0.21853626387456734,1.078073235625366
623,A0,0.09990438108406795,-0.647216995627846,0.09957332465759407,-0.5697934852092803,1.1,0.2,1.078073235625366,0.21853626387456734,-0.21853626387456734,1.078073235625366
624,A0,-0.01717320314211719,-0.6360394885900629,-0.017171515107154967,-0.562196853598258,1.1,0.2,1.078073235625366,0.21853626387456734,-0.21853626387456734,1.078073235625366
625,A0,-0.14137255079956082,-0.6023367822604908,-0.1404381865750304,-0.5387102821236276,1.1,0.2,1.078073235625366,0.21853626387456734,-0.21853626387456734,1.078073235625366
626,A0,-0.26913038257241356,-0.5500783003142463,-0.2628154694180811,-0.5005788933721038,1.1,0.2,1.078073235625366,0.21853626387456734,-0.21853626387456734,1.078073235625366
627,A0,-0.3927289646199551,-0.4822259964883609,-0.3737104576755319,-0.44802456454889816,1.1,0.2,1.078073235625366,0.21853626387456734,-0.21853626387456734,1.078073235625366
628,A0,-0.5007968567538432,-0.4013340047516109,-0.46274361262831,-0.3810898095420887,1.1,0.2,1.078073235625366,0.21853626387456734,-0.21853626387456734,1.078073235625366
629,A0,-0.5821534469091716,-0.3097164638012831,-0.5242288377129428,-0.3001791316528864,1.1,0.2,1.078073235625366,0.21853626387456734,-0.21853626387456734,1.078073235625366
630,A0,-0.6307571052058507,-0.20905207611914653,-0.5585733210707804,-0.20605900252448042,1.1,0.2,1.078073235625366,0.21853626387456734,-0.21853626387456734,1.078073235625366
631,A0,-0.6472143121302026,-0.10007816889448458,-0.5697916729455972,-0.09974538640926567,1.1,0.2,1.078073235625366,0.21853626387456734,-0.21853626387456734,1.078073235625366
632,A0,-0.6360751365694562,0.016987311927430762,-0.5622212339996493,0.01698567811346778,1.1,0.2,1.078073235625366,0.21853626387456734,-0.21853626387456734,1.078073235625366
633,A0,-0.6024036782409946,0.1411775329123094,-0.5387577625928901,0.14024700976947682,1.1,0.2,1.078073235625366,0.21853626387456734,-0.21853626387456734,1.078073235625366
634,A0,-0.5501712668021983,0.2689346561794335,-0.5006485611468952,0.2626332528619552,1.1,0.2,1.078073235625366,0.21853626387456734,-0.21853626387456734,1.078073235625366
635,A0,-0.48234092437714093,0.3925477467629233,-0.44811641869105345,0.3735545380572846,1.1,0.2,1.078073235625366,0.21853626387456734,-0.21853626387456734,1.078073235625366
636,A0,-0.40146710433468635,0.5006488374475498,-0.3812035733757562,0.46262728097317146,1.1,0.2,1.078073235625366,0.21853626387456734,-0.21853626387456734,1.078073235625366
637,A0,-0.3098645322308265,0.5820528943884845,-0.3003138520158665,0.5241559147774336,1.1,0.2,1.078073235625366,0.21853626387456734,-0.21853626387456734,1.078073235625366
638,A0,-0.20921325084264608,0.6307079302256086,-0.2062133285921127,0.5585394879594014,1.1,0.2,1.078073235625366,0.21853626387456734,-0.21853626387456734,1.078073235625366
639,A0,-0.10025193745931424,0.6472115634005859,-0.09991742314237197,0.5697898166226414,1.1,0.2,1.078073235625366,0.21853626387456734,-0.21853626387456734,1.078073235625366
640,A0,0.016801438056041132,0.6361107315822631,0.016799857284622535,0.5622455772010103,1.1,0.2,1.078073235625366,0.21853626387456734,-0.21853626387456734,1.078073235625366
641,A0,0.1409825243223858,0.6024705305845373,0.14005583162096266,0.5388052086711462,1.1,0.2,1.078073235625366,0.21853626387456734,-0.21853626387456734,1.078073235625366
642,A0,0.2687389208229616,0.5502641965076124,0.26245100922537057,0.5007181948763519,1.1,0.2,1.078073235625366,0.21853626387456734,-0.21853626387456734,1.078073235625366
643,A0,0.3923664922710335,0.48245582148061916,0.37339856580074043,0.44820823877169913,1.1,0.2,1.078073235625366,0.21853626387456734,-0.21853626387456734,1.078073235625366
644,A0,0.5005007539496424,0.40160017870033665,0.46251088292469866,0.38131730411496384,1.1,0.2,1.078073235625366,0.21853626387456734,-0.21853626387456734,1.078073235625366
645,A0,0.581952263058581,0.31001257949146965,0.5240829269914389,0.30044854114016084,1.1,0.2,1.078073235625366,0.21853626387456734,-0.21853626387456734,1.078073235625366
646,A0,0.630658678505008,0.20937440606073737,0.5585056001865888,0.2063676257268878,1.1,0.2,1.078073235625366,0.21853626387456734,-0.21853626387456734,1.078073235625366
647,A0,0.6472087494190619,0.10042568677791047,0.5697879162265362,0.10008943484817735,1.1,0.2,1.078073235625366,0.21853626387456734,-0.21853626387456734,1.078073235625366
648,A0,0.6361462736116145,-0.016615581534333387,0.5622698831951516,-0.016614052640158094,1.1,0.2,1.078073235625366,0.21853626387456734,-0.21853626387456734,1.078073235625366
649,A0,0.602537339279098,-0.14078752504928319,0.5388526203565038,-0.13986465216377789,1.1,0.2,1.078073235625366,0.21853626387456734,-0.21853626387456734,1.078073235625366
650,A0,0.5503570894209551,-0.26854317653955134,0.5007877945607278,-0.2622687385508699,1.1,0.2,1.078073235625366,0.21853626387456734,-0.21853626387456734,1.078073235625366
651,A0,0.482570687789772,-0.3921852011902053,0.4483000247902626,-0.37324254093857756,1.1,0.2,1.078073235625366,0.21853626387456734,-0.21853626387456734,1.078073235625366
652,A0,0.4017332278408031,-0.5003526062952254,0.3814310017573709,-0.462394418491581,1.1,0.2,1.078073235625366,0.21853626387456734,-0.21853626387456734,1.078073235625366
653,A0,0.31016060557879016,-0.5818515529283177,0.3005831990225792,-0.5240098743435542,1.1,0.2,1.078073235625366,0.21853626387456734,-0.21853626387456734,1.078073235625366
654,A0,0.20953554177247344,-0.6306093500310568,0.20652189392463297,-0.558471657734698,1.1,0.2,1.078073235625366,0.21853626387456734,-0.21853626387456734,1.078073235625366
655,A0,0.10059941684963064,-0.6472058701656968,0.100261421517958,-0.569785971743396,1.1,0.2,1.078073235625366,0.21853626387456734,-0.21853626387456734,1.078073235625366
656,A0,-0.016429742368677877,-0.6361817626406339,-0.01642826419959185,-0.5622941519748739,1.1,0.2,1.078073235625366,0.21853626387456734,-0.21853626387456734,1.078073235625366
657,A0,-0.14059253511246944,-0.6026041043126504,-0.1396734714321911,-0.5388999976470651,1.1,0.2,1.078073235625366,0.21853626387456734,-0.21853626387456734,1.078073235625366
658,A0,-0.26834742336573214,-0.5504499455326914,-0.2620864408809955,-0.5008573602002757,1.1,0.2,1.078073235625366,0.21853626387456734,-0.21853626387456734,1.078073235625366
659,A0,-0.3920038735663577,-0.48268552329557524,-0.3730864635035039,-0.4483917767461737,1.1,0.2,1.078073235625366,0.21853626387456734,-0.21853626387456734,1.078073235625366
660,A0,-0.5002043945194353,-0.40186625174832336,-0.4622778876825463,-0.3815446663006389,1.1,0.2,1.078073235625366,0.21853626387456734,-0.21853626387456734,1.078073235625366
661,A0,-0.5817507640065924,-0.3103086104883598,-0.5239367568223959,-0.3007178256599323,1.1,0.2,1.078073235625366,0.21853626387456734,-0.21853626387456734,1.078073235625366
662,A0,-0.630559944790786,-0.2096966579769038,-0.5584376605860855,-0.20667613318117897,1.1,0.2,1.078073235625366,0.21853626387456734,-0.21853626387456734,1.078073235625366
663,A0,-0.6472029256205584,-0.10077312767383582,-0.5697839831593255,-0.10043338314300175,1.1,0.2,1.078073235625366,0.21853626387456734,-0.21853626387456734,1.078073235625366
664,A0,-0.6362171986524376,0.01624392056543042,-0.5623183835329684,0.016242491982419935,1.1,0.2,1.078073235625366,0.21853626387456734,-0.21853626387456734,1.078073235625366
665,A0,-0.6026708256731621,0.14039755453138747,-0.5389473405409262,0.1394822894604496,1.1,0.2,1.078073235625366,0.21853626387456734,-0.21853626387456734,1.078073235625366
666,A0,-0.5505427648332847,0.26815166133800894,-0.5009268917952482,0.2619041162582888,1.1,0.2,1.078073235625366,0.21853626387456734,-0.21853626387456734,1.078073235625366
667,A0,-0.4828003279890041,0.39182250944540864,-0.44848349463886533,0.3729303335282571,1.1,0.2,1.078073235625366,0.21853626387456734,-0.21853626387456734,1.078073235625366
668,A0,-0.4019992504151314,0.5000561186574422,-0.38165829774243143,0.462161290506361,1.1,0.2,1.078073235625366,0.21853626387456734,-0.21853626387456734,1.078073235625366
669,A0,-0.3104565942157437,0.5816498963023455,-0.30085242104903115,0.5238635744166009,1.1,0.2,1.078073235625366,0.21853626387456734,-0.21853626387456734,1.078073235625366
670,A0,-0.20985775467307363,0.6305104627712481,-0.20683034349235926,0.5584036087231065,1.1,0.2,1.078073235625366,0.21853626387456734,-0.21853626387456734,1.078073235625366
671,A0,-0.10094681924989017,0.6471999157637138,-0.10060531971460743,0.5697819504604192,1.1,0.2,1.078073235625366,0.21853626387456734,-0.21853626387456734,1.078073235625366
672,A0,0.01605811613093258,0.6362525816301329,0.016056736008117467,0.5623425778622153,1.1,0.2,1.078073235625366,0.21853626387456734,-0.21853626387456734,1.078073235625366
673,A0,0.14020258332545504,0.6027375033485936,0.1392911062827792,0.5389946490361768,1.1,0.2,1.078073235625366,0.21853626387456734,-0.21853626387456734,1.078073235625366
674,A0,0.2679558904928622,0.5506355473131959,0.26172176472529063,0.5009963893458964,1.1,0.2,1.078073235625366,0.21853626387456734,-0.21853626387456734,1.078073235625366
675,A0,0.39164110887327513,0.48291510186103265,0.3727741510456043,0.44857517846777234,1.1,0.2,1.078073235625366,0.21853626387456734,-0.21853626387456734,1.078073235625366
676,A0,0.49990777874444775,0.4021322238334573,0.46204462697182996,0.38177189608041434,1.1,0.2,1.078073235625366,0.21853626387456734,-0.21853626387456734,1.078073235625366
677,A0,0.5815489498245593,0.3106045567565014,0.5237903271148269,0.30098698518668776,1.1,0.2,1.078073235625366,0.21853626387456734,-0.21853626387456734,1.078073235625366
678,A0,0.6304609039595188,0.2100188318600248,0.5583695021281172,0.206984524854011,1.1,0.2,1.078073235625366,0.21853626387456734,-0.21853626387456734,1.078073235625366
679,A0,0.6471968405752321,0.10112049157716159,0.569779873632763,0.1007772312240856,1.1,0.2,1.078073235625366,0.21853626387456734,-0.21853626387456734,1.078073235625366
680,A0,0.6362879115568199,-0.015872329071511482,0.562366734955386,-0.01587099629613838,1.1,0.2,1.078073235625366,0.21853626387456734,-0.21853626387456734,1.078073235625366
681,A0,0.6028041373269004,-0.1400076215140652,0.5390419231309015,-0.1390999219333847,1.1,0.2,1.078073235625366,0.21853626387456734,-0.21853626387456734,1.078073235625366
682,A0,0.550728292962885,-0.2677601108667488,0.5010658528524715,-0.26153938632454155,1.1,0.2,1.078073235625366,0.21853626387456734,-0.21853626387456734,1.078073235625366
683,A0,0.48302984490263506,-0.39145967189587394,0.44866682823233295,-0.372617916088343,1.1,0.2,1.078073235625366,0.21853626387456734,-0.21853626387456734,1.078073235625366
684,A0,0.4022651719955279,-0.49975937481568733,0.3818854613122556,-0.46192789708779697,1.1,0.2,1.078073235625366,0.21853626387456734,-0.21853626387456734,1.078073235625366
685,A0,0.3107524981061861,-0.5814479245822584,0.3011215180697146,-0.5237170149057524,1.1,0.2,1.078073235625366,0.21853626387456734,-0.21853626387456734,1.078073235625366
686,A0,0.21017988953679512,-0.630411268342696,0.20713867726197432,-0.5583353407834737,1.1,0.2,1.078073235625366,0.21853626387456734,-0.21853626387456734,1.078073235625366
687,A0,0.10129414465502137,-0.6471937000351825,0.10094911766275819,-0.5697777526624325,1.1,0.2,1.078073235625366,0.21853626387456734,-0.21853626387456734,1.078073235625366
688,A0,-0.015686559393479807,-0.6363231884155913,-0.015685272865915412,-0.5623908548052416,1.1,0.2,1.078073235625366,0.21853626387456734,-0.21853626387456734,1.078073235625366
689,A0,-0.13981266911658596,-0.602870727596032,-0.13890873644644952,-0.5390891628231785,1.1,0.2,1.078073235625366,0.21853626387456734,-0.21853626387456734,1.078073235625366
690,A0,-0.2675643224961008,-0.5508210017728098,-0.2613569810985812,-0.5011352823152235,1.1,0.2,1.078073235625366,0.21853626387456734,-0.21853626387456734,1.078073235625366
691,A0,-0.3912781985591205,-0.4831445571047844,-0.37246162868929994,-0.44875844393198766,1.1,0.2,1.078073235625366,0.21853626387456734,-0.21853626387456734,1.078073235625366
692,A0,-0.49961090690642834,-0.4023980948935663,-0.4618111008631442,-0.3819989934356256,1.1,0.2,1.078073235625366,0.21853626387456734,-0.21853626387456734,1.078073235625366
693,A0,-0.5813468205845091,-0.3109004182603453,-0.5236436377780765,-0.30125601969492516,1.1,0.2,1.078073235625366,0.21853626387456734,-0.21853626387456734,1.078073235625366
694,A0,-0.6303615559079001,-0.21034092770241886,-0.5583011246715317,-0.20729280071209277,1.1,0.2,1.078073235625366,0.21853626387456734,-0.21853626387456734,1.078073235625366
695,A0,-0.6471904941236349,-0.10146777848284444,-0.5697755875354941,-0.10112097902195862,1.1,0.2,1.078073235625366,0.21853626387456734,-0.21853626387456734,1.078073235625366
696,A0,-0.6363584121895314,0.0155008071031357,-0.5624149374045329,0.015499565736859995,1.1,0.2,1.078073235625366,0.21853626387456734,-0.21853626387456734,1.078073235625366
697,A0,-0.6029372741439307,0.13961772615235998,-0.5391363681110799,0.13871754985613538,1.1,0.2,1.078073235625366,0.21853626387456734,-0.21853626387456734,1.078073235625366
698,A0,-0.5509136737334265,0.2673685254173257,-0.5012046777344019,0.261174549089948,1.1,0.2,1.078073235625366,0.21853626387456734,-0.21853626387456734,1.078073235625366
699,A0,-0.4832592384584534,0.391096688908929,-0.4488500255661799,0.37230528888133135,1.1,0.2,1.078073235625366,0.21853626387456734,-0.21853626387456734,1.078073235625366
700,A0,-0.40253099251979213,0.49946237505197044,-0.38211249244819695,0.4616942383067922,1.1,0.2,1.078073235625366,0.21853626387456734,-0.21853626387456734,1.078073235625366
701,A0,-0.31104831721452036,0.58124563784042,-0.30139049005913354,0.5235701957205192,1.1,0.2,1.078073235625366,0.21853626387456734,-0.21853626387456734,1.078073235625366
702,A0,-0.21050194635592656,0.6303117666422743,-0.20744689520021325,0.5582668537746476,1.1,0.2,1.078073235625366,0.21853626387456734,-0.21853626387456734,1.078073235625366
703,A0,-0.10164139306000922,0.6471872228206609,-0.10129281529303179,0.569773378238005,1.1,0.2,1.078073235625366,0.21853626387456734,-0.21853626387456734,1.078073235625366
704,A0,0.015315072206763009,0.6363935828617173,0.015313874928362486,0.5624389827460011,1.1,0.2,1.078073235625366,0.21853626387456734,-0.21853626387456734,1.078073235625366
705,A0,0.13942279264070526,0.603003776958534,0.13852636219658285,0.5391835389926722,1.1,0.2,1.078073235625366,0.21853626387456734,-0.21853626387456734,1.078073235625366
706,A0,0.2671727196668071,0.5510063088351895,0.26099209034118026,0.5012740391102553,1.1,0.2,1.078073235625366,0.21853626387456734,-0.21853626387456734,1.078073235625366
707,A0,0.39091514299121294,0.48337388895461403,0.3721488966973231,0.44894157313435556,1.1,0.2,1.078073235625366,0.21853626387456734,-0.21853626387456734,1.078073235625366
708,A0,0.4993137792876461,0.40266386486642125,0.4615773094277002,0.3822259583476443,1.1,0.2,1.078073235625366,0.21853626387456734,-0.21853626387456734,1.078073235625366
709,A0,0.5811443763591416,0.3111961949642465,0.5234966887218213,0.30152492915915446,1.1,0.2,1.078073235625366,0.21853626387456734,-0.21853626387456734,1.078073235625366
710,A0,0.6302619005329841,0.21066294549634473,0.5582325280751774,0.20760096072218565,1.1,0.2,1.078073235625366,0.21853626387456734,-0.21853626387456734,1.078073235625366
711,A0,0.6471838861063317,0.10181498838589738,0.5697711247560123,0.10146462646733384,1.1,0.2,1.078073235625366,0.21853626387456734,-0.21853626387456734,1.078073235625366
712,A0,0.6364287004152179,-0.015129354710631204,0.5624629908223775,-0.015128200459792091,1.1,0.2,1.078073235625366,0.21853626387456734,-0.21853626387456734,1.078073235625366
713,A0,0.6030702360277725,-0.13922786860091466,0.5392306754660157,-0.13833517350191107,1.1,0.2,1.078073235625366,0.21853626387456734,-0.21853626387456734,1.078073235625366
714,A0,0.5510989070685515,-0.26697690528090406,0.5013433664430315,-0.26080960489481503,1.1,0.2,1.078073235625366,0.21853626387456734,-0.21853626387456734,1.078073235625366
715,A0,0.4834885085842374,-0.39073356085188476,0.4490330866359631,-0.37199245217019095,1.1,0.2,1.078073235625366,0.21853626387456734,-0.21853626387456734,1.078073235625366
716,A0,0.40279671192566574,-0.4991651196488202,0.38233939113164445,-0.46146031423486633,1.1,0.2,1.078073235625366,0.21853626387456734,-0.21853626387456734,1.078073235625366
717,A0,0.31134405150505273,-0.581043036149867,0.3016593369918033,-0.5234231167707446,1.1,0.2,1.078073235625366,0.21853626387456734,-0.21853626387456734,1.078073235625366
718,A0,0.2108239251226961,-0.6302119575672182,0.207754997273863,-0.5581981475554778,1.1,0.2,1.078073235625366,0.21853626387456734,-0.21853626387456734,1.078073235625366
719,A0,0.101988564459894,-0.6471804839607204,0.10163641253623219,-0.5697688270755542,1.1,0.2,1.078073235625366,0.21853626387456734,-0.21853626387456734,1.078073235625366
720,A0,-0.0149436546209957,-0.6364637648330949,-0.014942542350497174,-0.5624869616263835,1.1,0.2,1.078073235625366,0.21853626387456734,-0.21853626387456734,1.078073235625366
721,A0,-0.13903295405225652,-0.6031366513395711,-0.13814398380621806,-0.5392777775291646,1.1,0.2,1.078073235625366,0.21853626387456734,-0.21853626387456734,1.078073235625366
722,A0,-0.26678108229595143,-0.5511914684239632,-0.26062709279338864,-0.5014126597329776,1.1,0.2,1.078073235625366,0.21853626387456734,-0.21853626387456734,1.078073235625366
723,A0,-0.39055194253685566,-0.4836030973382944,-0.3718359553328799,-0.4491245660704537,1.1,0.2,1.078073235625366,0.21853626387456734,-0.21853626387456734,1.078073235625366
724,A0,-0.4990163961708901,-0.4029295336897344,-0.4613432527373271,-0.38245279079787664,1.1,0.2,1.078073235625366,0.21853626387456734,-0.21853626387456734,1.078073235625366
725,A0,-0.5809416172218307,-0.3114918868324623,-0.5233494798560715,-0.3017937135538963,1.1,0.2,1.078073235625366,0.21853626387456734,-0.21853626387456734,1.078073235625366
726,A0,-0.6301619377321871,-0.21098488523399983,-0.5581637121979048,-0.20790900485110195,1.1,0.2,1.078073235625366,0.21853626387456734,-0.21853626387456734,1.078073235625366
727,A0,-0.6471770163638999,-0.10216212128138799,-0.5697664851826585,-0.10180817349110606,1.1,0.2,1.078073235625366,0.21853626387456734,-0.21853626387456734,1.078073235625366
728,A0,-0.6364987760984008,0.014757971944096893,-0.5625108951507296,0.014756900619804284,1.1,0.2,1.078073235625366,0.21853626387456734,-0.21853626387456734,1.078073235625366
729,A0,-0.6032030228818477,0.1388380490139733,-0.5393248451801671,0.13795279314357964,1.1,0.2,1.078073235625366,0.21853626387456734,-0.21853626387456734,1.078073235625366
730,A0,-0.5512839928918734,0.2665852507482589,-0.5014819189803399,0.2604445540794359,1.1,0.2,1.078073235625366,0.21853626387456734,-0.21853626387456734,1.078073235625366
731,A0,-0.483717655207755,0.39037028809203506,-0.4492160114372814,0.3716794062183639,1.1,0.2,1.078073235625366,0.21853626387456734,-0.21853626387456734,1.078073235625366
732,A0,-0.4030623301508325,0.4988676088892847,-0.3825661573440224,0.46122612494415727,1.1,0.2,1.078073235625366,0.21853626387456734,-0.21853626387456734,1.078073235625366
733,A0,-0.31163970094199256,0.5808401195843095,-0.30192805884225044,0.5232757779666055,1.1,0.2,1.078073235625366,0.21853626387456734,-0.21853626387456734,1.078073235625366
734,A0,-0.21114582582927122,0.630111841015125,-0.20806298344976212,0.5581292219848155,1.1,0.2,1.078073235625366,0.21853626387456734,-0.21853626387456734,1.078073235625366
735,A0,-0.10233565884977139,0.6471734832959452,-0.10197990932334573,0.5697640990633446,1.1,0.2,1.078073235625366,0.21853626387456734,-0.21853626387456734,1.078073235625366
736,A0,0.014572306686161454,0.6365337341941825,0.014571275287019448,0.5625347913881181,1.1,0.2,1.078073235625366,0.21853626387456734,-0.21853626387456734,1.078073235625366
737,A0,0.13864315350528347,0.6032693506425157,0.13776160154805092,0.539371878417066,1.1,0.2,1.078073235625366,0.21853626387456734,-0.21853626387456734,1.078073235625366
738,A0,0.26638941067411265,0.5513764804627299,0.26026198879549145,0.5015511441853643,1.1,0.2,1.078073235625366,0.21853626387456734,-0.21853626387456734,1.078073235625366
739,A0,0.39018859756333213,0.48383218218358887,0.37152280485964717,0.44930742273590263,1.1,0.2,1.078073235625366,0.21853626387456734,-0.21853626387456734,1.078073235625366
740,A0,0.49871875783946623,0.40319510130116143,0.46110893086447075,0.3826794907677652,1.1,0.2,1.078073235625366,0.21853626387456734,-0.21853626387456734,1.078073235625366
741,A0,0.5807385432466226,0.3117874938291544,0.523202011091171,0.30206237285368326,1.1,0.2,1.078073235625366,0.21853626387456734,-0.21853626387456734,1.078073235625366
742,A0,0.6300616674032878,0.21130674690752155,0.5580946768985664,0.2082169330657062,1.1,0.2,1.078073235625366,0.21853626387456734,-0.21853626387456734,1.078073235625366
743,A0,0.647169884736931,0.10250917716443962,0.5697616687036214,0.10215162002435281,1.1,0.2,1.078073235625366,0.21853626387456734,-0.21853626387456734,1.078073235625366
744,A0,0.6365686391034774,-0.014386658853401471,0.5625586503312398,-0.0143856663714273,1.1,0.2,1.078073235625366,0.21853626387456734,-0.21853626387456734,1.078073235625366
745,A0,0.6033356346094808,-0.13844826754537992,0.5394188772378972,-0.1375704090536651,1.1,0.2,1.078073235625366,0.21853626387456734,-0.21853626387456734,1.078073235625366
746,A0,0.5514689311269779,-0.26619356210977385,0.5016203353482953,-0.2600793969840882,1.1,0.2,1.078073235625366,0.21853626387456734,-0.21853626387456734,1.078073235625366
747,A0,0.4839466782567648,-0.39000687099665404,0.44939879996577664,-0.3713661512897629,1.1,0.2,1.078073235625366,0.21853626387456734,-0.21853626387456734,1.078073235625366
748,A0,0.4033278471329193,-0.49856984305692875,0.38279279106679104,-0.46099167050742007,1.1,0.2,1.078073235625366,0.21853626387456734,-0.21853626387456734,1.078073235625366
749,A0,0.31193526548945294,-0.5806368882181313,0.3021966555850131,-0.5231281792186139,1.1,0.2,1.078073235625366,0.21853626387456734,-0.21853626387456734,1.078073235625366
750,A0,0.2114676484677584,-0.6300114168839556,0.20837085369480027,-0.5580600769215149,1.1,0.2,1.078073235625366,0.21853626387456734,-0.21853626387456734,1.078073235625366
751,A0,0.10268267622479152,-0.6471662206669339,0.10232330558554027,-0.569759194089489,1.1,0.2,1.078073235625366,0.21853626387456734,-0.21853626387456734,1.078073235625366
752,A0,-0.01420102845201493,-0.636603490809316,-0.01420007389229156,-0.562582471972776,1.1,0.2,1.078073235625366,0.21853626387456734,-0.21853626387456734,1.078073235625366
753,A0,-0.13825339115343102,-0.6034018747706432,-0.13737921569443426,-0.5394658416406909,1.1,0.2,1.078073235625366,0.21853626387456734,-0.21853626387456734,1.078073235625366
754,A0,-0.26599770509147935,-0.5515613448750609,-0.2598967786877583,-0.5016894924693769,1.1,0.2,1.078073235625366,0.21853626387456734,-0.21853626387456734,1.078073235625366
755,A0,-0.38982510843790674,-0.4840611434182508,-0.37120944554177354,-0.44949014312636504,1.1,0.2,1.078073235625366,0.21853626387456734,-0.21853626387456734,1.078073235625366
756,A0,-0.49842086457719825,-0.40346056763830035,-0.46087434388219595,-0.3829060582387878,1.1,0.2,1.078073235625366,0.21853626387456734,-0.21853626387456734,1.078073235625366
757,A0,-0.5805351545082387,-0.31208301591838716,-0.5230542823378,-0.3023309070330589,1.1,0.2,1.078073235625366,0.21853626387456734,-0.21853626387456734,1.078073235625366
758,A0,-0.6299610894444296,-0.21162853050898567,-0.5580254220360182,-0.20852474533291357,1.1,0.2,1.078073235625366,0.21853626387456734,-0.21853626387456734,1.078073235625366
759,A0,-0.6471624910660311,-0.10285615603022948,-0.569756675206938,-0.10249496599833254,1.1,0.2,1.078073235625366,0.21853626387456734,-0.21853626387456734,1.078073235625366
760,A0,-0.6366382892947208,0.014015415488185343,-0.5626062563053984,0.014014497868854654,1.1,0.2,1.078073235625366,0.21853626387456734,-0.21853626387456734,1.078073235625366
761,A0,-0.6034680711138972,0.13805852434857993,-0.5395127716234716,0.1371880215043486,1.1,0.2,1.078073235625366,0.21853626387456734,-0.21853626387456734,1.078073235625366
762,A0,-0.5516537216974209,0.2658018396554416,-0.5017586155488523,0.2597141339490326,1.1,0.2,1.078073235625366,0.21853626387456734,-0.21853626387456734,1.078073235625366
763,A0,-0.48417557765901464,0.38964330993299484,-0.4495814522171323,0.371052687648771,1.1,0.2,1.078073235625366,0.21853626387456734,-0.21853626387456734,1.078073235625366
764,A0,-0.4035932628094954,0.4982718224358332,-0.3830192922814459,0.46075695099802816,1.1,0.2,1.078073235625366,0.21853626387456734,-0.21853626387456734,1.078073235625366
765,A0,-0.31223074511144994,0.5804333421263905,-0.3024651271946404,0.5229803204376176,1.1,0.2,1.078073235625366,0.21853626387456734,-0.21853626387456734,1.078073235625366
766,A0,-0.21178939303020286,0.6299106850720355,-0.20867860797591808,0.5579907122244341,1.1,0.2,1.078073235625366,0.21853626387456734,-0.21853626387456734,1.078073235625366
767,A0,-0.1030296165801586,0.6471586959143006,-0.10266660125416473,0.5697541120419489,1.1,0.2,1.078073235625366,0.21853626387456734,-0.21853626387456734,1.078073235625366
768,A0,0.013829819968082538,0.6366730345427063,0.013828938320338496,0.5626300033217682,1.1,0.2,1.078073235625366,0.21853626387456734,-0.21853626387456734,1.078073235625366
769,A0,0.13786366714994558,0.6035342236271304,0.13699682651737757,0.5395596671842572,1.1,0.2,1.078073235625366,0.21853626387456734,-0.21853626387456734,1.078073235625366
770,A0,0.26560596583784873,0.5517460615844978,0.25953146281044115,0.5018277045869638,1.1,0.2,1.078073235625366,0.21853626387456734,-0.21853626387456734,1.078073235625366
771,A0,0.38946147552782173,0.48428998097002335,0.37089587764387666,0.4496727272375456,1.1,0.2,1.078073235625366,0.21853626387456734,-0.21853626387456734,1.078073235625366
772,A0,0.49812271666842456,0.40372593263869194,0.4606394918641853,0.38313249319245796,1.1,0.2,1.078073235625366,0.21853626387456734,-0.21853626387456734,1.078073235625366
773,A0,0.5803314510820745,0.3123784530641284,0.5229062935069749,0.3025993160665782,1.1,0.2,1.078073235625366,0.21853626387456734,-0.21853626387456734,1.078073235625366
774,A0,0.6298602037541211,0.21195023603040647,0.5579559474691206,0.20883244161968975,1.1,0.2,1.078073235625366,0.21853626387456734,-0.21853626387456734,1.078073235625366
775,A0,0.6471548351918223,0.1032030578739883,0.5697515045804938,0.10283821134448413,1.1,0.2,1.078073235625366,0.21853626387456734,-0.21853626387456734,1.078073235625366
776,A0,0.6367077265362803,-0.013644241897861342,0.562653713014537,-0.013643395265943166,1.1,0.2,1.078073235625366,0.21853626387456734,-0.21853626387456734,1.078073235625366
777,A0,0.6036003322982249,-0.1376688195766211,0.5396065283210602,-0.13680563076746818,1.1,0.2,1.078073235625366,0.21853626387456734,-0.21853626387456734,1.078073235625366
778,A0,0.5518383645267299,-0.26541008367486396,0.501896759583953,-0.25934876531451234,1.1,0.2,1.078073235625366,0.21853626387456734,-0.21853626387456734,1.078073235625366
779,A0,0.484404353342243,-0.38927960526828903,0.4497639681870743,-0.37073901556024086,1.1,0.2,1.078073235625366,0.21853626387456734,-0.21853626387456734,1.078073235625366
780,A0,0.4038585771180732,-0.49797354731059473,0.38324566096951845,-0.4605219664899743,1.1,0.2,1.078073235625366,0.21853626387456734,-0.21853626387456734,1.078073235625366
781,A0,0.31252613977190313,-0.5802294813848206,0.30273347364569303,-0.5228322015348023,1.1,0.2,1.078073235625366,0.21853626387456734,-0.21853626387456734,1.078073235625366
782,A0,0.21211105950858822,-0.6298096454780572,0.20898624626010678,-0.5579211277524357,1.1,0.2,1.078073235625366,0.21853626387456734,-0.21853626387456734,1.078073235625366
783,A0,0.10337647991113035,-0.6471509088786755,0.10300979626074841,-0.5697488528085342,1.1,0.2,1.078073235625366,0.21853626387456734,-0.21853626387456734,1.078073235625366
784,A0,-0.01345868128366308,-0.6367423652584412,-0.013457868724848398,-0.5626773853763462,1.1,0.2,1.078073235625366,0.21853626387456734,-0.21853626387456734,1.078073235625366
785,A0,-0.13747398164767555,-0.6036663971150557,-0.13661443428854664,-0.5396533550318863,1.1,0.2,1.078073235625366,0.21853626387456734,-0.21853626387456734,1.078073235625366
786,A0,-0.2652141932026263,-0.5519306305145534,-0.2591660415037734,-0.5019657805400606,1.1,0.2,1.078073235625366,0.21853626387456734,-0.21853626387456734,1.078073235625366
787,A0,-0.38909769920029674,-0.4845186947666397,-0.37058210143104314,-0.449855175065191,1.1,0.2,1.078073235625366,0.21853626387456734,-0.21853626387456734,1.078073235625366
788,A0,-0.49782431439799846,-0.4039911962398198,-0.4604043748847408,-0.3833587956103248,1.1,0.2,1.078073235625366,0.21853626387456734,-0.21853626387456734,1.078073235625366
789,A0,-0.5801274330442008,-0.3126738052302493,-0.5227580445100505,-0.3028675999288072,1.1,0.2,1.078073235625366,0.21853626387456734,-0.21853626387456734,1.078073235625366
790,A0,-0.6297590102312379,-0.21227186346373683,-0.5578862530567384,-0.20914002189305134,1.1,0.2,1.078073235625366,0.21853626387456734,-0.21853626387456734,1.078073235625366
791,A0,-0.6471469169549424,-0.1035498826910007,-0.5697461567120228,-0.10318135599442729,1.1,0.2,1.078073235625366,0.21853626387456734,-0.21853626387456734,1.078073235625366
792,A0,-0.636776950692181,0.013273138131614223,-0.5627010203998271,0.013272358716212232,1.1,0.2,1.078073235625366,0.21853626387456734,-0.21853626387456734,1.078073235625366
793,A0,-0.6037324180654925,0.13727915338215235,-0.5397001473147357,0.13642323711451695,1.1,0.2,1.078073235625366,0.21853626387456734,-0.21853626387456734,1.078073235625366
794,A0,-0.552022859538403,0.2650182944572498,-0.5020347674555266,0.2589832914207501,1.1,0.2,1.078073235625366,0.21853626387456734,-0.21853626387456734,1.078073235625366
795,A0,-0.4846330052341787,0.38891575736974315,-0.44994634787137067,0.37042513528949217,1.1,0.2,1.078073235625366,0.21853626387456734,-0.21853626387456734,1.078073235625366
796,A0,-0.4041237899961083,0.4976750179663225,-0.38347189711257623,0.4602867170578693,1.1,0.2,1.078073235625366,0.21853626387456734,-0.21853626387456734,1.078073235625366
797,A0,-0.31282144943463563,0.5800253060698294,-0.3030016949127431,0.5226838224216919,1.1,0.2,1.078073235625366,0.21853626387456734,-0.21853626387456734,1.078073235625366
798,A0,-0.21243264789483657,0.6297082980010799,-0.20929376851440817,0.5578513233643876,1.1,0.2,1.078073235625366,0.21853626387456734,-0.21853626387456734,1.078073235625366
799,A0,-0.10372326621301796,0.6471428594007049,-0.1033528905370011,0.5697434162769027,1.1,0.2,1.078073235625366,0.21853626387456734,-0.21853626387456734,1.078073235625366
800,A0,0.013087612447827635,0.6368114828204837,0.013086865259172237,0.5627246180776015,1.1,0.2,1.078073235625366,0.21853626387456734,-0.21853626387456734,1.078073235625366
801,A0,0.13708433479907087,0.6037983951373989,0.13623203927926228,0.5397469051676026,1.1,0.2,1.078073235625366,0.21853626387456734,-0.21853626387456734,1.078073235625366
802,A0,0.2648223874748245,0.5521150515887115,0.25880051510796726,0.5021037203305898,1.1,0.2,1.078073235625366,0.21853626387456734,-0.21853626387456734,1.078073235625366
803,A0,0.3887337798225254,0.4847472847358242,0.37026811716882596,0.45003748660509063,1.1,0.2,1.078073235625366,0.21853626387456734,-0.21853626387456734,1.078073235625366
804,A0,0.49752565805128546,0.40425635837911156,0.4601689930187829,0.383584965473974,1.1,0.2,1.078073235625366,0.21853626387456734,-0.21853626387456734,1.078073235625366
805,A0,0.5799231004713629,0.31296907238052474,0.5226095352587198,0.3031357585943239,1.1,0.2,1.078073235625366,0.21853626387456734,-0.21853626387456734,1.078073235625366
806,A0,0.6296575087750231,0.212593412800868,0.5578163386577424,0.2094474861200653,1.1,0.2,1.078073235625366,0.21853626387456734,-0.21853626387456734,1.078073235625366
807,A0,0.6471387361960466,0.10389663047660433,0.5697406314891076,0.10352439987996165,1.1,0.2,1.078073235625366,0.21853626387456734,-0.21853626387456734,1.078073235625366
808,A0,0.636845961626325,-0.01290210423840174,0.5627481784022805,-0.01290138837284469,1.1,0.2,1.078073235625366,0.21853626387456734,-0.21853626387456734,1.078073235625366
809,A0,0.6038643283186309,-0.13688952591742504,0.5397936285884744,-0.1360408408166436,1.1,0.2,1.078073235625366,0.21853626387456734,-0.21853626387456734,1.078073235625366
810,A0,0.5522072066559095,-0.26462647229141534,0.5021726391654886,-0.25861771260794764,1.1,0.2,1.078073235625366,0.21853626387456734,-0.21853626387456734,1.078073235625366
811,A0,0.4848615332625402,-0.3885517666045382,0.4501285912658311,-0.37011104710231135,1.1,0.2,1.078073235625366,0.21853626387456734,-0.21853626387456734,1.078073235625366
812,A0,0.4043889013809992,-0.497376234688638,0.3836980006922221,-0.4600512027769435,1.1,0.2,1.078073235625366,0.21853626387456734,-0.21853626387456734,1.078073235625366
813,A0,0.31311667406337357,-0.5798208162585001,0.3032697909703737,-0.5225351830101493,1.1,0.2,1.078073235625366,0.21853626387456734,-0.21853626387456734,1.078073235625366
814,A0,0.21275415818080784,-0.6296066425405309,0.20960117470591394,-0.557781298919163,1.1,0.2,1.078073235625366,0.21853626387456734,-0.21853626387456734,1.078073235625366
815,A0,0.10406997548118513,-0.6471345473210524,0.10369588401481183,-0.5697378023345618,1.1,0.2,1.078073235625366,0.21853626387456734,-0.21853626387456734,1.078073235625366
816,A0,-0.012716613509421035,-0.6368803870926738,-0.012715928076325067,-0.5627717013664661,1.1,0.2,1.078073235625366,0.21853626387456734,-0.21853626387456734,1.078073235625366
817,A0,-0.13669472675618446,-0.6039302175970406,-0.1358496417605009,-0.5398403175753334,1.1,0.2,1.078073235625366,0.21853626387456734,-0.21853626387456734,1.078073235625366
818,A0,-0.26443054894306334,-0.5522993247304264,-0.25843488396321335,-0.5022415239604604,1.1,0.2,1.078073235625366,0.21853626387456734,-0.21853626387456734,1.078073235625366
819,A0,-0.38836971776167545,-0.4849757508052904,-0.36995392512324465,-0.4502196618530751,1.1,0.2,1.078073235625366,0.21853626387456734,-0.21853626387456734,1.078073235625366
820,A0,-0.4972267479141628,-0.4045214189939375,-0.45993334634185185,-0.38381100276502667,1.1,0.2,1.078073235625366,0.21853626387456734,-0.21853626387456734,1.078073235625366
821,A0,-0.5797184534409825,-0.3132642544786329,-0.522460765665017,-0.3034037920377173,1.1,0.2,1.078073235625366,0.21853626387456734,-0.21853626387456734,1.078073235625366
822,A0,-0.6295556992850899,-0.21291488403362888,-0.5577462041310097,-0.20975483426784838,1.1,0.2,1.078073235625366,0.21853626387456734,-0.21853626387456734,1.078073235625366
823,A0,-0.6471302927558081,-0.10424330122618905,-0.5697349287991803,-0.10386734293306583,1.1,0.2,1.078073235625366,0.21853626387456734,-0.21853626387456734,1.078073235625366
824,A0,-0.6369147592024905,0.012531140266955731,-0.5627951869627494,0.012530484388687693,1.1,0.2,1.078073235625366,0.21853626387456734,-0.21853626387456734,1.078073235625366
825,A0,-0.6039960629604716,0.13649993733429355,-0.5398869721261548,0.13565844214465209,1.1,0.2,1.078073235625366,0.21853626387456734,-0.21853626387456734,1.078073235625366
826,A0,-0.552391405802689,0.26423461746578414,-0.5023103747157415,0.2582520292162842,1.1,0.2,1.078073235625366,0.21853626387456734,-0.21853626387456734,1.078073235625366
827,A0,-0.485089937355037,0.3881876333398281,-0.4503106983663077,0.3697967512649505,1.1,0.2,1.078073235625366,0.21853626387456734,-0.21853626387456734,1.078073235625366
828,A0,-0.4046539112100886,0.49707719776367393,-0.38392397169009573,0.45981542372304707,1.1,0.2,1.078073235625366,0.21853626387456734,-0.21853626387456734,1.078073235625366
829,A0,-0.3134118136217471,0.5796160120285927,-0.3035377617931798,0.5223862832123796,1.1,0.2,1.078073235625366,0.21853626387456734,-0.21853626387456734,1.078073235625366
830,A0,-0.21307559035829993,0.6295046789962087,-0.2099084648017659,0.5577110542756429,1.1,0.2,1.078073235625366,0.21853626387456734,-0.21853626387456734,1.078073235625366
831,A0,-0.10441660771104795,0.6471259724804005,-0.10403877662624891,0.569732010868868,1.1,0.2,1.078073235625366,0.21853626387456734,-0.21853626387456734,1.078073235625366
832,A0,0.012345684517061944,0.6369490779387278,0.012345057328985906,0.5628186351837119,1.1,0.2,1.078073235625366,0.21853626387456734,-0.21853626387456734,1.078073235625366
833,A0,0.13630515767067197,0.6040618643967628,0.13546724200289356,0.5399335922389084,1.1,0.2,1.078073235625366,0.21853626387456734,-0.21853626387456734,1.078073235625366
834,A0,0.26403867789556906,0.5524834498631227,0.2580691484096788,0.5023791914315675,1.1,0.2,1.078073235625366,0.21853626387456734,-0.21853626387456734,1.078073235625366
835,A0,0.388005513384886,0.48520409290274263,0.36963952556078294,0.45040170080501724,1.1,0.2,1.078073235625366,0.21853626387456734,-0.21853626387456734,1.078073235625366
836,A0,0.4969275842730176,0.40478637802161177,0.4596974349301074,0.3840369074651401,1.1,0.2,1.078073235625366,0.21853626387456734,-0.21853626387456734,1.078073235625366
837,A0,0.5795134920311567,0.3135593514881551,0.5223117356413165,0.3036717002335877,1.1,0.2,1.078073235625366,0.21853626387456734,-0.21853626387456734,1.078073235625366
838,A0,0.6294535816614206,0.21323627715378607,0.5576758493354244,0.21006206630356705,1.1,0.2,1.078073235625366,0.21853626387456734,-0.21853626387456734,1.078073235625366
839,A0,0.6471215864749182,0.10458989493519694,0.5697290485295216,0.10421018508589752,1.1,0.2,1.078073235625366,0.21853626387456734,-0.21853626387456734,1.078073235625366
840,A0,0.6369833432843316,-0.01216024626578191,0.5628420460219252,-0.012159646916252284,1.1,0.2,1.078073235625366,0.21853626387456734,-0.21853626387456734,1.078073235625366
841,A0,0.6041276218937464,-0.13611038778421491,0.5399801779115577,-0.1352760413690004,1.1,0.2,1.078073235625366,0.21853626387456734,-0.21853626387456734,1.078073235625366
842,A0,0.552575456902151,-0.2638427302683851,0.5024479741081733,-0.2578862415859144,1.1,0.2,1.078073235625366,0.21853626387456734,-0.21853626387456734,1.078073235625366
843,A0,0.48531821743936865,-0.3878233579427371,0.4504926691686942,-0.36948224804412516,1.1,0.2,1.078073235625366,0.21853626387456734,-0.21853626387456734,1.078073235625366
844,A0,0.4049188194206624,-0.49677790747807193,0.3841498100878724,-0.4595793799726498,1.1,0.2,1.078073235625366,0.21853626387456734,-0.21853626387456734,1.078073235625366
845,A0,0.3137068680732894,-0.5794108934585424,0.3038056073557676,-0.5222371229409282,1.1,0.2,1.078073235625366,0.21853626387456734,-0.21853626387456734,1.078073235625366
846,A0,0.21339694441904833,-0.6294024072682817,0.2102156387691554,-0.5576405892927156,1.1,0.2,1.078073235625366,0.21853626387456734,-0.21853626387456734,1.078073235625366
847,A0,0.10476316289807433,-0.6471171347194506,0.10438156830355923,-0.5697260417670271,1.1,0.2,1.078073235625366,0.21853626387456734,-0.21853626387456734,1.078073235625366
848,A0,-0.01197482551914357,-0.6370175552222391,-0.011974253169498216,-0.5628654194699508,1.1,0.2,1.078073235625366,0.21853626387456734,-0.21853626387456734,1.078073235625366
849,A0,-0.13591562769379245,-0.6041933354392485,-0.13508484027672574,-0.5400267291420603,1.1,0.2,1.078073235625366,0.21853626387456734,-0.21853626387456734,1.078073235625366
850,A0,-0.2636467746201743,-0.5526674269101958,-0.2577033087875062,-0.5025167227457927,1.1,0.2,1.078073235625366,0.21853626387456734,-0.21853626387456734,1.078073235625366
851,A0,-0.387641167059267,-0.48543231095587613,-0.3693249187483888,-0.4505836034568319,1.1,0.2,1.078073235625366,0.21853626387456734,-0.21853626387456734,1.078073235625366
852,A0,-0.4966281674147465,-0.4050512353993926,-0.4594612588603299,-0.384262679556008,1.1,0.2,1.078073235625366,0.21853626387456734,-0.21853626387456734,1.078073235625366
853,A0,-0.5793082163206598,-0.3138543633725768,-0.5221624451003364,-0.30393948315654723,1.1,0.2,1.078073235625366,0.21853626387456734,-0.21853626387456734,1.078073235625366
854,A0,-0.629351155804371,-0.21355759215304387,-0.5576052741298791,-0.21036918219443757,1.1,0.2,1.078073235625366,0.21853626387456734,-0.21853626387456734,1.078073235625366
855,A0,-0.6471126171940885,-0.1049364115991217,-0.569722990567262,-0.10455292627079277,1.1,0.2,1.078073235625366,0.21853626387456734,-0.21853626387456734,1.078073235625366
856,A0,-0.6370517137353802,0.011789422283160933,-0.5628887555203401,0.011788876107714261,1.1,0.2,1.078073235625366,0.21853626387456734,-0.21853626387456734,1.078073235625366
857,A0,-0.6042590050210885,0.13572087741824995,-0.540073245928367,0.1348936387598011,1.1,0.2,1.078073235625366,0.21853626387456734,-0.21853626387456734,1.078073235625366
858,A0,-0.5527593598776761,0.26345081098685375,-0.5025854373446584,0.2575203500569677,1.1,0.2,1.078073235625366,0.21853626387456734,-0.21853626387456734,1.078073235625366
859,A0,-0.4855463734432251,0.38745894078035914,-0.450674503668926,0.36916753770701427,1.1,0.2,1.078073235625366,0.21853626387456734,-0.21853626387456734,1.078073235625366
860,A0,-0.4051836259499505,0.4964783641189822,-0.3843755158672639,0.4593430716028418,1.1,0.2,1.078073235625366,0.21853626387456734,-0.21853626387456734,1.078073235625366
861,A0,-0.31400183738143744,0.5792054606274611,-0.3040733276327546,0.5220877021086843,1.1,0.2,1.078073235625366,0.21853626387456734,-0.21853626387456734,1.078073235625366
862,A0,-0.21371822035472576,0.6292998272572908,-0.2105226965753231,0.5575699038292775,1.1,0.2,1.078073235625366,0.21853626387456734,-0.21853626387456734,1.078073235625366
863,A0,-0.1051096410377836,0.6471080338789237,-0.10472425897916778,0.5697198949160941,1.1,0.2,1.078073235625366,0.21853626387456734,-0.21853626387456734,1.078073235625366
864,A0,0.01160403656383413,0.6370858188066769,0.011603515749870189,0.5629120541656344,1.1,0.2,1.078073235625366,0.21853626387456734,-0.21853626387456734,1.078073235625366
865,A0,0.13552613697640828,0.6043246306270804,0.13470243685193653,0.5401197282684231,1.1,0.2,1.078073235625366,0.21853626387456734,-0.21853626387456734,1.078073235625366
866,A0,0.2632548394043165,0.5528512557950104,0.2573373654368111,0.5026541179050029,1.1,0.2,1.078073235625366,0.21853626387456734,-0.21853626387456734,1.078073235625366
867,A0,0.3872766791518958,0.4856604048923757,0.36901010495347153,0.4507653698044752,1.1,0.2,1.078073235625366,0.21853626387456734,-0.21853626387456734,1.078073235625366
868,A0,0.49632849762675263,0.4053159910644816,0.4592248182099192,0.38448831901936004,1.1,0.2,1.078073235625366,0.21853626387456734,-0.21853626387456734,1.078073235625366
869,A0,0.5791026263889418,0.3141492900952863,0.5220128939551374,0.30420714078121897,1.1,0.2,1.078073235625366,0.21853626387456734,-0.21853626387456734,1.078073235625366
870,A0,0.6292484216146681,0.21387882902304348,0.5575344783732749,0.210676181907725,1.1,0.2,1.078073235625366,0.21853626387456734,-0.21853626387456734,1.078073235625366
871,A0,0.6471033847540499,0.10528285121350801,0.5697167547993818,0.10489556642026528,1.1,0.2,1.078073235625366,0.21853626387456734,-0.21853626387456734,1.078073235625366
872,A0,0.637119870419044,-0.011418668367148999,0.5629353153983654,-0.011418172114914563,1.1,0.2,1.078073235625366,0.21853626387456734,-0.21853626387456734,1.078073235625366
873,A0,0.6043902122450315,-0.13533140638706323,0.5401661761601678,-0.13451123458682016,1.1,0.2,1.078073235625366,0.21853626387456734,-0.21853626387456734,1.078073235625366
874,A0,0.5529431146526144,-0.2630588599084303,0.5027227644270571,-0.25715435496954636,1.1,0.2,1.078073235625366,0.21853626387456734,-0.21853626387456734,1.078073235625366
875,A0,0.4857744052942871,-0.38709438221975606,0.4508562018629805,-0.36885262052125845,1.1,0.2,1.078073235625366,0.21853626387456734,-0.21853626387456734,1.078073235625366
876,A0,0.4054483307351271,-0.4961785679740619,0.3846010890100182,-0.45910649869133396,1.1,0.2,1.078073235625366,0.21853626387456734,-0.21853626387456734,1.078073235625366
877,A0,0.31429672150953164,-0.5789997136151386,0.3043409225987698,-0.5219380206288816,1.1,0.2,1.078073235625366,0.21853626387456734,-0.21853626387456734,1.078073235625366
878,A0,0.21403941815694222,-0.6291969388641514,0.2108296381875589,-0.5574989977442347,1.1,0.2,1.078073235625366,0.21853626387456734,-0.21853626387456734,1.078073235625366
879,A0,0.10545604212574591,-0.6470986697995617,0.10506684858567714,-0.569713570202974,1.1,0.2,1.078073235625366,0.21853626387456734,-0.21853626387456734,1.078073235625366
880,A0,-0.011233317699077622,-0.6371538685553879,-0.011232845221775279,-0.562958539211054,1.1,0.2,1.078073235625366,0.21853626387456734,-0.21853626387456734,1.078073235625366
881,A0,-0.13513668566898607,-0.6044557498627424,-0.13432003199811862,-0.5402125896015334,1.1,0.2,1.078073235625366,0.21853626387456734,-0.21853626387456734,1.078073235625366
882,A0,-0.2628628725350385,-0.5530349364409018,-0.2569713186976817,-0.5027913769110509,1.1,0.2,1.078073235625366,0.21853626387456734,-0.21853626387456734,1.078073235625366
883,A0,-0.38691205002981727,-0.48588837463991746,-0.368695084443902,-0.4509469998439452,1.1,0.2,1.078073235625366,0.21853626387456734,-0.21853626387456734,1.078073235625366
884,A0,-0.49602857519694576,-0.40558064495402496,-0.4589881130568966,-0.3847138258369625,1.1,0.2,1.078073235625366,0.21853626387456734,-0.21853626387456734,1.078073235625366
885,A0,-0.5788967223161305,-0.314444131619576,-0.5218630821191252,-0.30447467308223775,1.1,0.2,1.078073235625366,0.21853626387456734,-0.21853626387456734,1.078073235625366
886,A0,-0.6291453789934139,-0.2141999877553634,-0.5574634619245222,-0.21098306541074371,1.1,0.2,1.078073235625366,0.21853626387456734,-0.21853626387456734,1.078073235625366
887,A0,-0.6470938889955551,-0.1056292137739515,-0.5697103411127106,-0.10523810546700639,1.1,0.2,1.078073235625366,0.21853626387456734,-0.21853626387456734,1.078073235625366
888,A0,-0.6371878131986082,0.011047984565577998,-0.5629817255962121,0.011047535089359212,1.1,0.2,1.078073235625366,0.21853626387456734,-0.21853626387456734,1.078073235625366
889,A0,-0.6045212434680085,0.13494197484092332,-0.540258968590447,0.13412882911947677,1.1,0.2,1.078073235625366,0.21853626387456734,-0.21853626387456734,1.078073235625366
890,A0,-0.5531267211502854,0.26266687731995964,-0.5028599553572142,0.2567882566637237,1.1,0.2,1.078073235625366,0.21853626387456734,-0.21853626387456734,1.078073235625366
891,A0,-0.4860023129202253,0.3867296826279549,-0.45103776374687604,0.368537496754958,1.1,0.2,1.078073235625366,0.21853626387456734,-0.21853626387456734,1.078073235625366
892,A0,-0.40571293371331,0.4958785193314724,-0.3848265294979195,0.4588696613164572,1.1,0.2,1.078073235625366,0.21853626387456734,-0.21853626387456734,1.078073235625366
893,A0,-0.3145915204208158,0.5787936525020402,-0.3046083922284537,0.5217880784150982,1.1,0.2,1.078073235625366,0.21853626387456734,-0.21853626387456734,1.078073235625366
894,A0,-0.21436053781724432,0.6290937419901521,-0.21113646357320126,0.5574278708965027,1.1,0.2,1.078073235625366,0.21853626387456734,-0.21853626387456734,1.078073235625366
895,A0,-0.10580236615758193,0.6470890423221276,-0.10540933705586697,0.5697070675144218,1.1,0.2,1.078073235625366,0.21853626387456734,-0.21853626387456734,1.078073235625366
896,A0,0.010862668972594344,0.6372217043315956,0.010862241736552532,0.5630048745463406,1.1,0.2,1.078073235625366,0.21853626387456734,-0.21853626387456734,1.078073235625366
897,A0,0.13474727392159686,0.6045866930486181,0.1339376259845178,0.540305313124829,1.1,0.2,1.078073235625366,0.21853626387456734,-0.21853626387456734,1.078073235625366
898,A0,0.2624708742989875,0.5532184687711752,0.2566051689101768,0.502928499765775,1.1,0.2,1.078073235625366,0.21853626387456734,-0.21853626387456734,1.078073235625366
899,A0,0.3865472800600416,0.4861162201261679,0.36837985748801083,0.45112849357128176,1.1,0.2,1.078073235625366,0.21853626387456734,-0.21853626387456734,1.078073235625366
900,A0,0.4957284004137407,0.4058451970051134,0.45875114347990414,0.38493919999061815,1.1,0.2,1.078073235625366,0.21853626387456734,-0.21853626387456734,1.078073235625366
901,A0,0.5786905041830314,0.3147388879086417,0.521713009506052,0.3047420800342498,1.1,0.2,1.078073235625366,0.21853626387456734,-0.21853626387456734,1.078073235625366
902,A0,0.6290420278420862,0.21452106834151863,0.5573922246425426,0.2112898326708566,1.1,0.2,1.078073235625366,0.21853626387456734,-0.21853626387456734,1.078073235625366
903,A0,0.6470841297593782,0.10597549927609773,0.5697037493939286,0.10558054334388405,1.1,0.2,1.078073235625366,0.21853626387456734,-0.21853626387456734,1.078073235625366
904,A0,0.6372555419372344,-0.010677370926056709,0.563027986053931,-0.010676965182220301,1.1,0.2,1.078073235625366,0.21853626387456734,-0.21853626387456734,1.078073235625366
905,A0,0.6046520985923535,-0.1345525829297037,0.5403516232025934,-0.1337464226268431,1.1,0.2,1.078073235625366,0.21853626387456734,-0.21853626387456734,1.078073235625366
906,A0,0.5533101792939793,-0.26227486350789114,0.5029970101369607,-0.2564220554795436,1.1,0.2,1.078073235625366,0.21853626387456734,-0.21853626387456734,1.078073235625366
907,A0,0.4862300962487017,-0.38636484237194796,0.4512191893166734,-0.36822216667667335,1.1,0.2,1.078073235625366,0.21853626387456734,-0.21853626387456734,1.078073235625366
908,A0,0.4059774348215622,-0.4955782184798809,0.3850518373127889,-0.45863255955716464,1.1,0.2,1.078073235625366,0.21853626387456734,-0.21853626387456734,1.078073235625366
909,A0,0.3148862340784376,-0.5785872773693105,0.30487573649645816,-0.5216378753812596,1.1,0.2,1.078073235625366,0.21853626387456734,-0.21853626387456734,1.078073235625366
910,A0,0.2146815793271155,-0.6289902365369591,0.21144317269963742,-0.5573565231450083,1.1,0.2,1.078073235625366,0.21853626387456734,-0.21853626387456734,1.078073235625366
911,A0,0.10614861312896222,-0.6470791512874069,0.1057517243226935,-0.5697003867370426,1.1,0.2,1.078073235625366,0.21853626387456734,-0.21853626387456734,1.078073235625366
912,A0,-0.010492090431881512,-0.6372893259984005,-0.010491705445207004,-0.5630510601114644,1.1,0.2,1.078073235625366,0.21853626387456734,-0.21853626387456734,1.078073235625366
913,A0,-0.13435790188391647,-0.6047174600869909,-0.13355521908003254,-0.5403978988216489,1.1,0.2,1.078073235625366,0.21853626387456734,-0.21853626387456734,1.078073235625366
914,A0,-0.2620788449824149,-0.5534018527091046,-0.2562389164143247,-0.5030654864709982,1.1,0.2,1.078073235625366,0.21853626387456734,-0.21853626387456734,1.078073235625366
915,A0,-0.38618236960954244,-0.4863439412787837,-0.3680644243545873,-0.45130985098256554,1.1,0.2,1.078073235625366,0.21853626387456734,-0.21853626387456734,1.078073235625366
916,A0,-0.4954279735660553,-0.4061096471547813,-0.45851390955820515,-0.3851644414621658,1.1,0.2,1.078073235625366,0.21853626387456734,-0.21853626387456734,1.078073235625366
917,A0,-0.5784839720711268,-0.3150335589255825,-0.5215626760300163,-0.30500936161191267,1.1,0.2,1.078073235625366,0.21853626387456734,-0.21853626387456734,1.078073235625366
918,A0,-0.6289383680625384,-0.21484207077296086,-0.5573207663862679,-0.21159648365547504,1.1,0.2,1.078073235625366,0.21853626387456734,-0.21853626387456734,1.078073235625366
919,A0,-0.6470741068863161,-0.10632170771564227,-0.5696969795295661,-0.1059228799839427,1.1,0.2,1.078073235625366,0.21853626387456734,-0.21853626387456734,1.078073235625366
920,A0,-0.6373230564979623,0.010306827495970838,-0.5630740967114123,0.010306462544335837,1.1,0.2,1.078073235625366,0.21853626387456734,-0.21853626387456734,1.078073235625366
921,A0,-0.6047827775203002,0.13416323080288262,-0.5404441399798972,0.1333640153776437,1.1,0.2,1.078073235625366,0.21853626387456734,-0.21853626387456734,1.078073235625366
922,A0,-0.5534934890069553,0.2618828187582778,-0.5031339287681126,0.2560557517570182,1.1,0.2,1.078073235625366,0.21853626387456734,-0.21853626387456734,1.078073235625366
923,A0,-0.4864577552073691,0.3859998618186901,-0.45140047856847443,0.3679066305554223,1.1,0.2,1.078073235625366,0.21853626387456734,-0.21853626387456734,1.078073235625366
924,A0,-0.4062418339968912,0.4952776657084563,-0.38527701243648405,0.4583951934930302,1.1,0.2,1.078073235625366,0.21853626387456734,-0.21853626387456734,1.078073235625366
925,A0,-0.3151808624454485,0.5783805882987711,-0.305142955377447,0.5214874114416385,1.1,0.2,1.078073235625366,0.21853626387456734,-0.21853626387456734,1.078073235625366
926,A0,-0.21500254267797603,0.6288864224066147,-0.21174976553430327,0.5572849543486895,1.1,0.2,1.078073235625366,0.21853626387456734,-0.21853626387456734,1.078073235625366
927,A0,-0.1064947830356075,0.6470689965362083,-0.10609401031928964,0.569693527757292,1.1,0.2,1.078073235625366,0.21853626387456734,-0.21853626387456734,1.078073235625366
928,A0,0.010121582124213171,0.6373567334187804,0.010121236498409448,0.5630970958462356,1.1,0.2,1.078073235625366,0.21853626387456734,-0.21853626387456734,1.078073235625366
929,A0,0.1339685697052253,0.6048480508800447,0.1331728115532128,0.540490346675234,1.1,0.2,1.078073235625366,0.21853626387456734,-0.21853626387456734,1.078073235625366
930,A0,0.2616867848711746,0.5535850881779344,0.2558725615501206,0.5032023370285288,1.1,0.2,1.078073235625366,0.21853626387456734,-0.21853626387456734,1.078073235625366
931,A0,0.3858173190452547,0.48657153802541336,0.36774878531287725,0.4514910720739196,1.1,0.2,1.078073235625366,0.21853626387456734,-0.21853626387456734,1.078073235625366
932,A0,0.49512729494330904,0.40637399534000923,0.4582764113716842,0.38538955023348176,1.1,0.2,1.078073235625366,0.21853626387456734,-0.21853626387456734,1.078073235625366
933,A0,0.5782771260625779,0.31532814463340203,0.521412081605465,0.305276517789896,1.1,0.2,1.078073235625366,0.21853626387456734,-0.21853626387456734,1.078073235625366
934,A0,0.6288343995570027,0.2151629950410784,0.5572490870146425,0.21190301833205893,1.1,0.2,1.078073235625366,0.21853626387456734,-0.21853626387456734,1.078073235625366
935,A0,0.6470638202171888,0.10666783908833036,0.5696900314060038,0.10626511532040306,1.1,0.2,1.078073235625366,0.21853626387456734,-0.21853626387456734,1.078073235625366
936,A0,0.6373903567437078,-0.009936354322483437,0.5631200575083852,-0.00993602732620995,1.1,0.2,1.078073235625366,0.21853626387456734,-0.21853626387456734,1.078073235625366
937,A0,0.6049132801539815,-0.13377391860954324,0.5405365189055489,-0.1329816076402545,1.1,0.2,1.078073235625366,0.21853626387456734,-0.21853626387456734,1.078073235625366
938,A0,0.5536766502124421,-0.26149074335677513,0.50327071125247,-0.25568934583612624,1.1,0.2,1.078073235625366,0.21853626387456734,-0.21853626387456734,1.078073235625366
939,A0,0.48668528972387043,-0.3856347413350968,0.45158163149842223,-0.3675908886606791,1.1,0.2,1.078073235625366,0.21853626387456734,-0.21853626387456734,1.078073235625366
940,A0,0.40650613117624884,-0.49497686130686885,0.38550205485089883,-0.4581575632042496,1.1,0.2,1.078073235625366,0.21853626387456734,-0.21853626387456734,1.078073235625366
941,A0,0.31547540548480313,-0.5781735853729224,0.30541004884609485,-0.5213366865108562,1.1,0.2,1.078073235625366,0.21853626387456734,-0.21853626387456734,1.078073235625366
942,A0,0.21532342786118147,-0.6287822995015405,0.212056242044682,-0.5572131643664969,1.1,0.2,1.078073235625366,0.21853626387456734,-0.21853626387456734,1.078073235625366
943,A0,0.10684087587328665,-0.6470585779093639,0.10643619497896298,-0.5696864904614761,1.1,0.2,1.078073235625366,0.21853626387456734,-0.21853626387456734,1.078073235625366
944,A0,-0.009751144096642392,-0.6374239264555902,-0.009750835046498327,-0.5631429816903025,1.1,0.2,1.078073235625366,0.21853626387456734,-0.21853626387456734,1.078073235625366
945,A0,-0.13357927753441026,-0.6049784653298617,-0.13279040367226136,-0.5405826566687251,1.1,0.2,1.078073235625366,0.21853626387456734,-0.21853626387456734,1.078073235625366
946,A0,-0.2612946942507244,-0.5537681751008771,-0.2555061046575271,-0.5033390514401589,1.1,0.2,1.078073235625366,0.21853626387456734,-0.21853626387456734,1.078073235625366
947,A0,-0.3854521287340746,-0.4867990102936945,-0.3674329406325834,-0.45167215684150697,1.1,0.2,1.078073235625366,0.21853626387456734,-0.21853626387456734,1.078073235625366
948,A0,-0.4948263648354227,-0.40663824149772065,-0.45803864900084806,-0.3856145262864779,1.1,0.2,1.078073235625366,0.21853626387456734,-0.21853626387456734,1.078073235625366
949,A0,-0.5780699662402236,-0.3156226449950063,-0.5212612261471943,-0.30554354854287985,1.1,0.2,1.078073235625366,0.21853626387456734,-0.21853626387456734,1.078073235625366
950,A0,-0.6287301222280898,-0.21548384113719476,-0.5571771863866234,-0.21220943666811534,1.1,0.2,1.078073235625366,0.21853626387456734,-0.21853626387456734,1.078073235625366
951,A0,-0.6470532695928413,-0.10701389338995516,-0.5696829049094735,-0.10660724928666027,1.1,0.2,1.078073235625366,0.21853626387456734,-0.21853626387456734,1.078073235625366
952,A0,-0.6374574425372651,0.009565951452536928,-0.5631658683844184,0.009565659678014714,1.1,0.2,1.078073235625366,0.21853626387456734,-0.21853626387456734,1.078073235625366
953,A0,-0.60504360639543,0.13338464649837553,-0.54062875996264,0.13259919968270414,1.1,0.2,1.078073235625366,0.21853626387456734,-0.21853626387456734,1.078073235625366
954,A0,-0.5538596628336367,0.2610986375886425,-0.5034073575918175,0.255322838056813,1.1,0.2,1.078073235625366,0.21853626387456734,-0.21853626387456734,1.078073235625366
955,A0,-0.4869126997258393,0.38526948128804384,-0.45176264810270095,0.3672749412623742,1.1,0.2,1.078073235625366,0.21853626387456734,-0.21853626387456734,1.078073235625366
956,A0,-0.406770326296532,0.4946758055652891,-0.38572696453796407,0.45791966877164064,1.1,0.2,1.078073235625366,0.21853626387456734,-0.21853626387456734,1.078073235625366
957,A0,-0.31576986315936,0.5779662686749429,-0.3056770168770881,0.5211857005038841,1.1,0.2,1.078073235625366,0.21853626387456734,-0.21853626387456734,1.078073235625366
958,A0,-0.21564423486802387,0.6286778677245372,-0.21236260219830497,0.5571411530573941,1.1,0.2,1.078073235625366,0.21853626387456734,-0.21853626387456734,1.078073235625366
959,A0,-0.1071868916378177,0.6470478952477307,-0.10677827823519673,0.5696792747357519,1.1,0.2,1.078073235625366,0.21853626387456734,-0.21853626387456734,1.078073235625366
960,A0,0.009380776396000295,0.6374909049715628,0.009380501239478629,0.5631887175831539,1.1,0.2,1.078073235625366,0.21853626387456734,-0.21853626387456734,1.078073235625366
961,A0,0.13319002551996378,0.6051087033384247,0.13240799570503195,0.5406748287851646,1.1,0.2,1.078073235625366,0.21853626387456734,-0.21853626387456734,1.078073235625366
962,A0,0.2609025734061246,0.5539511134011157,0.25513954607647144,0.5034756297076664,1.1,0.2,1.078073235625366,0.21853626387456734,-0.21853626387456734,1.078073235625366
963,A0,0.38508679904285725,0.4870263580112574,0.36711689058386354,0.4518531052815335,1.1,0.2,1.078073235625366,0.21853626387456734,-0.21853626387456734,1.078073235625366
964,A0,0.49452518353281705,0.4069023855647861,0.45780062252682646,0.38583936960310417,1.1,0.2,1.078073235625366,0.21853626387456734,-0.21853626387456734,1.078073235625366
965,A0,0.5778624926875833,0.31591705997320624,0.5211101095703515,0.30581045384555694,1.1,0.2,1.078073235625366,0.21853626387456734,-0.21853626387456734,1.078073235625366
966,A0,0.6286255359787917,0.21580460905257015,0.5571050643611815,0.21251573863119969,1.1,0.2,1.078073235625366,0.21853626387456734,-0.21853626387456734,1.078073235625366
967,A0,0.647042454854143,0.10735987061635904,0.5696755999260575,0.10694928181628506,1.1,0.2,1.078073235625366,0.21853626387456734,-0.21853626387456734,1.078073235625366
968,A0,0.6375243137413055,-0.009195618932851826,0.5632115292789197,-0.009195359749588678,1.1,0.2,1.078073235625366,0.21853626387456734,-0.21853626387456734,1.078073235625366
969,A0,0.6051737561465779,-0.13299541461767495,0.5407208631341633,-0.13221679177267182,1.1,0.2,1.078073235625366,0.21853626387456734,-0.21853626387456734,1.078073235625366
970,A0,0.5540425267937068,-0.2607065017387409,0.5035438677879249,-0.25495622875898744,1.1,0.2,1.078073235625366,0.21853626387456734,-0.21853626387456734,1.078073235625366
971,A0,0.48713998514090107,-0.38490408204436477,0.4519435283775367,-0.3669587886308919,1.1,0.2,1.078073235625366,0.21853626387456734,-0.21853626387456734,1.078073235625366
972,A0,0.40703441929458317,-0.4943744987743867,0.3859517414796477,-0.45768151027664383,1.1,0.2,1.078073235625366,0.21853626387456734,-0.21853626387456734,1.078073235625366
973,A0,0.31606423543188145,-0.5777586382886907,0.30594385944512487,-0.521034453336045,1.1,0.2,1.078073235625366,0.21853626387456734,-0.21853626387456734,1.078073235625366
974,A0,0.21596496368973106,-0.6285731269787871,0.2126688459627513,-0.5570689202803589,1.1,0.2,1.078073235625366,0.21853626387456734,-0.21853626387456734,1.078073235625366
975,A0,0.107532830325067,-0.6470369483921912,0.10712026002164887,-0.5696718804661276,1.1,0.2,1.078073235625366,0.21853626387456734,-0.21853626387456734,1.078073235625366
976,A0,-0.009010479068897112,-0.6375576688293082,-0.009010235227022732,-0.5632343034641167,1.1,0.2,1.078073235625366,0.21853626387456734,-0.21853626387456734,1.078073235625366
977,A0,-0.1328008138099844,-0.605238764807615,-0.13202558791902905,-0.5407668630074947,1.1,0.2,1.078073235625366,0.21853626387456734,-0.21853626387456734,1.078073235625366
978,A0,-0.2605104226220367,-0.554133903001801,-0.25477288614684385,-0.503612071832812,1.1,0.2,1.078073235625366,0.21853626387456734,-0.21853626387456734,1.078073235625366
979,A0,-0.3847213303384139,-0.48725358110572203,-0.36680063543732805,-0.45203391739024523,1.1,0.2,1.078073235625366,0.21853626387456734,-0.21853626387456734,1.078073235625366
980,A0,-0.4942237513264095,-0.4071664274780202,-0.4575623320313702,-0.3860640801653466,1.1,0.2,1.078073235625366,0.21853626387456734,-0.21853626387456734,1.078073235625366
981,A0,-0.5776547054888536,-0.3162113895307159,-0.5209587317904348,-0.30607723367263096,1.1,0.2,1.078073235625366,0.21853626387456734,-0.21853626387456734,1.078073235625366
982,A0,-0.6285206407124809,-0.21612529877840006,-0.5570327207973014,-0.21282192418891463,1.1,0.2,1.078073235625366,0.21853626387456734,-0.21853626387456734,1.078073235625366
983,A0,-0.6470313758419896,-0.10770577076343227,-0.5696681163416899,-0.10729121284302255,1.1,0.2,1.078073235625366,0.21853626387456734,-0.21853626387456734,1.078073235625366
984,A0,-0.6375909702183782,0.008825356809928131,-0.5632570401311358,0.008825127690438047,1.1,0.2,1.078073235625366,0.21853626387456734,-0.21853626387456734,1.078073235625366
985,A0,-0.6053037293092558,0.1326062231153432,-0.5408128284030109,0.13183438417748722,1.1,0.2,1.078073235625366,0.21853626387456734,-0.21853626387456734,1.078073235625366
986,A0,-0.5542252420157874,0.2603143360915327,-0.503680241842545,0.254589518282521,1.1,0.2,1.078073235625366,0.21853626387456734,-0.21853626387456734,1.078073235625366
987,A0,-0.4873671458966713,0.384538543970849,-0.4521242723191961,0.36664243103706906,1.1,0.2,1.078073235625366,0.21853626387456734,-0.21853626387456734,1.078073235625366
988,A0,-0.40729841010719003,0.4940729412253277,-0.3861763856579545,0.4574430878013217,1.1,0.2,1.078073235625366,0.21853626387456734,-0.21853626387456734,1.078073235625366
989,A0,-0.3163585222650336,0.5775506942987026,-0.30621057652491473,0.5208829449230135,1.1,0.2,1.078073235625366,0.21853626387456734,-0.21853626387456734,1.078073235625366
990,A0,-0.21628561431746612,0.6284680771678546,-0.21297497330564705,0.556996465894384,1.1,0.2,1.078073235625366,0.21853626387456734,-0.21853626387456734,1.078073235625366
991,A0,-0.10787869193094829,0.6470257371836542,-0.10746214027215115,0.5696643075384628,1.1,0.2,1.078073235625366,0.21853626387456734,-0.21853626387456734,1.078073235625366
992,A0,0.008640252161723247,0.6376242178913146,0.00864003715847126,0.5632797392723572,1.1,0.2,1.078073235625366,0.21853626387456734,-0.21853626387456734,1.078073235625366
993,A0,0.13241164255217786,0.6053686496392129,0.13164318058140814,0.5408587593185578,1.1,0.2,1.078073235625366,0.21853626387456734,-0.21853626387456734,1.078073235625366
994,A0,0.26011824218272445,0.5543165438260527,0.25440612520849704,0.5037483778173406,1.1,0.2,1.078073235625366,0.21853626387456734,-0.21853626387456734,1.078073235625366
995,A0,0.38435572298751197,0.48748067950469937,0.3664841754640403,0.4522145931639292,1.1,0.2,1.078073235625366,0.21853626387456734,-0.21853626387456734,1.078073235625366
996,A0,0.4939220685076148,0.4074303671741829,0.45732377759685366,0.38628865795522804,1.1,0.2,1.078073235625366,0.21853626387456734,-0.21853626387456734,1.078073235625366
997,A0,0.5774466047289115,0.31650563363015305,0.5208070927232955,0.30634388799881707,1.1,0.2,1.078073235625366,0.21853626387456734,-0.21853626387456734,1.078073235625366
998,A0,0.6284154363329136,0.21644591030581503,0.5569601555539834,0.21312799330890958,1.1,0.2,1.078073235625366,0.21853626387456734,-0.21853626387456734,1.078073235625366
999,A0,0.6470200323973028,0.10805159382711212,0.5696604540421554,0.1076330423007912,1.1,0.2,1.078073235625366,0.21853626387456734,-0.21853626387456734,1.078073235625366
1000,A0,0.6376574118309097,-0.00845516513004646,0.5633024008801518,-0.00845496364973763,1.1,0.2,1.078073235625366,0.21853626387456734,-0.21853626387456734,1.078073235625366
