t,condition,a1,a2,o1,o2,alpha,phi,w11,w12,w21,w22
0,A1,0.0,0.1,0.0,0.09966799462495582,1.1,0.4,1.0131670934031738,0.42836017653951564,-0.42836017653951564,1.0131670934031738
1,A1,0.04269379977288557,0.10098033241948963,0.04266787848088215,0.10063849357113332,1.1,0.4,1.0131670934031738,0.42836017653951564,-0.42836017653951564,1.0131670934031738
2,A1,0.08633921329495678,0.08368639005730186,0.08612531367790499,0.08349157237503156,1.1,0.4,1.0131670934031738,0.42836017653951564,-0.42836017653951564,1.0131670934031738
3,A1,0.12302379840960988,0.047698259135282896,0.12240688379013633,0.0476621188741832,1.1,0.4,1.0131670934031738,0.42836017653951564,-0.42836017653951564,1.0131670934031738
4,A1,0.14443518031738498,-0.0041445439048020255,0.143439112094309,-0.004144520174350854,1.1,0.4,1.0131670934031738,0.42836017653951564,-0.42836017653951564,1.0131670934031738
5,A1,0.1435524408873666,-0.06564269483798744,0.14257442557141256,-0.06554857307202717,1.1,0.4,1.0131670934031738,0.42836017653951564,-0.42836017653951564,1.0131670934031738
6,A1,0.11637331801676831,-0.12748486336390163,0.11585081009409354,-0.126798679282273,1.1,0.4,1.0131670934031738,0.42836017653951564,-0.42836017653951564,1.0131670934031738
7,A1,0.06306072388910391,-0.17809412279993359,0.06297726639375743,-0.17623480729298277,1.1,0.4,1.0131670934031738,0.42836017653951564,-0.42836017653951564,1.0131670934031738
8,A1,-0.011685479221789016,-0.20553226041190584,-0.011684947365122468,-0.20268620696688774,1.1,0.4,1.0131670934031738,0.42836017653951564,-0.42836017653951564,1.0131670934031738
9,A1,-0.09866150355695104,-0.20034962906937698,-0.09834261839562082,-0.19771130558925112,1.1,0.4,1.0131670934031738,0.42836017653951564,-0.42836017653951564,1.0131670934031738
10,A1,-0.18432915460361837,-0.15818852743950187,-0.18226947779379732,-0.15688211961548354,1.1,0.4,1.0131670934031738,0.42836017653951564,-0.42836017653951564,1.0131670934031738
11,A1,-0.2518714894868379,-0.08087081545223217,-0.246677082263705,-0.0806949746723917,1.1,0.4,1.0131670934031738,0.42836017653951564,-0.42836017653951564,1.0131670934031738
12,A1,-0.28449161604281104,0.023909145565663467,-0.27705705634554206,0.023904590741457198,1.1,0.4,1.0131670934031738,0.42836017653951564,-0.42836017653951564,1.0131670934031738
13,A1,-0.2704653177743367,0.14289955428820952,-0.2640577614288096,0.14193475104977182,1.1,0.4,1.0131670934031738,0.42836017653951564,-0.42836017653951564,1.0131670934031738
14,A1,-0.20673543962060326,0.25691544847627457,-0.2038396756795839,0.25140819174622747,1.1,0.4,1.0131670934031738,0.42836017653951564,-0.42836017653951564,1.0131670934031738
15,A1,-0.09883039432863523,0.3420353063491372,-0.09850987299940256,0.32929321918093246,1.1,0.4,1.0131670934031738,0.42836017653951564,-0.42836017653951564,1.0131670934031738
16,A1,0.04124913980328915,0.37582676034382895,0.041225760694175675,0.3590777725171471,1.1,0.4,1.0131670934031738,0.42836017653951564,-0.42836017653951564,1.0131670934031738
17,A1,0.19558320216271394,0.34614630895795107,0.19312691166038407,0.3329534736345574,1.1,0.4,1.0131670934031738,0.42836017653951564,-0.42836017653951564,1.0131670934031738
18,A1,0.3382938404904268,0.25460962514744123,0.3259533562636057,0.24924686136963067,1.1,0.4,1.0131670934031738,0.42836017653951564,-0.42836017653951564,1.0131670934031738
19,A1,0.4370126440888218,0.11290328084100673,0.41116517175712547,0.11242598265366419,1.1,0.4,1.0131670934031738,0.42836017653951564,-0.42836017653951564,1.0131670934031738
20,A1,0.46473783575493566,-0.06222047949257396,0.43393779700629004,-0.06214031042920432,1.1,0.4,1.0131670934031738,0.42836017653951564,-0.42836017653951564,1.0131670934031738
21,A1,0.41303306216496505,-0.2488401890335108,0.3910449811342495,-0.24382811358179873,1.1,0.4,1.0131670934031738,0.42836017653951564,-0.42836017653951564,1.0131670934031738
22,A1,0.29174765314649015,-0.4145467182812086,0.2837425581598687,-0.3923264152741993,1.1,0.4,1.0131670934031738,0.42836017653951564,-0.42836017653951564,1.0131670934031738
23,A1,0.11942161041764382,-0.5190362261337822,0.11885711913117628,-0.4769558265091447,1.1,0.4,1.0131670934031738,0.42836017653951564,-0.42836017653951564,1.0131670934031738
24,A1,-0.0838867601245992,-0.5341496049599874,-0.0836905423628426,-0.488546676100502,1.1,0.4,1.0131670934031738,0.42836017653951564,-0.42836017653951564,1.0131670934031738
25,A1,-0.294066443973301,-0.45912972031529237,-0.2858732578192737,-0.42937464405702924,1.1,0.4,1.0131670934031738,0.42836017653951564,-0.42836017653951564,1.0131670934031738
26,A1,-0.4735643760363104,-0.31257154091289213,-0.441074760874864,-0.3027747133162231,1.1,0.4,1.0131670934031738,0.42836017653951564,-0.42836017653951564,1.0131670934031738
27,A1,-0.5765790630969244,-0.11782251381109557,-0.5201745774821991,-0.11728031463623051,1.1,0.4,1.0131670934031738,0.42836017653951564,-0.42836017653951564,1.0131670934031738
28,A1,-0.5772619810120493,0.1039975183482434,-0.5206725334117347,0.10362420546313204,1.1,0.4,1.0131670934031738,0.42836017653951564,-0.42836017653951564,1.0131670934031738
29,A1,-0.48313979434567983,0.3280240133868223,-0.4487546403089046,0.3167441490859701,1.1,0.4,1.0131670934031738,0.42836017653951564,-0.42836017653951564,1.0131670934031738
30,A1,-0.3189828549526348,0.513143365827543,-0.3085869237911051,0.47239073653765373,1.1,0.4,1.0131670934031738,0.42836017653951564,-0.42836017653951564,1.0131670934031738
31,A1,-0.11029673734075945,0.6107970986413829,-0.10985163626010067,0.5446879536984932,1.1,0.4,1.0131670934031738,0.42836017653951564,-0.42836017653951564,1.0131670934031738
32,A1,0.12202456499000518,0.5989159771619562,0.12142250225463272,0.5362777514237113,1.1,0.4,1.0131670934031738,0.42836017653951564,-0.42836017653951564,1.0131670934031738
33,A1,0.352741315957142,0.4913264061650871,0.33880443869018123,0.4552685500936351,1.1,0.4,1.0131670934031738,0.42836017653951564,-0.42836017653951564,1.0131670934031738
34,A1,0.5382844248708236,0.31613278444654797,0.4916882420336509,0.3060059908561198,1.1,0.4,1.0131670934031738,0.42836017653951564,-0.42836017653951564,1.0131670934031738
35,A1,0.6292431273070273,0.0994155381597143,0.5575308297623058,0.09908930501458696,1.1,0.4,1.0131670934031738,0.42836017653951564,-0.42836017653951564,1.0131670934031738
36,A1,0.6073178024621614,-0.13842998151423436,0.5422362760343281,-0.13755246905182147,1.1,0.4,1.0131670934031738,0.42836017653951564,-0.42836017653951564,1.0131670934031738
37,A1,0.49045395180097673,-0.3716360621878583,0.45457665422187976,-0.3554219299053387,1.1,0.4,1.0131670934031738,0.42836017653951564,-0.42836017653951564,1.0131670934031738
38,A1,0.30831350684665526,-0.5548243395071654,0.29890205466931935,-0.5041272170932856,1.1,0.4,1.0131670934031738,0.42836017653951564,-0.42836017653951564,1.0131670934031738
39,A1,0.08688970222909631,-0.6388028441540086,0.08667169336241456,-0.5640838719706167,1.1,0.4,1.0131670934031738,0.42836017653951564,-0.42836017653951564,1.0131670934031738
40,A1,-0.15381815933609821,-0.6086379188697805,-0.15261641746338853,-0.5431675843939183,1.1,0.4,1.0131670934031738,0.42836017653951564,-0.42836017653951564,1.0131670934031738
41,A1,-0.3872972944285078,-0.4849447271837638,-0.3690279129441929,-0.4501949263041557,1.1,0.4,1.0131670934031738,0.42836017653951564,-0.42836017653951564,1.0131670934031738
42,A1,-0.5667325160511497,-0.29804582301165394,-0.512955582968358,-0.2895232564992178,1.1,0.4,1.0131670934031738,0.42836017653951564,-0.42836017653951564,1.0131670934031738
43,A1,-0.6437299503072822,-0.07360569218267804,-0.5674338813951101,-0.07347305269878808,1.1,0.4,1.0131670934031738,0.42836017653951564,-0.42836017653951564,1.0131670934031738
44,A1,-0.6063782661365149,0.16862559836262261,-0.5415726444550805,0.16704530323063854,1.1,0.4,1.0131670934031738,0.42836017653951564,-0.42836017653951564,1.0131670934031738
45,A1,-0.4771480264672511,0.4012329579285885,-0.4439566554377176,0.3810034343670505,1.1,0.4,1.0131670934031738,0.42836017653951564,-0.42836017653951564,1.0131670934031738
46,A1,-0.28659557577919514,0.576193493473485,-0.2789983803488768,0.5198932794967605,1.1,0.4,1.0131670934031738,0.42836017653951564,-0.42836017653951564,1.0131670934031738
47,A1,-0.059970401095324644,0.6462505583280604,-0.05989861087300552,0.5691404565043153,1.1,0.4,1.0131670934031738,0.42836017653951564,-0.42836017653951564,1.0131670934031738
48,A1,0.18310980494687829,0.602292561582665,0.18109037609829146,0.5386788939265232,1.1,0.4,1.0131670934031738,0.42836017653951564,-0.42836017653951564,1.0131670934031738
49,A1,0.41422339609527004,0.4681998237621007,0.39205282414942483,0.43674365928589115,1.1,0.4,1.0131670934031738,0.42836017653951564,-0.42836017653951564,1.0131670934031738
50,A1,0.5842986112981967,0.2745544868754891,0.5257827270541874,0.2678576828280518,1.1,0.4,1.0131670934031738,0.42836017653951564,-0.42836017653951564,1.0131670934031738
51,A1,0.6474453216347751,0.046160208174246736,0.5699476617800494,0.046127450577590254,1.1,0.4,1.0131670934031738,0.42836017653951564,-0.42836017653951564,1.0131670934031738
52,A1,0.5972113787503622,-0.19740806599059044,0.5350622750561157,-0.19488309082968364,1.1,0.4,1.0131670934031738,0.42836017653951564,-0.42836017653951564,1.0131670934031738
53,A1,0.45862733481592455,-0.42664850529200987,0.42896479127145387,-0.40251661602345523,1.1,0.4,1.0131670934031738,0.42836017653951564,-0.42836017653951564,1.0131670934031738
54,A1,0.26219092204490235,-0.591568023621242,0.2563436316704939,-0.5310224096369568,1.1,0.4,1.0131670934031738,0.42836017653951564,-0.42836017653951564,1.0131670934031738
55,A1,0.03225007907348229,-0.6478218346209783,0.03223890296890441,-0.57020181360973,1.1,0.4,1.0131670934031738,0.42836017653951564,-0.42836017653951564,1.0131670934031738
56,A1,-0.2115883539255041,-0.5915195763153887,-0.20848631540857412,-0.5309876228400137,1.1,0.4,1.0131670934031738,0.42836017653951564,-0.42836017653951564,1.0131670934031738
57,A1,-0.4386854260568884,-0.44867195159138745,-0.4125542019049366,-0.420806736466902,1.1,0.4,1.0131670934031738,0.42836017653951564,-0.42836017653951564,1.0131670934031738
58,A1,-0.5982431895372703,-0.2496257473105288,-0.5357982804452645,-0.24456682708508526,1.1,0.4,1.0131670934031738,0.42836017653951564,-0.42836017653951564,1.0131670934031738
59,A1,-0.6476158756750234,-0.018272415339530057,-0.5700628017948404,-0.018270382005995556,1.1,0.4,1.0131670934031738,0.42836017653951564,-0.42836017653951564,1.0131670934031738
60,A1,-0.5853951760132806,0.22568125258306856,-0.5265756917160348,0.22192626576729768,1.1,0.4,1.0131670934031738,0.42836017653951564,-0.42836017653951564,1.0131670934031738
61,A1,-0.4384447886498656,0.4504124459021715,-0.41235450139628155,0.42223797728472146,1.1,0.4,1.0131670934031738,0.42836017653951564,-0.42836017653951564,1.0131670934031738
62,A1,-0.23691407714001428,0.6044338711849717,-0.23257885604320613,0.5401970955873397,1.1,0.4,1.0131670934031738,0.42836017653951564,-0.42836017653951564,1.0131670934031738
63,A1,-0.004242320332403876,0.6469374410350879,-0.004242294882508915,0.5696046620285506,1.1,0.4,1.0131670934031738,0.42836017653951564,-0.42836017653951564,1.0131670934031738
64,A1,0.23969780000881036,0.578921930001168,0.2352102887227339,0.5218814244747871,1.1,0.4,1.0131670934031738,0.42836017653951564,-0.42836017653951564,1.0131670934031738
65,A1,0.4618605436844473,0.4279983651350473,0.4315993916209566,0.4036471571233241,1.1,0.4,1.0131670934031738,0.42836017653951564,-0.42836017653951564,1.0131670934031738
66,A1,0.6101886686082034,0.22408202535399196,0.5442598939014447,0.22040526398329657,1.1,0.4,1.0131670934031738,0.42836017653951564,-0.42836017653951564,1.0131670934031738
67,A1,0.6458390525501699,-0.009831903554285065,0.5688621808738558,-0.009831586761864679,1.1,0.4,1.0131670934031738,0.42836017653951564,-0.42836017653951564,1.0131670934031738
68,A1,0.572140982101979,-0.2536389444088383,0.5169298901970131,-0.24833626317585922,1.1,0.4,1.0131670934031738,0.42836017653951564,-0.42836017653951564,1.0131670934031738
69,A1,0.4173589888089549,-0.47303830897183585,0.3947031924462695,-0.4406509402483985,1.1,0.4,1.0131670934031738,0.42836017653951564,-0.42836017653951564,1.0131670934031738
70,A1,0.2111429716906329,-0.6155281615338399,0.20806025286574925,-0.5480068040701147,1.1,0.4,1.0131670934031738,0.42836017653951564,-0.42836017653951564,1.0131670934031738
71,A1,-0.023944489687609566,-0.6443471874933093,-0.02393991463687143,-0.5678522332280597,1.1,0.4,1.0131670934031738,0.42836017653951564,-0.42836017653951564,1.0131670934031738
72,A1,-0.267500416602889,-0.5650742905619832,-0.2612974394609547,-0.5117326363451609,1.1,0.4,1.0131670934031738,0.42836017653951564,-0.42836017653951564,1.0131670934031738
73,A1,-0.48394384969819204,-0.40654125046855205,-0.44939654265799134,-0.385531954595942,1.1,0.4,1.0131670934031738,0.42836017653951564,-0.42836017653951564,1.0131670934031738
74,A1,-0.6204603250425748,-0.19810470750278977,-0.5514484521703619,-0.19555318321934462,1.1,0.4,1.0131670934031738,0.42836017653951564,-0.42836017653951564,1.0131670934031738
75,A1,-0.6424766215338273,0.03809050607605716,-0.5665834966039387,0.03807209509192489,1.1,0.4,1.0131670934031738,0.42836017653951564,-0.42836017653951564,1.0131670934031738
76,A1,-0.5577351850496134,0.28127520055369404,-0.5062951006213561,0.2740848965460792,1.1,0.4,1.0131670934031738,0.42836017653951564,-0.42836017653951564,1.0131670934031738
77,A1,-0.39555448082951333,0.4945704566625566,-0.37613879308437576,0.45783640650851504,1.1,0.4,1.0131670934031738,0.42836017653951564,-0.42836017653951564,1.0131670934031738
78,A1,-0.18497256378726987,0.6249876610453696,-0.1828914385074163,0.554591178562464,1.1,0.4,1.0131670934031738,0.42836017653951564,-0.42836017653951564,1.0131670934031738
79,A1,0.052265187995390844,0.640236941297775,0.05221764987294549,0.565060861856004,1.1,0.4,1.0131670934031738,0.42836017653951564,-0.42836017653951564,1.0131670934031738
80,A1,0.2949547750863255,0.5501331092844863,0.2866887840697286,0.5006199672259146,1.1,0.4,1.0131670934031738,0.42836017653951564,-0.42836017653951564,1.0131670934031738
81,A1,0.5049092996073163,0.384405618937864,0.4659692946250533,0.3665273690669476,1.1,0.4,1.0131670934031738,0.42836017653951564,-0.42836017653951564,1.0131670934031738
82,A1,0.6291104843704742,0.17175077986269027,0.5574394108790821,0.17008168423098685,1.1,0.4,1.0131670934031738,0.42836017653951564,-0.42836017653951564,1.0131670934031738
83,A1,0.6376354879520609,-0.06646367880082182,0.5632874334735761,-0.06636598541035321,1.1,0.4,1.0131670934031738,0.42836017653951564,-0.42836017653951564,1.0131670934031738
84,A1,0.542275746496359,-0.30852973698427677,0.49470868878697244,-0.2990989535502501,1.1,0.4,1.0131670934031738,0.42836017653951564,-0.42836017653951564,1.0131670934031738
85,A1,0.3731004837540226,-0.5149507186728577,0.3567006922918116,-0.4737935739216813,1.1,0.4,1.0131670934031738,0.42836017653951564,-0.42836017653951564,1.0131670934031738
86,A1,0.15844310465581518,-0.6328284296852195,0.1571304212553004,-0.5599967347999426,1.1,0.4,1.0131670934031738,0.42836017653951564,-0.42836017653951564,1.0131670934031738
87,A1,-0.08068092799200674,-0.6346786791011747,-0.08050632080987265,-0.5612654367728912,1.1,0.4,1.0131670934031738,0.42836017653951564,-0.42836017653951564,1.0131670934031738
88,A1,-0.32199011663708615,-0.5341699694081891,-0.31130528546790975,-0.4885621798516454,1.1,0.4,1.0131670934031738,0.42836017653951564,-0.42836017653951564,1.0131670934031738
89,A1,-0.5246848528503488,-0.3616443366662921,-0.48130769401932666,-0.3466615877076189,1.1,0.4,1.0131670934031738,0.42836017653951564,-0.42836017653951564,1.0131670934031738
90,A1,-0.6361411362920497,-0.14505306443231172,-0.562266370015773,-0.14404422967237743,1.1,0.4,1.0131670934031738,0.42836017653951564,-0.42836017653951564,1.0131670934031738
91,A1,-0.6313725954791922,0.09491164802352728,-0.5589966302358295,0.09462767618066546,1.1,0.4,1.0131670934031738,0.42836017653951564,-0.42836017653951564,1.0131670934031738
92,A1,-0.5258222630039301,0.33532554284427585,-0.48218113650167205,0.3232978656948071,1.1,0.4,1.0131670934031738,0.42836017653951564,-0.42836017653951564,1.0131670934031738
93,A1,-0.3500421297393619,0.5341019556453379,-0.3364129066290936,0.48851039877758307,1.1,0.4,1.0131670934031738,0.42836017653951564,-0.42836017653951564,1.0131670934031738
94,A1,-0.1315840861309574,0.6390485529005193,-0.1308298772351912,0.5642513752806716,1.1,0.4,1.0131670934031738,0.42836017653951564,-0.42836017653951564,1.0131670934031738
95,A1,0.10915029227922024,0.6277232351509712,0.1087188836277392,0.5564824942973733,1.1,0.4,1.0131670934031738,0.42836017653951564,-0.42836017653951564,1.0131670934031738
96,A1,0.34852533482152726,0.5172389110930605,0.33506708722057593,0.4755661872664176,1.1,0.4,1.0131670934031738,0.42836017653951564,-0.42836017653951564,1.0131670934031738
97,A1,0.5431925627880057,0.33829861503915853,0.4954008123856177,0.32595762353094715,1.1,0.4,1.0131670934031738,0.42836017653951564,-0.42836017653951564,1.0131670934031738
98,A1,0.6415510663144247,0.11803955855413306,0.5659547306655266,0.11749436854785475,1.1,0.4,1.0131670934031738,0.42836017653951564,-0.42836017653951564,1.0131670934031738
99,A1,0.6237366179197257,-0.12339104046838772,0.5537243195018559,-0.12276860702086168,1.1,0.4,1.0131670934031738,0.42836017653951564,-0.42836017653951564,1.0131670934031738
100,A1,0.5084260771593789,-0.36157855999252103,0.4687179678578761,-0.34660371437714776,1.1,0.4,1.0131670934031738,0.42836017653951564,-0.42836017653951564,1.0131670934031738
101,A1,0.3264183928405597,-0.5519475893170815,0.3152988816219912,-0.5019784661311486,1.1,0.4,1.0131670934031738,0.42836017653951564,-0.42836017653951564,1.0131670934031738
102,A1,0.10442286707525011,-0.6436495480753873,0.10404496823464116,-0.567379364684012,1.1,0.4,1.0131670934031738,0.42836017653951564,-0.42836017653951564,1.0131670934031738
103,A1,-0.13762778677140466,-0.6194188227348789,-0.13676536569722583,-0.5507232496718938,1.1,0.4,1.0131670934031738,0.42836017653951564,-0.42836017653951564,1.0131670934031738
104,A1,-0.3744740764955486,-0.4993898379450679,-0.3578989275908372,-0.4616371614120544,1.1,0.4,1.0131670934031738,0.42836017653951564,-0.42836017653951564,1.0131670934031738
105,A1,-0.56035839215899,-0.3144059332286286,-0.5082432967466042,-0.3044400154634309,1.1,0.4,1.0131670934031738,0.42836017653951564,-0.42836017653951564,1.0131670934031738
106,A1,-0.6453453624760118,-0.09073741726330078,-0.5685281571911164,-0.09048921249282602,1.1,0.4,1.0131670934031738,0.42836017653951564,-0.42836017653951564,1.0131670934031738
107,A1,-0.6147759955775347,0.15185412937637344,-0.5474803052489392,0.15069756054241518,1.1,0.4,1.0131670934031738,0.42836017653951564,-0.42836017653951564,1.0131670934031738
108,A1,-0.4901361959265268,0.3872005696060511,-0.4543245229900741,0.3689443572806809,1.1,0.4,1.0131670934031738,0.42836017653951564,-0.42836017653951564,1.0131670934031738
109,A1,-0.30226558640162615,0.5684168149678289,-0.29338456328800633,0.5141956308393348,1.1,0.4,1.0131670934031738,0.42836017653951564,-0.42836017653951564,1.0131670934031738
110,A1,-0.07698665403368377,0.6466403560621193,-0.07683491521044467,0.5694039321561039,1.1,0.4,1.0131670934031738,0.42836017653951564,-0.42836017653951564,1.0131670934031738
111,A1,0.1660633611850375,0.6098143447588824,0.16455350199875857,0.5439963981560616,1.1,0.4,1.0131670934031738,0.42836017653951564,-0.42836017653951564,1.0131670934031738
112,A1,0.39974658648038675,0.48067108237518885,0.37973211094421255,0.44678089675615346,1.1,0.4,1.0131670934031738,0.42836017653951564,-0.42836017653951564,1.0131670934031738
113,A1,0.5761152229261484,0.2900015884727096,0.5198361622950045,0.2821362746991774,1.1,0.4,1.0131670934031738,0.42836017653951564,-0.42836017653951564,1.0131670934031738
114,A1,0.6475368380366312,0.06317407912825254,0.5700094467402212,0.06309017124411286,1.1,0.4,1.0131670934031738,0.42836017653951564,-0.42836017653951564,1.0131670934031738
115,A1,0.6045401312581776,-0.18024846181312648,0.5402723432806033,-0.1783214398624063,1.1,0.4,1.0131670934031738,0.42836017653951564,-0.42836017653951564,1.0131670934031738
116,A1,0.47100035622748954,-0.41210057126396005,0.43900722959511296,-0.3902547952681722,1.1,0.4,1.0131670934031738,0.42836017653951564,-0.42836017653951564,1.0131670934031738
117,A1,0.2776180657953936,-0.583446530979991,0.27069911631080035,-0.5251659260061409,1.1,0.4,1.0131670934031738,0.42836017653951564,-0.42836017653951564,1.0131670934031738
118,A1,0.049303268082892565,-0.6480375560580133,0.04926335789221281,-0.5703473796050237,1.1,0.4,1.0131670934031738,0.42836017653951564,-0.42836017653951564,1.0131670934031738
119,A1,-0.19440209108952453,-0.598959657508176,-0.19198959477468627,-0.5363088688430724,1.1,0.4,1.0131670934031738,0.42836017653951564,-0.42836017653951564,1.0131670934031738
120,A1,-0.42425090143884847,-0.4611298011006449,-0.40050553405815725,-0.431004582839933,1.1,0.4,1.0131670934031738,0.42836017653951564,-0.42836017653951564,1.0131670934031738
121,A1,-0.590404227028243,-0.2651190391651771,-0.5301862696341781,-0.2590772764923458,1.1,0.4,1.0131670934031738,0.42836017653951564,-0.42836017653951564,1.0131670934031738
122,A1,-0.6481456696631699,-0.03537788713123663,-0.5704203197745089,-0.035363134922364724,1.1,0.4,1.0131670934031738,0.42836017653951564,-0.42836017653951564,1.0131670934031738
123,A1,-0.593079256122383,0.20851658425741906,-0.5321066266364983,0.2055461912784813,1.1,0.4,1.0131670934031738,0.42836017653951564,-0.42836017653951564,1.0131670934031738
124,A1,-0.45106512150679345,0.4361859257015682,-0.4227741428432545,0.41047798230227733,1.1,0.4,1.0131670934031738,0.42836017653951564,-0.42836017653951564,1.0131670934031738
125,A1,-0.2525084285059307,0.5969823906998767,-0.24727516975779895,0.5348988243461364,1.1,0.4,1.0131670934031738,0.42836017653951564,-0.42836017653951564,1.0131670934031738
126,A1,-0.021401710186595202,0.6478647224988393,-0.021398443220552482,0.5702307566394075,1.1,0.4,1.0131670934031738,0.42836017653951564,-0.42836017653951564,1.0131670934031738
127,A1,0.22258394906119816,0.5869052791890677,0.2189794922600357,0.5276662025395004,1.1,0.4,1.0131670934031738,0.42836017653951564,-0.42836017653951564,1.0131670934031738
128,A1,0.44789400336175933,0.44081193875099356,0.4201663364787213,0.4143172307110744,1.1,0.4,1.0131670934031738,0.42836017653951564,-0.42836017653951564,1.0131670934031738
129,A1,0.603175707966765,0.23979005831640482,0.5393054751042856,0.2352974410513355,1.1,0.4,1.0131670934031738,0.42836017653951564,-0.42836017653951564,1.0131670934031738
130,A1,0.6471986140558731,0.007378635910787051,0.5697810713532919,0.007378502005559768,1.1,0.4,1.0131670934031738,0.42836017653951564,-0.42836017653951564,1.0131670934031738
131,A1,0.5804440883608598,-0.236595864883128,0.5229881274426477,-0.23227783454956347,1.1,0.4,1.0131670934031738,0.42836017653951564,-0.42836017653951564,1.0131670934031738
132,A1,0.4303757867515685,-0.45936354509196775,0.4056353113361366,-0.4295653411442857,1.1,0.4,1.0131670934031738,0.42836017653951564,-0.42836017653951564,1.0131670934031738
133,A1,0.22696766400030152,-0.6089794816885076,0.2231489700493307,-0.5434083309101599,1.1,0.4,1.0131670934031738,0.42836017653951564,-0.42836017653951564,1.0131670934031738
134,A1,-0.006687295180927366,-0.6461515713642592,-0.0066871954976157125,-0.5690735297126126,1.1,0.4,1.0131670934031738,0.42836017653951564,-0.42836017653951564,1.0131670934031738
135,A1,-0.2505436840769981,-0.5737020457876995,-0.24542966541446593,-0.5180728886075842,1.1,0.4,1.0131670934031738,0.42836017653951564,-0.42836017653951564,1.0131670934031738
136,A1,-0.47058305476716944,-0.41976210791655744,-0.43867029183151846,-0.3967300017935595,1.1,0.4,1.0131670934031738,0.42836017653951564,-0.42836017653951564,1.0131670934031738
137,A1,-0.6143896381440731,-0.2140448991314265,-0.5472096953121688,-0.21083487553140898,1.1,0.4,1.0131670934031738,0.42836017653951564,-0.42836017653951564,1.0131670934031738
138,A1,-0.6447281209847875,0.020791883657877624,-0.5681102765382792,0.020788888048631115,1.1,0.4,1.0131670934031738,0.42836017653951564,-0.42836017653951564,1.0131670934031738
139,A1,-0.5666855058581898,0.26441843563116585,-0.5129209414232936,0.25842357964694096,1.1,0.4,1.0131670934031738,0.42836017653951564,-0.42836017653951564,1.0131670934031738
140,A1,-0.40897624916792075,0.4815411720766314,-0.3876030791337479,0.44747703430255875,1.1,0.4,1.0131670934031738,0.42836017653951564,-0.42836017653951564,1.0131670934031738
141,A1,-0.2010253436688368,0.6194027296139879,-0.1983605198354432,0.5507120374323978,1.1,0.4,1.0131670934031738,0.42836017653951564,-0.42836017653951564,1.0131670934031738
142,A1,0.03493075424935968,0.6429330615627029,0.034916554171516984,0.5668933315402348,1.1,0.4,1.0131670934031738,0.42836017653951564,-0.42836017653951564,1.0131670934031738
143,A1,0.2782108312792595,0.5594008076771988,0.27124835692260263,0.5075327214982702,1.1,0.4,1.0131670934031738,0.42836017653951564,-0.42836017653951564,1.0131670934031738
144,A1,0.4922267155542398,0.39802345818998536,0.4559819602413096,0.37825648760117725,1.1,0.4,1.0131670934031738,0.42836017653951564,-0.42836017653951564,1.0131670934031738
145,A1,0.6240159331080266,0.18791251311597662,0.5539179637317836,0.18573151338606578,1.1,0.4,1.0131670934031738,0.42836017653951564,-0.42836017653951564,1.0131670934031738
146,A1,0.6407714371609424,-0.04909933916182291,0.5654245866281361,-0.04905992184089919,1.1,0.4,1.0131670934031738,0.42836017653951564,-0.42836017653951564,1.0131670934031738
147,A1,0.5518542681919373,-0.29191127416194174,0.5019086570152463,-0.2838929990879084,1.1,0.4,1.0131670934031738,0.42836017653951564,-0.42836017653951564,1.0131670934031738
148,A1,0.3869088799743986,-0.5026287256491682,0.3686923453101422,-0.46418199950377403,1.1,0.4,1.0131670934031738,0.42836017653951564,-0.42836017653951564,1.0131670934031738
149,A1,0.17470986860397406,-0.6282270453731328,0.17295371926618267,-0.5568301907041394,1.1,0.4,1.0131670934031738,0.42836017653951564,-0.42836017653951564,1.0131670934031738
150,A1,-0.06329286175037052,-0.6382485115528758,-0.06320848018031448,-0.5637058046213559,1.1,0.4,1.0131670934031738,0.42836017653951564,-0.42836017653951564,1.0131670934031738
151,A1,-0.3055098701266751,-0.5440521758738825,-0.29634676702144624,-0.49604918126934566,1.1,0.4,1.0131670934031738,0.42836017653951564,-0.42836017653951564,1.0131670934031738
152,A1,-0.5127365074433653,-0.3756375537334656,-0.4720746090846913,-0.3589129504144734,1.1,0.4,1.0131670934031738,0.42836017653951564,-0.42836017653951564,1.0131670934031738
153,A1,-0.6320344743576384,-0.1614208278688483,-0.5594515186642977,-0.16003325778321104,1.1,0.4,1.0131670934031738,0.42836017653951564,-0.42836017653951564,1.0131670934031738
154,A1,-0.6353697436213079,0.0775063206642819,-0.5617386193056843,0.0773514932622328,1.1,0.4,1.0131670934031738,0.42836017653951564,-0.42836017653951564,1.0131670934031738
155,A1,-0.5360007848648469,0.31899644173373826,-0.48995474530793304,0.3085992167073508,1.1,0.4,1.0131670934031738,0.42836017653951564,-0.42836017653951564,1.0131670934031738
156,A1,-0.3642144102540138,0.5225396726143623,-0.3489207868149184,0.47965775899447954,1.1,0.4,1.0131670934031738,0.42836017653951564,-0.42836017653951564,1.0131670934031738
157,A1,-0.14804877708379563,0.6354372273470621,-0.14697651096520503,0.5617848067721684,1.1,0.4,1.0131670934031738,0.42836017653951564,-0.42836017653951564,1.0131670934031738
158,A1,0.09173447459298723,0.6321407639796387,0.0914780160799715,0.5595245367802659,1.1,0.4,1.0131670934031738,0.42836017653951564,-0.42836017653951564,1.0131670934031738
159,A1,0.33236054501541895,0.527706309499918,0.32064023415827436,0.4836258305896748,1.1,0.4,1.0131670934031738,0.42836017653951564,-0.42836017653951564,1.0131670934031738
160,A1,0.5320281802407149,0.3526442697635265,0.4869299152724074,0.33871852945408515,1.1,0.4,1.0131670934031738,0.42836017653951564,-0.42836017653951564,1.0131670934031738
161,A1,0.6384348960217557,0.13459708350033292,0.5638329494121544,0.13379012690641956,1.1,0.4,1.0131670934031738,0.42836017653951564,-0.42836017653951564,1.0131670934031738
162,A1,0.6285673529017293,-0.10597182774516742,0.5570649380354701,-0.1055769127390237,1.1,0.4,1.0131670934031738,0.42836017653951564,-0.42836017653951564,1.0131670934031738
163,A1,0.5191749191268311,-0.34559148901112546,0.47706296158092165,-0.33246006883039375,1.1,0.4,1.0131670934031738,0.42836017653951564,-0.42836017653951564,1.0131670934031738
164,A1,0.34093184037872537,-0.5411923760527769,0.32830904925392723,-0.49389002038897883,1.1,0.4,1.0131670934031738,0.42836017653951564,-0.42836017653951564,1.0131670934031738
165,A1,0.12106910884563293,-0.6410276387162688,0.12048102386729574,-0.5655988540260029,1.1,0.4,1.0131670934031738,0.42836017653951564,-0.42836017653951564,1.0131670934031738
166,A1,-0.1202126161992599,-0.6246554196191477,-0.11963687688957823,-0.5543610827000751,1.1,0.4,1.0131670934031738,0.42836017653951564,-0.42836017653951564,1.0131670934031738
167,A1,-0.35867835807408854,-0.5104127331500156,-0.34404936518384427,-0.4702667182093327,1.1,0.4,1.0131670934031738,0.42836017653951564,-0.42836017653951564,1.0131670934031738
168,A1,-0.550023029743331,-0.3290817172039392,-0.500537471312213,-0.31769541775436555,1.1,0.4,1.0131670934031738,0.42836017653951564,-0.42836017653951564,1.0131670934031738
169,A1,-0.6432161601838247,-0.1074682234177553,-0.5670854204768594,-0.10705639402054463,1.1,0.4,1.0131670934031738,0.42836017653951564,-0.42836017653951564,1.0131670934031738
170,A1,-0.6204109830181808,0.13445079526843284,-0.5514141138940836,0.1336464543934065,1.1,0.4,1.0131670934031738,0.42836017653951564,-0.42836017653951564,1.0131670934031738
171,A1,-0.5014258162377153,0.3716100369154577,-0.4632377480976744,0.3553991920586036,1.1,0.4,1.0131670934031738,0.42836017653951564,-0.42836017653951564,1.0131670934031738
172,A1,-0.3170983821425277,0.5585113699707391,-0.306880911513613,0.5068720955286019,1.1,0.4,1.0131670934031738,0.42836017653951564,-0.42836017653951564,1.0131670934031738
173,A1,-0.09379782081557772,0.6450016891864682,-0.0935237067232234,0.5682955220032124,1.1,0.4,1.0131670934031738,0.42836017653951564,-0.42836017653951564,1.0131670934031738
174,A1,0.14868002802685315,0.6158401537446241,0.14759406818715665,0.5482250641215658,1.1,0.4,1.0131670934031738,0.42836017653951564,-0.42836017653951564,1.0131670934031738
175,A1,0.38437523831923254,0.4922201736419797,0.36650106955802586,0.4559767785050331,1.1,0.4,1.0131670934031738,0.42836017653951564,-0.42836017653951564,1.0131670934031738
176,A1,0.5666491167115951,0.3049862044794899,0.5128941253200695,0.2958690163309953,1.1,0.4,1.0131670934031738,0.42836017653951564,-0.42836017653951564,1.0131670934031738
177,A1,0.6463859542422159,0.08006133323594528,0.5692319878037249,0.07989071118465695,1.1,0.4,1.0131670934031738,0.42836017653951564,-0.42836017653951564,1.0131670934031738
178,A1,0.6109491177021379,-0.1628936751466717,0.5447948621360816,-0.16146804527090866,1.1,0.4,1.0131670934031738,0.42836017653951564,-0.42836017653951564,1.0131670934031738
179,A1,0.48280174659365965,-0.3969625334270516,0.44848462790828403,-0.3773469931596726,1.1,0.4,1.0131670934031738,0.42836017653951564,-0.42836017653951564,1.0131670934031738
180,A1,0.29274944228730726,-0.5744285106500643,0.28466343135147654,-0.5186041706034284,1.1,0.4,1.0131670934031738,0.42836017653951564,-0.42836017653951564,1.0131670934031738
181,A1,0.06626224726673569,-0.647371157865102,0.06616543839194199,-0.5698975872777918,1.1,0.4,1.0131670934031738,0.42836017653951564,-0.42836017653951564,1.0131670934031738
182,A1,-0.1770847861964483,-0.6057441209101085,-0.17525664571618685,-0.5411243407094206,1.1,0.4,1.0131670934031738,0.42836017653951564,-0.42836017653951564,1.0131670934031738
183,A1,-0.4093603844559752,-0.47317640774756325,-0.3879294548054295,-0.44076221716358316,1.1,0.4,1.0131670934031738,0.42836017653951564,-0.42836017653951564,1.0131670934031738
184,A1,-0.5818423393268357,-0.2803922447002342,-0.52400319063899,-0.2732680731076873,1.1,0.4,1.0131670934031738,0.42836017653951564,-0.42836017653951564,1.0131670934031738
185,A1,-0.647959949632717,-0.052404120101014334,-0.5702950159321567,-0.05235620214871647,1.1,0.4,1.0131670934031738,0.42836017653951564,-0.42836017653951564,1.0131670934031738
186,A1,-0.6002314556696626,0.19124609255166045,-0.5372142452326252,0.18894809355222858,1.1,0.4,1.0131670934031738,0.42836017653951564,-0.42836017653951564,1.0131670934031738
187,A1,-0.46334995666628115,0.42155717967577233,-0.4328105801958115,0.39824146075965855,1.1,0.4,1.0131670934031738,0.42836017653951564,-0.42836017653951564,1.0131670934031738
188,A1,-0.26791865509476964,0.5888839598113453,-0.2616870795499999,0.5290924649105833,1.1,0.4,1.0131670934031738,0.42836017653951564,-0.42836017653951564,1.0131670934031738
189,A1,-0.03849059609401362,0.6481553984091246,-0.0384715990789647,0.5704268829510917,1.1,0.4,1.0131670934031738,0.42836017653951564,-0.42836017653951564,1.0131670934031738
190,A1,0.20537000206640837,0.5944174479718128,0.20253060935396283,0.5330652430765053,1.1,0.4,1.0131670934031738,0.42836017653951564,-0.42836017653951564,1.0131670934031738
191,A1,0.43354127043565976,0.45332811534455997,0.40827654606470354,0.4246308741731866,1.1,0.4,1.0131670934031738,0.42836017653951564,-0.42836017653951564,1.0131670934031738
192,A1,0.5955473177060178,0.2553326152060762,0.5338735634708126,0.24992481410813483,1.1,0.4,1.0131670934031738,0.42836017653951564,-0.42836017653951564,1.0131670934031738
193,A1,0.6479609640394843,0.024525423581129885,0.5702957004165177,0.02452050744592905,1.1,0.4,1.0131670934031738,0.42836017653951564,-0.42836017653951564,1.0131670934031738
194,A1,0.588308446069707,-0.21944859565238342,0.5286779336371261,-0.21599244432071404,1.1,0.4,1.0131670934031738,0.42836017653951564,-0.42836017653951564,1.0131670934031738
195,A1,0.4431165237891005,-0.44530100999481037,0.4162243891344614,-0.41802878546672045,1.1,0.4,1.0131670934031738,0.42836017653951564,-0.42836017653951564,1.0131670934031738
196,A1,0.24263797020175012,-0.601826962339866,0.2379858698189577,-0.5383483170334763,1.1,0.4,1.0131670934031738,0.42836017653951564,-0.42836017653951564,1.0131670934031738
197,A1,0.010512471871288426,-0.6473804688168564,0.010512084636748346,-0.5699038741549217,1.1,0.4,1.0131670934031738,0.42836017653951564,-0.42836017653951564,1.0131670934031738
198,A1,-0.2334736259065337,-0.581910810127546,-0.22932191560198675,-0.5240528589900475,1.1,0.4,1.0131670934031738,0.42836017653951564,-0.42836017653951564,1.0131670934031738
199,A1,-0.4568247938771275,-0.43272073568092273,-0.42749280073069207,-0.40759255704700664,1.1,0.4,1.0131670934031738,0.42836017653951564,-0.42836017653951564,1.0131670934031738
200,A1,-0.6077180580599458,-0.2298384747257118,-0.5425187870802513,-0.2258750735446407,1.1,0.4,1.0131670934031738,0.42836017653951564,-0.42836017653951564,1.0131670934031738
201,A1,-0.6464180690021719,0.0035442516742485997,-0.5692536961799368,0.0035442368336908708,1.1,0.4,1.0131670934031738,0.42836017653951564,-0.42836017653951564,1.0131670934031738
202,A1,-0.5752309028518623,0.24743651792253257,-0.5191905150754462,0.24250744259662854,1.1,0.4,1.0131670934031738,0.42836017653951564,-0.42836017653951564,1.0131670934031738
203,A1,-0.4221462141586482,0.46810110143962336,-0.3987369602853394,0.4366637643106568,1.1,0.4,1.0131670934031738,0.42836017653951564,-0.42836017653951564,1.0131670934031738
204,A1,-0.21693779991619166,0.6132163915817745,-0.21359749029334885,0.5463872362315695,1.1,0.4,1.0131670934031738,0.42836017653951564,-0.42836017653951564,1.0131670934031738
205,A1,0.01764058457236825,0.645078226655789,0.0176387549409581,0.5683473386928088,1.1,0.4,1.0131670934031738,0.42836017653951564,-0.42836017653951564,1.0131670934031738
206,A1,0.2613283724129969,0.5682750810063762,0.25553758392499704,0.5140913633346796,1.1,0.4,1.0131670934031738,0.42836017653951564,-0.42836017653951564,1.0131670934031738
207,A1,0.47911853831604245,0.4113983277708793,0.4455373993886155,0.3896593395309888,1.1,0.4,1.0131670934031738,0.42836017653951564,-0.42836017653951564,1.0131670934031738
208,A1,0.6183183754127379,0.20393954139294831,0.5499560991125818,0.20115842764127276,1.1,0.4,1.0131670934031738,0.42836017653951564,-0.42836017653951564,1.0131670934031738
209,A1,0.6433656820140692,-0.03177219225798791,0.5671868495975267,-0.03176150552486937,1.1,0.4,1.0131670934031738,0.42836017653951564,-0.42836017653951564,1.0131670934031738
210,A1,0.5610496877094354,-0.275139971259229,0.5087558427174094,-0.26840107475113933,1.1,0.4,1.0131670934031738,0.42836017653951564,-0.42836017653951564,1.0131670934031738
211,A1,0.40048234665408605,-0.4898658793738394,0.38036160110566625,-0.4541099763422059,1.1,0.4,1.0131670934031738,0.42836017653951564,-0.42836017653951564,1.0131670934031738
212,A1,0.19084722820010272,-0.6230210474144928,0.18856344024040766,-0.5532279539247101,1.1,0.4,1.0131670934031738,0.42836017653951564,-0.42836017653951564,1.0131670934031738
213,A1,-0.04593455133930696,-0.6412854266175629,-0.04590227154204662,-0.5657741494829257,1.1,0.4,1.0131670934031738,0.42836017653951564,-0.42836017653951564,1.0131670934031738
214,A1,-0.28886178559285897,-0.5535610454129527,-0.28108686411400713,-0.5031843819771632,1.1,0.4,1.0131670934031738,0.42836017653951564,-0.42836017653951564,1.0131670934031738
215,A1,-0.5003321118038662,-0.3894034389988599,-0.4623783057460004,-0.37084582376021574,1.1,0.4,1.0131670934031738,0.42836017653951564,-0.42836017653951564,1.0131670934031738
216,A1,-0.6273220666202274,-0.17766433268244455,-0.556205494911974,-0.17581833438128222,1.1,0.4,1.0131670934031738,0.42836017653951564,-0.42836017653951564,1.0131670934031738
217,A1,-0.6388426773692881,0.06012293318067083,-0.5641110300204082,0.06005059430731861,1.1,0.4,1.0131670934031738,0.42836017653951564,-0.42836017653951564,1.0131670934031738
218,A1,-0.5458154494636617,0.30248398649890923,-0.49737741217229225,0.2935841519138264,1.1,0.4,1.0131670934031738,0.42836017653951564,-0.42836017653951564,1.0131670934031738
219,A1,-0.37816666787198305,0.5105064779486579,-0.3611142649514734,0.4703397280531908,1.1,0.4,1.0131670934031738,0.42836017653951564,-0.42836017653951564,1.0131670934031738
220,A1,-0.1643942812648953,0.6312197054692411,-0.1629291725642135,0.5588915058894492,1.1,0.4,1.0131670934031738,0.42836017653951564,-0.42836017653951564,1.0131670934031738
221,A1,0.07433238793177191,0.6360428516727797,0.07419578681802629,0.5621991537228707,1.1,0.4,1.0131670934031738,0.42836017653951564,-0.42836017653951564,1.0131670934031738
222,A1,0.31599645841227636,0.537819162151267,0.30588242519225267,0.49133537928878657,1.1,0.4,1.0131670934031738,0.42836017653951564,-0.42836017653951564,1.0131670934031738
223,A1,0.5203785174674028,0.3667769884644773,0.47799210014256704,0.3511693666477142,1.1,0.4,1.0131670934031738,0.42836017653951564,-0.42836017653951564,1.0131670934031738
224,A1,0.6347128386636082,0.15104046609713417,0.5612888349792532,0.14990227801699024,1.1,0.4,1.0131670934031738,0.42836017653951564,-0.42836017653951564,1.0131670934031738
225,A1,0.6328915437706171,-0.08855772912838347,0.5600400550078154,-0.0883269492362675,1.1,0.4,1.0131670934031738,0.42836017653951564,-0.42836017653951564,1.0131670934031738
226,A1,0.5295784071535775,-0.3293888152592267,0.485058756901519,-0.3179714933430884,1.1,0.4,1.0131670934031738,0.42836017653951564,-0.42836017653951564,1.0131670934031738
227,A1,0.35523924583668987,-0.5299381084338561,0.34101376071059486,-0.4853337789493391,1.1,0.4,1.0131670934031738,0.42836017653951564,-0.42836017653951564,1.0131670934031738
228,A1,0.13760625751830965,-0.6378009288888749,0.13674423908155295,-0.5634003706777075,1.1,0.4,1.0131670934031738,0.42836017653951564,-0.42836017653951564,1.0131670934031738
229,A1,-0.10279351899604566,-0.6293945023755394,-0.10243298658202554,-0.5576351425053374,1.1,0.4,1.0131670934031738,0.42836017653951564,-0.42836017653951564,1.0131670934031738
230,A1,-0.3426504193721414,-0.521099364295851,-0.3298415218942513,-0.47854805879134293,1.1,0.4,1.0131670934031738,0.42836017653951564,-0.42836017653951564,1.0131670934031738
231,A1,-0.5391755069677802,-0.34355817323067206,-0.4923636024268938,-0.330650273907247,1.1,0.4,1.0131670934031738,0.42836017653951564,-0.42836017653951564,1.0131670934031738
232,A1,-0.6404840096721194,-0.1240950172903526,-0.5652290193561118,-0.12346191337763505,1.1,0.4,1.0131670934031738,0.42836017653951564,-0.42836017653951564,1.0131670934031738
233,A1,-0.6255576096585082,0.11703405459382843,-0.5549857025495829,0.11650262866499381,1.1,0.4,1.0131670934031738,0.42836017653951564,-0.42836017653951564,1.0131670934031738
234,A1,-0.512388164550225,0.35577040317938746,-0.4718038514372509,0.3414830645113645,1.1,0.4,1.0131670934031738,0.42836017653951564,-0.42836017653951564,1.0131670934031738
235,A1,-0.33173839101775937,0.548081385011072,-0.32008193261030726,0.4990808681096637,1.1,0.4,1.0131670934031738,0.42836017653951564,-0.42836017653951564,1.0131670934031738
236,A1,-0.11051011254270532,0.6427626656758613,-0.11006243163781605,0.5667776842771863,1.1,0.4,1.0131670934031738,0.42836017653951564,-0.42836017653951564,1.0131670934031738
237,A1,0.13127335494026177,0.6213868616316418,0.13052445225490214,0.5520929037903233,1.1,0.4,1.0131670934031738,0.42836017653951564,-0.42836017653951564,1.0131670934031738
238,A1,0.36873769364297726,0.5034508852111264,0.35288709288875464,0.4648267663056581,1.1,0.4,1.0131670934031738,0.42836017653951564,-0.42836017653951564,1.0131670934031738
239,A1,0.5566468658765793,0.31978440634555655,0.5054853095647198,0.30931196724610105,1.1,0.4,1.0131670934031738,0.42836017653951564,-0.42836017653951564,1.0131670934031738
240,A1,0.6446380107450154,0.0968549303662748,0.5680492461899485,0.09655320109633575,1.1,0.4,1.0131670934031738,0.42836017653951564,-0.42836017653951564,1.0131670934031738
241,A1,0.6168883499392157,-0.14550514926751845,0.548957802859409,-0.14448690545953527,1.1,0.4,1.0131670934031738,0.42836017653951564,-0.42836017653951564,1.0131670934031738
242,A1,0.494293545193765,-0.38154103938485756,0.4576175118629353,-0.3640450242146211,1.1,0.4,1.0131670934031738,0.42836017653951564,-0.42836017653951564,1.0131670934031738
243,A1,0.30770061354365524,-0.5648635572205966,0.2983438165518471,-0.5115770710315027,1.1,0.4,1.0131670934031738,0.42836017653951564,-0.42836017653951564,1.0131670934031738
244,A1,0.08313289299002177,-0.6461116640363187,0.08294190830358726,-0.5690465455478056,1.1,0.4,1.0131670934031738,0.42836017653951564,-0.42836017653951564,1.0131670934031738
245,A1,-0.1597228665528015,-0.6120682450472359,-0.15837833424685424,-0.5455813510250331,1.1,0.4,1.0131670934031738,0.42836017653951564,-0.42836017653951564,1.0131670934031738
246,A1,-0.3941690404086723,-0.48492210041499256,-0.3749487459234481,-0.4501768852426461,1.1,0.4,1.0131670934031738,0.42836017653951564,-0.42836017653951564,1.0131670934031738
247,A1,-0.5727235811189741,-0.2954912953415476,-0.5173566805554677,-0.2871811317015915,1.1,0.4,1.0131670934031738,0.42836017653951564,-0.42836017653951564,1.0131670934031738
248,A1,-0.6471857245656091,-0.06934747346969758,-0.5697723663781603,-0.06923652122965608,1.1,0.4,1.0131670934031738,0.42836017653951564,-0.42836017653951564,1.0131670934031738
249,A1,-0.6069327808017263,0.17391962647748854,-0.5419644017649374,0.17218701101324713,1.1,0.4,1.0131670934031738,0.42836017653951564,-0.42836017653951564,1.0131670934031738
250,A1,-0.47534243922872554,0.4066101802882335,-0.4425057835055947,0.38559063748002426,1.1,0.4,1.0131670934031738,0.42836017653951564,-0.42836017653951564,1.0131670934031738
251,A1,-0.2831606249455299,0.5802196009613263,-0.27582778035758637,0.5228250219226717,1.1,0.4,1.0131670934031738,0.42836017653951564,-0.42836017653951564,1.0131670934031738
252,A1,-0.05550221181467305,0.6478627445083223,-0.05544529051375557,0.5702294218169445,1.1,0.4,1.0131670934031738,0.42836017653951564,-0.42836017653951564,1.0131670934031738
253,A1,0.18808823196481597,0.6014882403080031,0.1859011650646312,0.5381077191879137,1.1,0.4,1.0131670934031738,0.42836017653951564,-0.42836017653951564,1.0131670934031738
254,A1,0.4188528606574068,0.4655603779014427,0.39596358897525774,0.4346052144386827,1.1,0.4,1.0131670934031738,0.42836017653951564,-0.42836017653951564,1.0131670934031738
255,A1,0.587344844917499,0.2707126690140417,0.5279833056989038,0.2642878506989837,1.1,0.4,1.0131670934031738,0.42836017653951564,-0.42836017653951564,1.0131670934031738
256,A1,0.6481457015830235,0.04160073147536175,0.5704203413083012,0.04157674971200998,1.1,0.4,1.0131670934031738,0.42836017653951564,-0.42836017653951564,1.0131670934031738
257,A1,0.5957409430679537,-0.2022211634456863,0.534011987231197,-0.19950901484170105,1.1,0.4,1.0131670934031738,0.42836017653951564,-0.42836017653951564,1.0131670934031738
258,A1,0.45558165612666873,-0.4308854377994701,0.4264763068476295,-0.40606101635375474,1.1,0.4,1.0131670934031738,0.42836017653951564,-0.42836017653951564,1.0131670934031738
259,A1,0.25815139156302325,-0.5940931257746436,0.25256565547305965,-0.5328330396693921,1.1,0.4,1.0131670934031738,0.42836017653951564,-0.42836017653951564,1.0131670934031738
260,A1,0.027646756110239673,-0.6480379708372743,0.02763971439384094,-0.5703476594581287,1.1,0.4,1.0131670934031738,0.42836017653951564,-0.42836017653951564,1.0131670934031738
261,A1,-0.21631057499948186,-0.5896972332997429,-0.21299880168590324,-0.5296778195596135,1.1,0.4,1.0131670934031738,0.42836017653951564,-0.42836017653951564,1.0131670934031738
262,A1,-0.44269626109808735,-0.4454119325904655,-0.4158768731361624,-0.41812032030862734,1.1,0.4,1.0131670934031738,0.42836017653951564,-0.42836017653951564,1.0131670934031738
263,A1,-0.6004588569911286,-0.2454806588245877,-0.537375998963934,-0.2406657361057469,1.1,0.4,1.0131670934031738,0.42836017653951564,-0.42836017653951564,1.0131670934031738
264,A1,-0.6475432961401861,-0.013644126547705526,-0.5700138065203323,-0.013643279937258704,1.1,0.4,1.0131670934031738,0.42836017653951564,-0.42836017653951564,1.0131670934031738
265,A1,-0.5833634693543863,0.23034829251249261,-0.5251057700906373,0.22635882490958223,1.1,0.4,1.0131670934031738,0.42836017653951564,-0.42836017653951564,1.0131670934031738
266,A1,-0.43505678061242026,0.45427371307774306,-0.409538654354758,0.4254056585447471,1.1,0.4,1.0131670934031738,0.42836017653951564,-0.42836017653951564,1.0131670934031738
267,A1,-0.23270424507372042,0.6064370648642042,-0.22859286689812391,0.5416141961380908,1.1,0.4,1.0131670934031738,0.42836017653951564,-0.42836017653951564,1.0131670934031738
268,A1,0.00040318214614964987,0.6466657616672803,0.0004031821243031134,0.5694211004863091,1.1,0.4,1.0131670934031738,0.42836017653951564,-0.42836017653951564,1.0131670934031738
269,A1,0.24432581399063294,0.5767460141362063,0.23957747790304085,0.5202963440678526,1.1,0.4,1.0131670934031738,0.42836017653951564,-0.42836017653951564,1.0131670934031738
270,A1,0.4656062507296569,0.4245216838980854,0.4346424219876508,0.40073285708420003,1.1,0.4,1.0131670934031738,0.42836017653951564,-0.42836017653951564,1.0131670934031738
271,A1,0.6120233967607163,0.21982583942895562,0.5455498514643831,0.21635205932382984,1.1,0.4,1.0131670934031738,0.42836017653951564,-0.42836017653951564,1.0131670934031738
272,A1,0.6454097636413457,-0.014491043587473967,0.5685717407412637,-0.014490029346255717,1.1,0.4,1.0131670934031738,0.42836017653951564,-0.42836017653951564,1.0131670934031738
273,A1,0.5698512264291842,-0.25823431215538006,0.5152500096037181,-0.25264328498376176,1.1,0.4,1.0131670934031738,0.42836017653951564,-0.42836017653951564,1.0131670934031738
274,A1,0.4138120324489891,-0.4766824477906635,0.3917046331886004,-0.44358276390473245,1.1,0.4,1.0131670934031738,0.42836017653951564,-0.42836017653951564,1.0131670934031738
275,A1,0.20684905362413314,-0.6172141254131192,0.20394856642930448,-0.5491853636687615,1.1,0.4,1.0131670934031738,0.42836017653951564,-0.42836017653951564,1.0131670934031738
276,A1,-0.028615163081146255,-0.643779982568482,-0.028607355343708483,-0.5674678032452524,1.1,0.4,1.0131670934031738,0.42836017653951564,-0.42836017653951564,1.0131670934031738
277,A1,-0.2720646394421643,-0.5626854530285168,-0.26554493866946394,-0.5099672096110599,1.1,0.4,1.0131670934031738,0.42836017653951564,-0.42836017653951564,1.0131670934031738
278,A1,-0.48749103761802265,-0.40293311868493825,-0.45222283302480115,-0.38245585141114385,1.1,0.4,1.0131670934031738,0.42836017653951564,-0.42836017653951564,1.0131670934031738
279,A1,-0.6220061493353349,-0.19377743073956102,-0.5525232813275063,-0.19138788732455264,1.1,0.4,1.0131670934031738,0.42836017653951564,-0.42836017653951564,1.0131670934031738
280,A1,-0.6417813561820439,0.042771060818451945,-0.566111237192189,0.04274499861463284,1.1,0.4,1.0131670934031738,0.42836017653951564,-0.42836017653951564,1.0131670934031738
281,A1,-0.5552550215761395,0.28580733550855997,-0.5044483740414264,0.2782713370376066,1.1,0.4,1.0131670934031738,0.42836017653951564,-0.42836017653951564,1.0131670934031738
282,A1,-0.39189013384019283,0.4980209562832638,-0.3729885514545137,0.4605593201293213,1.1,0.4,1.0131670934031738,0.42836017653951564,-0.42836017653951564,1.0131670934031738
283,A1,-0.1806144548723144,0.62639698946344,-0.1786757717370756,0.5555662751185538,1.1,0.4,1.0131670934031738,0.42836017653951564,-0.42836017653951564,1.0131670934031738
284,A1,0.056954055376762985,0.6394190532793211,0.05689255332858434,0.5645038630962148,1.1,0.4,1.0131670934031738,0.42836017653951564,-0.42836017653951564,1.0131670934031738
285,A1,0.29945263734534,0.5475662340004389,0.2908116208198796,0.49869393234743287,1.1,0.4,1.0131670934031738,0.42836017653951564,-0.42836017653951564,1.0131670934031738
286,A1,0.508261385493475,0.38068816470010125,0.4685894484602929,0.3633049503688075,1.1,0.4,1.0131670934031738,0.42836017653951564,-0.42836017653951564,1.0131670934031738
287,A1,0.6303847821735735,0.16736356171714367,0.5583171110995052,0.16581822458605555,1.1,0.4,1.0131670934031738,0.42836017653951564,-0.42836017653951564,1.0131670934031738
288,A1,0.6366984486070943,-0.07115924763848783,0.5626473722516574,-0.07103938217887368,1.1,0.4,1.0131670934031738,0.42836017653951564,-0.42836017653951564,1.0131670934031738
289,A1,0.5396253604637448,-0.31299049206654117,0.49270432608562587,-0.3031552098714992,1.1,0.4,1.0131670934031738,0.42836017653951564,-0.42836017653951564,1.0131670934031738
290,A1,0.3693321907479138,-0.5182017949393578,0.3534074484582845,-0.4763109609490684,1.1,0.4,1.0131670934031738,0.42836017653951564,-0.42836017653951564,1.0131670934031738
291,A1,0.15402815002166276,-0.6339682688728108,0.1528215105181759,-0.5607786251626087,1.1,0.4,1.0131670934031738,0.42836017653951564,-0.42836017653951564,1.0131670934031738
292,A1,-0.0853815052530591,-0.6336250989232295,-0.0851746313777367,-0.5605433275101123,1.1,0.4,1.0131670934031738,0.42836017653951564,-0.42836017653951564,1.0131670934031738
293,A1,-0.3264105724349475,-0.5314386337263083,-0.3152918386520049,-0.4864800215763519,1.1,0.4,1.0131670934031738,0.42836017653951564,-0.42836017653951564,1.0131670934031738
294,A1,-0.5278319836661877,-0.35782708179278444,-0.4837221044775712,-0.3432986347533621,1.1,0.4,1.0131670934031738,0.42836017653951564,-0.42836017653951564,1.0131670934031738
295,A1,-0.6371467823971321,-0.14061159387226324,-0.5629536987951809,-0.1396921583310183,1.1,0.4,1.0131670934031738,0.42836017653951564,-0.42836017653951564,1.0131670934031738
296,A1,-0.6302047203327401,0.09961544777202322,-0.5581931653158216,0.09928724785264334,1.1,0.4,1.0131670934031738,0.42836017653951564,-0.42836017653951564,1.0131670934031738
297,A1,-0.5230122438422673,0.3397022951566996,-0.48002152253779085,0.32721159035686875,1.1,0.4,1.0131670934031738,0.42836017653951564,-0.42836017653951564,1.0131670934031738
298,A1,-0.3461775961495357,0.5371421200667539,-0.3329812921003701,0.49082161141309755,1.1,0.4,1.0131670934031738,0.42836017653951564,-0.42836017653951564,1.0131670934031738
299,A1,-0.12711725576064117,0.6399202304833407,-0.126436965195179,0.5648452362525781,1.1,0.4,1.0131670934031738,0.42836017653951564,-0.42836017653951564,1.0131670934031738
300,A1,0.11385543259314101,0.6264431669687811,0.11336599867742546,0.5555981989384057,1.1,0.4,1.0131670934031738,0.42836017653951564,-0.42836017653951564,1.0131670934031738
301,A1,0.35285484195304756,0.5143523331114224,0.3389049293476309,0.47332938261287744,1.1,0.4,1.0131670934031738,0.42836017653951564,-0.42836017653951564,1.0131670934031738
302,A1,0.5461227801045393,0.33438837943874455,0.4976086786822159,0.32245840192607267,1.1,0.4,1.0131670934031738,0.42836017653951564,-0.42836017653951564,1.0131670934031738
303,A1,0.6422890766083571,0.11354850037496231,0.5664561432302353,0.11306300057245997,1.1,0.4,1.0131670934031738,0.42836017653951564,-0.42836017653951564,1.0131670934031738
304,A1,0.6223464110622557,-0.12809554185455613,0.552759622840014,-0.12739949274451642,1.1,0.4,1.0131670934031738,0.42836017653951564,-0.42836017653951564,1.0131670934031738
305,A1,0.5054649912203658,-0.3658571833886649,0.4664042177104341,-0.3503627315424134,1.1,0.4,1.0131670934031738,0.42836017653951564,-0.42836017653951564,1.0131670934031738
306,A1,0.3224639640722865,-0.5547649833908397,0.3117331487367822,-0.5040829446679733,1.1,0.4,1.0131670934031738,0.42836017653951564,-0.42836017653951564,1.0131670934031738
307,A1,0.09990870905453292,-0.6442543185094706,0.09957760971504745,-0.567789307101737,1.1,0.4,1.0131670934031738,0.42836017653951564,-0.42836017653951564,1.0131670934031738
308,A1,-0.14232957042431907,-0.6179205244185897,-0.14137620465453302,-0.5496785181120789,1.1,0.4,1.0131670934031738,0.42836017653951564,-0.42836017653951564,1.0131670934031738
309,A1,-0.37869810540467497,-0.49635625051747634,-0.36157631244842436,-0.45924671808562606,1.1,0.4,1.0131670934031738,0.42836017653951564,-0.42836017653951564,1.0131670934031738
310,A1,-0.5630602267611599,-0.31040876948484636,-0.5102444642276708,-0.30080892441294493,1.1,0.4,1.0131670934031738,0.42836017653951564,-0.42836017653951564,1.0131670934031738
311,A1,-0.6458174647127998,-0.08620129484232278,-0.5688475787715948,-0.08598841661976805,1.1,0.4,1.0131670934031738,0.42836017653951564,-0.42836017653951564,1.0131670934031738
312,A1,-0.6131716612970468,0.1565510151336848,-0.5463558589150047,0.1552845007670881,1.1,0.4,1.0131670934031738,0.42836017653951564,-0.42836017653951564,1.0131670934031738
313,A1,-0.48703208137826937,0.39136623847098373,-0.4518576600898907,0.3725374525432042,1.1,0.4,1.0131670934031738,0.42836017653951564,-0.42836017653951564,1.0131670934031738
314,A1,-0.29822710316624546,0.571000515023859,-0.28968933235932365,0.5160936821360207,1.1,0.4,1.0131670934031738,0.42836017653951564,-0.42836017653951564,1.0131670934031738
315,A1,-0.07242971806568743,0.6469805094045479,-0.07230332630252667,0.5696337561745685,1.1,0.4,1.0131670934031738,0.42836017653951564,-0.42836017653951564,1.0131670934031738
316,A1,0.17075306540449336,0.6081060426670643,0.1691126673226397,0.5427925198523269,1.1,0.4,1.0131670934031738,0.42836017653951564,-0.42836017653951564,1.0131670934031738
317,A1,0.40385008923720805,0.4774983876303722,0.3832384197415847,0.4442379175268505,1.1,0.4,1.0131670934031738,0.42836017653951564,-0.42836017653951564,1.0131670934031738
318,A1,0.5785783885873553,0.2859231625429277,0.5216314052608564,0.2783781915683203,1.1,0.4,1.0131670934031738,0.42836017653951564,-0.42836017653951564,1.0131670934031738
319,A1,0.6477459059809116,0.05859750237201089,0.570150569438127,0.058530526251048896,1.1,0.4,1.0131670934031738,0.42836017653951564,-0.42836017653951564,1.0131670934031738
320,A1,0.6027299417976416,-0.1849285954214881,0.5389892842090866,-0.18284894051001943,1.1,0.4,1.0131670934031738,0.42836017653951564,-0.42836017653951564,1.0131670934031738
321,A1,0.46776100202064214,-0.41613807452509777,0.43638847255834085,-0.3936719887201866,1.1,0.4,1.0131670934031738,0.42836017653951564,-0.42836017653951564,1.0131670934031738
322,A1,0.27350103774974355,-0.5857869477107789,0.2668795406495494,-0.5268587737761375,1.1,0.4,1.0131670934031738,0.42836017653951564,-0.42836017653951564,1.0131670934031738
323,A1,0.044708251142539124,-0.6481165396081553,0.044678486909173705,-0.5704006677110639,1.1,0.4,1.0131670934031738,0.42836017653951564,-0.42836017653951564,1.0131670934031738
324,A1,-0.19907015799954964,-0.5970496711199802,-0.1964815383188109,-0.53494685298241,1.1,0.4,1.0131670934031738,0.42836017653951564,-0.42836017653951564,1.0131670934031738
325,A1,-0.42821855746865745,-0.4578256817203618,-0.40383145691023636,-0.428310426113497,1.1,0.4,1.0131670934031738,0.42836017653951564,-0.42836017653951564,1.0131670934031738
326,A1,-0.5926198731662059,-0.26096471532540794,-0.5317772317103098,-0.2551976418725206,1.1,0.4,1.0131670934031738,0.42836017653951564,-0.42836017653951564,1.0131670934031738
327,A1,-0.6480956991149016,-0.03076566420420257,-0.5703866076494064,-0.030755961043248615,1.1,0.4,1.0131670934031738,0.42836017653951564,-0.42836017653951564,1.0131670934031738
328,A1,-0.5910715702903739,0.21316998029346573,-0.5306658546305381,0.2099986939807997,1.1,0.4,1.0131670934031738,0.42836017653951564,-0.42836017653951564,1.0131670934031738
329,A1,-0.4476981038776503,0.4400798855720196,-0.42000500776366045,0.41371065701185705,1.1,0.4,1.0131670934031738,0.42836017653951564,-0.42836017653951564,1.0131670934031738
330,A1,-0.2483180828568072,0.5990714431477429,-0.2433369852612382,0.5363884971176408,1.1,0.4,1.0131670934031738,0.42836017653951564,-0.42836017653951564,1.0131670934031738
331,A1,-0.016773554755541542,0.6476870485246743,-0.01677198184072135,0.5701108435405281,1.1,0.4,1.0131670934031738,0.42836017653951564,-0.42836017653951564,1.0131670934031738
332,A1,0.22721996149393833,0.5848019953697974,0.22338869077115475,0.5261468554648416,1.1,0.4,1.0131670934031738,0.42836017653951564,-0.42836017653951564,1.0131670934031738
333,A1,0.45171043042038184,0.4373838612388703,0.423303965927989,0.41147358503648346,1.1,0.4,1.0131670934031738,0.42836017653951564,-0.42836017653951564,1.0131670934031738
334,A1,0.6051365463128722,0.23556493458880712,0.5406945321465844,0.23130229276977252,1.1,0.4,1.0131670934031738,0.42836017653951564,-0.42836017653951564,1.0131670934031738
335,A1,0.6468945985187983,0.002735866418778682,0.5695757190377211,0.002735859592844266,1.1,0.4,1.0131670934031738,0.42836017653951564,-0.42836017653951564,1.0131670934031738
336,A1,0.5782473090286487,-0.24121167264797855,0.5213903706076797,-0.2366398979086852,1.1,0.4,1.0131670934031738,0.42836017653951564,-0.42836017653951564,1.0131670934031738
337,A1,0.4268884578725291,-0.4630986287468755,0.4027176721537339,-0.4326063100628192,1.1,0.4,1.0131670934031738,0.42836017653951564,-0.42836017653951564,1.0131670934031738
338,A1,0.22270897800747314,-0.6108106908935749,0.2190985225565006,-0.5446975132630183,1.1,0.4,1.0131670934031738,0.42836017653951564,-0.42836017653951564,1.0131670934031738
339,A1,-0.011343309674482244,-0.6457226780984786,-0.011342823182419328,-0.5687834604702574,1.1,0.4,1.0131670934031738,0.42836017653951564,-0.42836017653951564,1.0131670934031738
340,A1,-0.255136358734514,-0.5714138716795721,-0.24974080726623998,-0.5163968754373507,1.1,0.4,1.0131670934031738,0.42836017653951564,-0.42836017653951564,1.0131670934031738
341,A1,-0.4742330245288964,-0.41621730503965365,-0.4416131669770459,-0.39373893818865047,1.1,0.4,1.0131670934031738,0.42836017653951564,-0.42836017653951564,1.0131670934031738
342,A1,-0.6160900098676758,-0.20975384139578496,-0.5483998018679488,-0.20673087336194507,1.1,0.4,1.0131670934031738,0.42836017653951564,-0.42836017653951564,1.0131670934031738
343,A1,-0.6441759066909172,0.025459717861568476,-0.5677361716880158,0.02545421831458524,1.1,0.4,1.0131670934031738,0.42836017653951564,-0.42836017653951564,1.0131670934031738
344,A1,-0.5643080334380811,0.2689849431167854,-0.5111668174398754,0.26268007057781406,1.1,0.4,1.0131670934031738,0.42836017653951564,-0.42836017653951564,1.0131670934031738
345,A1,-0.40537571726358446,0.48510231176195184,-0.38453921464991975,0.4503205634394186,1.1,0.4,1.0131670934031738,0.42836017653951564,-0.42836017653951564,1.0131670934031738
346,A1,-0.1967030823521148,0.6209712622334016,-0.19420478898116114,0.5518039155294224,1.1,0.4,1.0131670934031738,0.42836017653951564,-0.42836017653951564,1.0131670934031738
347,A1,0.03960892109435962,0.6422591669182249,0.03958822038007136,0.5664358303948658,1.1,0.4,1.0131670934031738,0.42836017653951564,-0.42836017653951564,1.0131670934031738
348,A1,0.282748034481733,0.5569361268096866,0.27544653680881037,0.5057006283860144,1.1,0.4,1.0131670934031738,0.42836017653951564,-0.42836017653951564,1.0131670934031738
349,A1,0.49569537753812987,0.39436890865939644,0.45872506995972395,0.37512050251015033,1.1,0.4,1.0131670934031738,0.42836017653951564,-0.42836017653951564,1.0131670934031738
350,A1,0.6254518304811009,0.18356019725309797,0.5549125000274354,0.18152596280673608,1.1,0.4,1.0131670934031738,0.42836017653951564,-0.42836017653951564,1.0131670934031738
351,A1,0.6399775782202843,-0.05378628436162278,0.5648842859210057,-0.05373447704312701,1.1,0.4,1.0131670934031738,0.42836017653951564,-0.42836017653951564,1.0131670934031738
352,A1,0.5493044600032603,-0.2964159363628448,0.4999987367508402,-0.288029289340684,1.1,0.4,1.0131670934031738,0.42836017653951564,-0.42836017653951564,1.0131670934031738
353,A1,0.3832019895885808,-0.5060013450404073,0.3654849787067864,-0.466823791931685,1.1,0.4,1.0131670934031738,0.42836017653951564,-0.42836017653951564,1.0131670934031738
354,A1,0.17032863163417297,-0.6295297144042534,0.1687003424029803,-0.5577283023889797,1.1,0.4,1.0131670934031738,0.42836017653951564,-0.42836017653951564,1.0131670934031738
355,A1,-0.06798695850388001,-0.6373364714941463,-0.06788240143984653,-0.5630832583811407,1.1,0.4,1.0131670934031738,0.42836017653951564,-0.42836017653951564,1.0131670934031738
356,A1,-0.3099786593266278,-0.5414193107733097,-0.30041768261125723,-0.4940615802924856,1.1,0.4,1.0131670934031738,0.42836017653951564,-0.42836017653951564,1.0131670934031738
357,A1,-0.5160096160536458,-0.37187996370816606,-0.4746143575541718,-0.3556350021524728,1.1,0.4,1.0131670934031738,0.42836017653951564,-0.42836017653951564,1.0131670934031738
358,A1,-0.6332035214362391,-0.1570117914531585,-0.5602541450684191,-0.15573413405619194,1.1,0.4,1.0131670934031738,0.42836017653951564,-0.42836017653951564,1.0131670934031738
359,A1,-0.6343413648835892,0.0822058645431312,-0.5610343391626001,0.08202118668917305,1.1,0.4,1.0131670934031738,0.42836017653951564,-0.42836017653951564,1.0131670934031738
360,A1,-0.5332869206985873,0.32342593588377044,-0.487889618706507,0.312601377847603,1.1,0.4,1.0131670934031738,0.42836017653951564,-0.42836017653951564,1.0131670934031738
361,A1,-0.36040772548515937,0.5257099125885996,-0.34557311929972845,0.48209490273485217,1.1,0.4,1.0131670934031738,0.42836017653951564,-0.42836017653951564,1.0131670934031738
362,A1,-0.1436130551948722,0.6364724537388987,-0.1426338072303411,0.562492901406504,1.1,0.4,1.0131670934031738,0.42836017653951564,-0.42836017653951564,1.0131670934031738
363,A1,0.09643767865612113,0.6309979408236378,0.0961398225940776,0.5587389926850735,1.1,0.4,1.0131670934031738,0.42836017653951564,-0.42836017653951564,1.0131670934031738
364,A1,0.33674723816402763,0.5249134898108764,0.3245703775297236,0.4814833462728012,1.1,0.4,1.0131670934031738,0.42836017653951564,-0.42836017653951564,1.0131670934031738
365,A1,0.5350923172168147,0.3487900582471182,0.4892640532112892,0.3353020693112083,1.1,0.4,1.0131670934031738,0.42836017653951564,-0.42836017653951564,1.0131670934031738
366,A1,0.6393362923029517,0.13013578676807966,0.5644474724798452,0.12940609884254234,1.1,0.4,1.0131670934031738,0.42836017653951564,-0.42836017653951564,1.0131670934031738
367,A1,0.6273120244166541,-0.11067681792580744,0.5561985593714776,-0.11022711457231305,1.1,0.4,1.0131670934031738,0.42836017653951564,-0.42836017653951564,1.0131670934031738
368,A1,0.5163051714957951,-0.3499317983688394,0.4748433044133644,-0.33631505823036084,1.1,0.4,1.0131670934031738,0.42836017653951564,-0.42836017653951564,1.0131670934031738
369,A1,0.33703163283799203,-0.5441473117220896,0.3248247888917046,-0.4961209041500527,1.1,0.4,1.0131670934031738,0.42836017653951564,-0.42836017653951564,1.0131670934031738
370,A1,0.11658334914004714,-0.641795378348325,0.11605801725864348,-0.5661207654318805,1.1,0.4,1.0131670934031738,0.42836017653951564,-0.42836017653951564,1.0131670934031738
371,A1,-0.12491742701101086,-0.623289563189537,-0.12427170482939282,-0.5534142597674572,1.1,0.4,1.0131670934031738,0.42836017653951564,-0.42836017653951564,1.0131670934031738
372,A1,-0.36296863198772644,-0.5074680675968782,-0.3478262014891444,-0.46797009408153917,1.1,0.4,1.0131670934031738,0.42836017653951564,-0.42836017653951564,1.0131670934031738
373,A1,-0.552865813688205,-0.32513700694524383,-0.50266499750437,-0.3141444168412306,1.1,0.4,1.0131670934031738,0.42836017653951564,-0.42836017653951564,1.0131670934031738
374,A1,-0.643850592334029,-0.10295911864865756,-0.5675156733565597,-0.10259684589648864,1.1,0.4,1.0131670934031738,0.42836017653951564,-0.42836017653951564,1.0131670934031738
375,A1,-0.6189366082560279,0.13915336587867927,-0.5503871997451157,0.13826209575694764,1.1,0.4,1.0131670934031738,0.42836017653951564,-0.42836017653951564,1.0131670934031738
376,A1,-0.49840822366490145,0.3758465637338053,-0.46086438790690715,0.3590950223978002,1.1,0.4,1.0131670934031738,0.42836017653951564,-0.42836017653951564,1.0131670934031738
377,A1,-0.3131106251598909,0.5612392106629054,-0.30326429838999075,0.5088962974251516,1.1,0.4,1.0131670934031738,0.42836017653951564,-0.42836017653951564,1.0131670934031738
378,A1,-0.08926649992739594,0.6455033309023467,-0.08903014631320938,0.5686350567873857,1.1,0.4,1.0131670934031738,0.42836017653951564,-0.42836017653951564,1.0131670934031738
379,A1,0.1533781987465884,0.6142592968844895,0.1521866755077398,0.54711837672472,1.1,0.4,1.0131670934031738,0.42836017653951564,-0.42836017653951564,1.0131670934031738
380,A1,0.38855425612068295,0.4891316243061898,0.3701131955971099,0.4535269420247412,1.1,0.4,1.0131670934031738,0.42836017653951564,-0.42836017653951564,1.0131670934031738
381,A1,0.5692593915644291,0.3009568198256545,0.514815164028984,0.29218798937568463,1.1,0.4,1.0131670934031738,0.42836017653951564,-0.42836017653951564,1.0131670934031738
382,A1,0.6467554820908182,0.07550894137440456,0.5694817268272732,0.07536576064348374,1.1,0.4,1.0131670934031738,0.42836017653951564,-0.42836017653951564,1.0131670934031738
383,A1,0.6092638364500862,-0.16758518438648123,0.5436086868463106,-0.16603374566486795,1.1,0.4,1.0131670934031738,0.42836017653951564,-0.42836017653951564,1.0131670934031738
384,A1,0.4796441885962728,-0.40108024056801594,0.44595860752499555,-0.38087287841542466,1.1,0.4,1.0131670934031738,0.42836017653951564,-0.42836017653951564,1.0131670934031738
385,A1,0.2886798127270817,-0.5769187750289799,0.28091926032142744,-0.5204223258301576,1.1,0.4,1.0131670934031738,0.42836017653951564,-0.42836017653951564,1.0131670934031738
386,A1,0.061689951093118534,-0.647609399148097,0.061611813248267394,-0.5700584299390777,1.1,0.4,1.0131670934031738,0.42836017653951564,-0.42836017653951564,1.0131670934031738
387,A1,-0.1817672679384962,-0.6039564897312997,-0.17979155088770615,-0.5398589330213639,1.1,0.4,1.0131670934031738,0.42836017653951564,-0.42836017653951564,1.0131670934031738
388,A1,-0.41341295088681207,-0.4699517655384228,-0.391366730912405,-0.4381603414631577,1.1,0.4,1.0131670934031738,0.42836017653951564,-0.42836017653951564,1.0131670934031738
389,A1,-0.584210334434996,-0.2762837176594387,-0.5257188511424145,-0.2694621004685452,1.1,0.4,1.0131670934031738,0.42836017653951564,-0.42836017653951564,1.0131670934031738
390,A1,-0.6480678732866306,-0.04781311322851395,-0.5703678344026983,-0.04777671142814097,1.1,0.4,1.0131670934031738,0.42836017653951564,-0.42836017653951564,1.0131670934031738
391,A1,-0.5983435614942806,0.1959170743871893,-0.5358698337928822,0.19344831038165394,1.1,0.4,1.0131670934031738,0.42836017653951564,-0.42836017653951564,1.0131670934031738
392,A1,-0.46006012956002007,0.42554075895885524,-0.4301332173838424,0.4015879326297507,1.1,0.4,1.0131670934031738,0.42836017653951564,-0.42836017653951564,1.0131670934031738
393,A1,-0.26377254391552407,0.5911276193823266,-0.25782072181265425,0.5307061187502994,1.1,0.4,1.0131670934031738,0.42836017653951564,-0.42836017653951564,1.0131670934031738
394,A1,-0.033882104619555736,0.6481341056967342,-0.033869145052236815,0.570412518432394,1.1,0.4,1.0131670934031738,0.42836017653951564,-0.42836017653951564,1.0131670934031738
395,A1,0.21002690384742478,0.5924313862947517,0.206992251003627,0.5316420329305465,1.1,0.4,1.0131670934031738,0.42836017653951564,-0.42836017653951564,1.0131670934031738
396,A1,0.4374520123882808,0.4499749760529707,0.4115301958923578,0.4218784353176218,1.1,0.4,1.0131670934031738,0.42836017653951564,-0.42836017653951564,1.0131670934031738
397,A1,0.59766477345077,0.2511502007164419,0.5353857881403675,0.24599956318378338,1.1,0.4,1.0131670934031738,0.42836017653951564,-0.42836017653951564,1.0131670934031738
398,A1,0.6478116791335927,0.01990071168480867,0.5701949599373701,0.0198980849527448,1.1,0.4,1.0131670934031738,0.42836017653951564,-0.42836017653951564,1.0131670934031738
399,A1,0.5862263174160405,-0.22408872880485203,0.527176109685844,-0.22041164178127734,1.1,0.4,1.0131670934031738,0.42836017653951564,-0.42836017653951564,1.0131670934031738
400,A1,0.4397019169772069,-0.4491350738682015,0.4133973312220433,-0.42118777554783304,1.1,0.4,1.0131670934031738,0.42836017653951564,-0.42836017653951564,1.0131670934031738
401,A1,0.23842050260491107,-0.6038165481119855,0.23400329440191286,-0.539759769569568,1.1,0.4,1.0131670934031738,0.42836017653951564,-0.42836017653951564,1.0131670934031738
402,A1,0.005872847454204799,-0.6471045293715976,0.005872779936306572,-0.5697175278996887,1.1,0.4,1.0131670934031738,0.42836017653951564,-0.42836017653951564,1.0131670934031738
403,A1,-0.23809419345050284,-0.5797347168532632,-0.23369482959203597,-0.5224725896304023,1.1,0.4,1.0131670934031738,0.42836017653951564,-0.42836017653951564,1.0131670934031738
404,A1,-0.4605783619722501,-0.4292464765582473,-0.43055547507871617,-0.404691385848828,1.1,0.4,1.0131670934031738,0.42836017653951564,-0.42836017653951564,1.0131670934031738
405,A1,-0.6095783127205507,-0.2255871758109855,-0.5438301942324715,-0.22183682052829276,1.1,0.4,1.0131670934031738,0.42836017653951564,-0.42836017653951564,1.0131670934031738
406,A1,-0.6460169167998608,0.008197431344488693,-0.5689824753360351,0.008197247732752985,1.1,0.4,1.0131670934031738,0.42836017653951564,-0.42836017653951564,1.0131670934031738
407,A1,-0.5729629462476135,0.25203461524213366,-0.517531955999126,0.24683027571905916,1.1,0.4,1.0131670934031738,0.42836017653951564,-0.42836017653951564,1.0131670934031738
408,A1,-0.4186140871205803,0.4717703930508096,-0.39576223303056207,0.4396286490691372,1.1,0.4,1.0131670934031738,0.42836017653951564,-0.42836017653951564,1.0131670934031738
409,A1,-0.21265386559123975,0.6149460605627861,-0.2095052862204325,0.5475993847711562,1.1,0.4,1.0131670934031738,0.42836017653951564,-0.42836017653951564,1.0131670934031738
410,A1,0.022305907240947054,0.6445533984093048,0.022302208516347233,0.5679919338036399,1.1,0.4,1.0131670934031738,0.42836017653951564,-0.42836017653951564,1.0131670934031738
411,A1,0.26590098881612706,0.5659173586709981,0.25980659297574693,0.512354661458205,1.1,0.4,1.0131670934031738,0.42836017653951564,-0.42836017653951564,1.0131670934031738
412,A1,0.4826998238852994,0.4078100851079556,0.4484032020549159,0.38661166739147523,1.1,0.4,1.0131670934031738,0.42836017653951564,-0.42836017653951564,1.0131670934031738
413,A1,0.619916410994704,0.19962414453364768,0.5510698263520405,0.19701408018492178,1.1,0.4,1.0131670934031738,0.42836017653951564,-0.42836017653951564,1.0131670934031738
414,A1,0.642718800396072,-0.03644818512130327,0.5667479094055581,-0.036432053584112924,1.1,0.4,1.0131670934031738,0.42836017653951564,-0.42836017653951564,1.0131670934031738
415,A1,0.5586042911597668,-0.27968399236289065,0.5069411402166718,-0.2726125830693671,1.1,0.4,1.0131670934031738,0.42836017653951564,-0.42836017653951564,1.0131670934031738
416,A1,0.3968397073493287,-0.4933554947318788,0.37724165149782396,-0.4568755838322422,1.1,0.4,1.0131670934031738,0.42836017653951564,-0.42836017653951564,1.0131670934031738
417,A1,0.18650152181168983,-0.6244866077518572,0.1843688397075327,-0.5542441385132,1.1,0.4,1.0131670934031738,0.42836017653951564,-0.42836017653951564,1.0131670934031738
418,A1,-0.050619675578909534,-0.6405181915786692,-0.050576484711620726,-0.5652522802463272,1.1,0.4,1.0131670934031738,0.42836017653951564,-0.42836017653951564,1.0131670934031738
419,A1,-0.29337399656550334,-0.5510300578968697,-0.28523727385796094,-0.5012918203990472,1.1,0.4,1.0131670934031738,0.42836017653951564,-0.42836017653951564,1.0131670934031738
420,A1,-0.5037264723688664,-0.38570808763504216,-0.46504278134400107,-0.36765432247365143,1.1,0.4,1.0131670934031738,0.42836017653951564,-0.42836017653951564,1.0131670934031738
421,A1,-0.6286545135627586,-0.1732894533627989,-0.5571250479641826,-0.17157545522467227,1.1,0.4,1.0131670934031738,0.42836017653951564,-0.42836017653951564,1.0131670934031738
422,A1,-0.637956857797863,0.06481557863121579,-0.5635067952855776,0.06472496620042242,1.1,0.4,1.0131670934031738,0.42836017653951564,-0.42836017653951564,1.0131670934031738
423,A1,-0.5432009439442987,0.3069610761856474,-0.4954071365958066,0.29766995614356534,1.1,0.4,1.0131670934031738,0.42836017653951564,-0.42836017653951564,1.0131670934031738
424,A1,-0.374420253671795,0.513802092750542,-0.35785199811701196,0.47290230730356453,1.1,0.4,1.0131670934031738,0.42836017653951564,-0.42836017653951564,1.0131670934031738
425,A1,-0.15999135295823189,0.6324186012428287,-0.1586400748845699,0.5597153624984187,1.1,0.4,1.0131670934031738,0.42836017653951564,-0.42836017653951564,1.0131670934031738
426,A1,0.07903086792364009,0.6350402774394229,0.07886673890804817,0.5615130745342791,1.1,0.4,1.0131670934031738,0.42836017653951564,-0.42836017653951564,1.0131670934031738
427,A1,0.3204350243624042,0.5351231994320279,0.3099002196391361,0.48928754250809675,1.1,0.4,1.0131670934031738,0.42836017653951564,-0.42836017653951564,1.0131670934031738
428,A1,0.5235720028641427,0.3629811244870552,0.4804521857526037,0.3478371825598811,1.1,0.4,1.0131670934031738,0.42836017653951564,-0.42836017653951564,1.0131670934031738
429,A1,0.6357779414865257,0.1466106041239624,0.5620179461563963,0.14556910903097808,1.1,0.4,1.0131670934031738,0.42836017653951564,-0.42836017653951564,1.0131670934031738
430,A1,0.6317740981909072,-0.09326027554772418,0.5592726105358211,-0.09299083645603035,1.1,0.4,1.0131670934031738,0.42836017653951564,-0.42836017653951564,1.0131670934031738
431,A1,0.5268030341157207,-0.3337853696681263,0.4829335236034604,-0.3219179877466046,1.1,0.4,1.0131670934031738,0.42836017653951564,-0.42836017653951564,1.0131670934031738
432,A1,0.35139550835388983,-0.5330262013870545,0.33761257152173013,-0.48769093478148684,1.1,0.4,1.0131670934031738,0.42836017653951564,-0.42836017653951564,1.0131670934031738
433,A1,0.13315057286532334,-0.638732187610644,0.1323692345270305,-0.5640356957561705,1.1,0.4,1.0131670934031738,0.42836017653951564,-0.42836017653951564,1.0131670934031738
434,A1,-0.10749827760694722,-0.6281641151153154,-0.10708610366092582,-0.5567867710719009,1.1,0.4,1.0131670934031738,0.42836017653951564,-0.42836017653951564,1.0131670934031738
435,A1,-0.3470013959412375,-0.5182466122231331,-0.3337135507893132,-0.4763456097004758,1.1,0.4,1.0131670934031738,0.42836017653951564,-0.42836017653951564,1.0131670934031738
436,A1,-0.5421550777475799,-0.3396681013058549,-0.4946175466675986,-0.3271810572119682,1.1,0.4,1.0131670934031738,0.42836017653951564,-0.42836017653951564,1.0131670934031738
437,A1,-0.6412815575311236,-0.11961462114195273,-0.5657715188867992,-0.11904739882262057,1.1,0.4,1.0131670934031738,0.42836017653951564,-0.42836017653951564,1.0131670934031738
438,A1,-0.624216250097065,0.12173908066905634,-0.5540568030311647,0.1211412172072031,1.1,0.4,1.0131670934031738,0.42836017653951564,-0.42836017653951564,1.0131670934031738
439,A1,-0.5094600475182506,0.3600721648884938,-0.46952438740233365,0.3452775973536703,1.1,0.4,1.0131670934031738,0.42836017653951564,-0.42836017653951564,1.0131670934031738
440,A1,-0.3278034863087701,0.5509494492053211,-0.31654573294003474,0.5012314657081471,1.1,0.4,1.0131670934031738,0.42836017653951564,-0.42836017653951564,1.0131670934031738
441,A1,-0.10600612103413018,0.6434268132787596,-0.105610823655582,0.5672283134402601,1.1,0.4,1.0131670934031738,0.42836017653951564,-0.42836017653951564,1.0131670934031738
442,A1,0.1359766092484404,0.6199365326898416,0.13514470855195435,0.5510838373766149,1.1,0.4,1.0131670934031738,0.42836017653951564,-0.42836017653951564,1.0131670934031738
443,A1,0.37298654141912313,0.5004493985226357,0.3566012434121322,0.4624705123026207,1.1,0.4,1.0131670934031738,0.42836017653951564,-0.42836017653951564,1.0131670934031738
444,A1,0.5594005955860984,0.3158061331520913,0.5075325640395857,0.3057098974937702,1.1,0.4,1.0131670934031738,0.42836017653951564,-0.42836017653951564,1.0131670934031738
445,A1,0.6451692383757558,0.09232846953679538,0.5684089487385161,0.09206700826537813,1.1,0.4,1.0131670934031738,0.42836017653951564,-0.42836017653951564,1.0131670934031738
446,A1,0.6153310823717784,-0.15020449446571213,0.5478688951459388,-0.149084989020008,1.1,0.4,1.0131670934031738,0.42836017653951564,-0.42836017653951564,1.0131670934031738
447,A1,0.4912206638450166,-0.3857332216406693,0.4551847208910513,-0.36767605892239424,1.1,0.4,1.0131670934031738,0.42836017653951564,-0.42836017653951564,1.0131670934031738
448,A1,0.3036803991173712,-0.5675002913313171,0.29467705934675414,-0.5135211157457552,1.1,0.4,1.0131670934031738,0.42836017653951564,-0.42836017653951564,1.0131670934031738
449,A1,0.07858510391332471,-0.6465106134052024,0.0784237319881753,-0.5693162482948919,1.1,0.4,1.0131670934031738,0.42836017653951564,-0.42836017653951564,1.0131670934031738
450,A1,-0.16441606403412556,-0.6104060921914777,-0.16295037701463838,-0.5444128944170912,1.1,0.4,1.0131670934031738,0.42836017653951564,-0.42836017653951564,1.0131670934031738
451,A1,-0.39830076341176635,-0.48177977758260215,-0.37849409162567066,-0.4476678420926564,1.1,0.4,1.0131670934031738,0.42836017653951564,-0.42836017653951564,1.0131670934031738
452,A1,-0.5752408345525296,-0.29143053047515177,-0.519197769561482,-0.2834509407535338,1.1,0.4,1.0131670934031738,0.42836017653951564,-0.42836017653951564,1.0131670934031738
453,A1,-0.6474531901094931,-0.06477951753737388,-0.5699529742329625,-0.0646890560942867,1.1,0.4,1.0131670934031738,0.42836017653951564,-0.42836017653951564,1.0131670934031738
454,A1,-0.605167813768828,0.1786043337236105,-0.5407166581696744,0.17672912723429765,1.1,0.4,1.0131670934031738,0.42836017653951564,-0.42836017653951564,1.0131670934031738
455,A1,-0.47213260477068825,0.4106776193110717,-0.439920808381007,0.3890478877997867,1.1,0.4,1.0131670934031738,0.42836017653951564,-0.42836017653951564,1.0131670934031738
456,A1,-0.27906066485471714,0.5826150728182485,-0.272035481788058,0.5245635204780179,1.1,0.4,1.0131670934031738,0.42836017653951564,-0.42836017653951564,1.0131670934031738
457,A1,-0.05091527614758515,0.6479996643517943,-0.050871324723140605,0.5703218133718158,1.1,0.4,1.0131670934031738,0.42836017653951564,-0.42836017653951564,1.0131670934031738
458,A1,0.1927620004529743,0.5996225435975534,0.1904094617503621,0.5367809229708841,1.1,0.4,1.0131670934031738,0.42836017653951564,-0.42836017653951564,1.0131670934031738
459,A1,0.4228521718449292,0.4622849368705043,0.3993305097600092,0.4319446664143447,1.1,0.4,1.0131670934031738,0.42836017653951564,-0.42836017653951564,1.0131670934031738
460,A1,0.5896164254413072,0.2665748345236128,0.5296196805518593,0.26043484437519293,1.1,0.4,1.0131670934031738,0.42836017653951564,-0.42836017653951564,1.0131670934031738
461,A1,0.6481531482674436,0.0369960344365258,0.5704253649739282,0.03697916476725766,1.1,0.4,1.0131670934031738,0.42836017653951564,-0.42836017653951564,1.0131670934031738
462,A1,0.5937766105820658,-0.20688143715913,0.5326063484130446,-0.2039796027655957,1.1,0.4,1.0131670934031738,0.42836017653951564,-0.42836017653951564,1.0131670934031738
463,A1,0.4522424872985916,-0.43481277067983115,0.42374058715288576,-0.40933554994148036,1.1,0.4,1.0131670934031738,0.42836017653951564,-0.42836017653951564,1.0131670934031738
464,A1,0.25397697060581126,-0.5962389020805675,0.248653416357936,-0.5343678492096499,1.1,0.4,1.0131670934031738,0.42836017653951564,-0.42836017653951564,1.0131670934031738
465,A1,0.02302555289165234,-0.6479171419200855,0.02302148455525426,-0.5702661301409243,1.1,0.4,1.0131670934031738,0.42836017653951564,-0.42836017653951564,1.0131670934031738
466,A1,-0.22095468958899972,-0.5876363647294468,-0.2174278068387464,-0.528193527228025,1.1,0.4,1.0131670934031738,0.42836017653951564,-0.42836017653951564,1.0131670934031738
467,A1,-0.4465477716502657,-0.4420108870139432,-0.41905714144105,-0.415309875425855,1.1,0.4,1.0131670934031738,0.42836017653951564,-0.42836017653951564,1.0131670934031738
468,A1,-0.6024771175196948,-0.2412709082590148,-0.5388098833296321,-0.23669581563394237,1.1,0.4,1.0131670934031738,0.42836017653951564,-0.42836017653951564,1.0131670934031738
469,A1,-0.6472955047611068,-0.009007714802217875,-0.5698465028331562,-0.009007471184689822,1.1,0.4,1.0131670934031738,0.42836017653951564,-0.42836017653951564,1.0131670934031738
470,A1,-0.5812081669082807,0.23497347515493133,-0.5235429960021407,0.2307424003282682,1.1,0.4,1.0131670934031738,0.42836017653951564,-0.42836017653951564,1.0131670934031738
471,A1,-0.43159568019130984,0.45804557725896694,-0.4066539789277433,0.42848996494238206,1.1,0.4,1.0131670934031738,0.42836017653951564,-0.42836017653951564,1.0131670934031738
472,A1,-0.22846039282292754,0.6083263025370856,-0.22456689438431904,0.5429478673650145,1.1,0.4,1.0131670934031738,0.42836017653951564,-0.42836017653951564,1.0131670934031738
473,A1,0.005053456658293098,0.6462924271710614,0.0050534136413104,0.5691687624811896,1.1,0.4,1.0131670934031738,0.42836017653951564,-0.42836017653951564,1.0131670934031738
474,A1,0.24892918398795044,0.5744983795794294,0.24391181577843477,0.5186552464134943,1.1,0.4,1.0131670934031738,0.42836017653951564,-0.42836017653951564,1.0131670934031738
475,A1,0.4692946783557575,0.42100232002014276,0.4376292519954539,0.3977744966345659,1.1,0.4,1.0131670934031738,0.42836017653951564,-0.42836017653951564,1.0131670934031738
476,A1,0.6137823108337387,0.21554908694152486,0.5467840837572198,0.21227174340547791,1.1,0.4,1.0131670934031738,0.42836017653951564,-0.42836017653951564,1.0131670934031738
477,A1,0.6449124023389412,-0.019153781369487588,0.5682350681507874,-0.019151439414216303,1.1,0.4,1.0131670934031738,0.42836017653951564,-0.42836017653951564,1.0131670934031738
478,A1,0.5675133583996281,-0.2628128823148035,0.5135307369121559,-0.2569246289448387,1.1,0.4,1.0131670934031738,0.42836017653951564,-0.42836017653951564,1.0131670934031738
479,A1,0.41023616467831825,-0.4802836966538898,0.38867318664221895,-0.44647078466896745,1.1,0.4,1.0131670934031738,0.42836017653951564,-0.42836017653951564,1.0131670934031738
480,A1,0.20254057865351127,-0.6188416220387291,0.19981569654137,-0.5503209838677796,1.1,0.4,1.0131670934031738,0.42836017653951564,-0.42836017653951564,1.0131670934031738
481,A1,-0.03328890532185158,-0.6431601987099207,-0.0332766143895866,-0.5670474542176405,1.1,0.4,1.0131670934031738,0.42836017653951564,-0.42836017653951564,1.0131670934031738
482,A1,-0.27661531827434704,-0.5602594445967953,-0.26976959613412677,-0.5081699047621527,1.1,0.4,1.0131670934031738,0.42836017653951564,-0.42836017653951564,1.0131670934031738
483,A1,-0.49100142771974586,-0.39930247353782955,-0.45501089164066755,-0.3793519734400585,1.1,0.4,1.0131670934031738,0.42836017653951564,-0.42836017653951564,1.0131670934031738
484,A1,-0.6235013408637586,-0.18943839043642327,-0.5535611596371304,-0.18720433519890145,1.1,0.4,1.0131670934031738,0.42836017653951564,-0.42836017653951564,1.0131670934031738
485,A1,-0.6410408332052058,0.047454283901635724,-0.5656078275037322,0.047418695047809226,1.1,0.4,1.0131670934031738,0.42836017653951564,-0.42836017653951564,1.0131670934031738
486,A1,-0.552742958016087,0.29032693027619094,-0.5025731783630363,0.2824356915153632,1.1,0.4,1.0131670934031738,0.42836017653951564,-0.42836017653951564,1.0131670934031738
487,A1,-0.3882064036658912,0.5014368840535517,-0.3698129546432606,0.4632464408350717,1.1,0.4,1.0131670934031738,0.42836017653951564,-0.42836017653951564,1.0131670934031738
488,A1,-0.17624598918133844,0.6277591925278219,-0.17444349291407568,0.5565073161571725,1.1,0.4,1.0131670934031738,0.42836017653951564,-0.42836017653951564,1.0131670934031738
489,A1,0.061645165515767264,0.6385595453894068,0.061567197554584174,0.5639179658236224,1.1,0.4,1.0131670934031738,0.42836017653951564,-0.42836017653951564,1.0131670934031738
490,A1,0.30393785798936845,0.5449701907378248,0.29491214404807,0.4967409897679009,1.1,0.4,1.0131670934031738,0.42836017653951564,-0.42836017653951564,1.0131670934031738
491,A1,0.511579337865873,0.3769530066892815,0.471174828759653,0.3600584072170619,1.1,0.4,1.0131670934031738,0.42836017653951564,-0.42836017653951564,1.0131670934031738
492,A1,0.6316135146191932,0.1629667970670259,0.5591622453225963,0.16153925992075213,1.1,0.4,1.0131670934031738,0.42836017653951564,-0.42836017653951564,1.0131670934031738
493,A1,0.6357217727320034,-0.07585657567621107,0.561979517885945,-0.07571141131331796,1.1,0.4,1.0131670934031738,0.42836017653951564,-0.42836017653951564,1.0131670934031738
494,A1,0.5369474011723911,-0.3174379560309818,0.49067378731430383,-0.307188473665106,1.1,0.4,1.0131670934031738,0.42836017653951564,-0.42836017653951564,1.0131670934031738
495,A1,0.3655472260922712,-0.5214183631475008,0.35009079323440434,-0.47879396672822316,1.1,0.4,1.0131670934031738,0.42836017653951564,-0.42836017653951564,1.0131670934031738
496,A1,0.14960420329475632,-0.6350632456037583,0.14849798765825808,-0.5615288007040239,1.1,0.4,1.0131670934031738,0.42836017653951564,-0.42836017653951564,1.0131670934031738
497,A1,-0.09008330166966044,-0.6325331270805202,-0.08984041468224449,-0.5597940044928387,1.1,0.4,1.0131670934031738,0.42836017653951564,-0.42836017653951564,1.0131670934031738
498,A1,-0.33081681040406025,-0.528680808542863,-0.3192545263473042,-0.48437204828470487,1.1,0.4,1.0131670934031738,0.42836017653951564,-0.42836017653951564,1.0131670934031738
499,A1,-0.5309438766291481,-0.3539938950191855,-0.4861022641933711,-0.33991276521557723,1.1,0.4,1.0131670934031738,0.42836017653951564,-0.42836017653951564,1.0131670934031738
500,A1,-0.6381079102252791,-0.1361615766379711,-0.5636098737643104,-0.13532629313881264,1.1,0.4,1.0131670934031738,0.42836017653951564,-0.42836017653951564,1.0131670934031738
501,A1,-0.628999372434496,0.10431987794461745,-0.5573628209777656,0.10394309290666649,1.1,0.4,1.0131670934031738,0.42836017653951564,-0.42836017653951564,1.0131670934031738
502,A1,-0.5201765876734733,0.34406375771018144,-0.4778362915139963,0.3311005077313156,1.1,0.4,1.0131670934031738,0.42836017653951564,-0.42836017653951564,1.0131670934031738
503,A1,-0.3422977346516777,0.540146177232375,-0.32952717110403745,0.4930986094377931,1.1,0.4,1.0131670934031738,0.42836017653951564,-0.42836017653951564,1.0131670934031738
504,A1,-0.1226422787546852,0.6407476020739282,-0.12203106308122347,0.5654083715182107,1.1,0.4,1.0131670934031738,0.42836017653951564,-0.42836017653951564,1.0131670934031738
505,A1,0.11856057235355824,0.6251264040817051,0.11800815829126067,0.5546872408201045,1.1,0.4,1.0131670934031738,0.42836017653951564,-0.42836017653951564,1.0131670934031738
506,A1,0.357167907135735,0.511440864010784,0.34271701490241246,0.47106708986358314,1.1,0.4,1.0131670934031738,0.42836017653951564,-0.42836017653951564,1.0131670934031738
507,A1,0.5490159836244097,0.33046335322828496,0.49978234789683007,0.3189370589365359,1.1,0.4,1.0131670934031738,0.42836017653951564,-0.42836017653951564,1.0131670934031738
508,A1,0.6429829636238935,0.10904967820486705,0.5669271957153457,0.10861945770393525,1.1,0.4,1.0131670934031738,0.42836017653951564,-0.42836017653951564,1.0131670934031738
509,A1,0.6209202291318131,-0.13279937339275297,0.5517684203729545,-0.13202417260908955,1.1,0.4,1.0131670934031738,0.42836017653951564,-0.42836017653951564,1.0131670934031738
510,A1,0.5024797088146138,-0.37011816518119867,0.4640650824844528,-0.3540950660400231,1.1,0.4,1.0131670934031738,0.42836017653951564,-0.42836017653951564,1.0131670934031738
511,A1,0.3184952457700014,-0.5575444695070402,0.30814568126792163,-0.5061532584013577,1.1,0.4,1.0131670934031738,0.42836017653951564,-0.42836017653951564,1.0131670934031738
512,A1,0.09538716511010431,-0.6448151640588654,0.09509891405857651,-0.5681692236072351,1.1,0.4,1.0131670934031738,0.42836017653951564,-0.42836017653951564,1.0131670934031738
513,A1,-0.14702997858618855,-0.6163869484581284,-0.145979571713091,-0.5486074046387162,1.1,0.4,1.0131670934031738,0.42836017653951564,-0.42836017653951564,1.0131670934031738
514,A1,-0.38290326307071854,-0.4932991344670843,-0.36522612760533063,-0.45683098679586714,1.1,0.4,1.0131670934031738,0.42836017653951564,-0.42836017653951564,1.0131670934031738
515,A1,-0.5657232962933882,-0.30639779457060934,-0.5122115276413802,-0.2971564994114555,1.1,0.4,1.0131670934031738,0.42836017653951564,-0.42836017653951564,1.0131670934031738
516,A1,-0.6462458752157721,-0.08165816638852966,-0.5691372903413444,-0.08147714877491415,1.1,0.4,1.0131670934031738,0.42836017653951564,-0.42836017653951564,1.0131670934031738
517,A1,-0.6115327400356567,0.16124578416278212,-0.5452051340251857,0.15986269228283712,1.1,0.4,1.0131670934031738,0.42836017653951564,-0.42836017653951564,1.0131670934031738
518,A1,-0.4839050898604268,0.3955117867450869,-0.44936561011178633,0.37610213878713017,1.1,0.4,1.0131670934031738,0.42836017653951564,-0.42836017653951564,1.0131670934031738
519,A1,-0.29417527050455794,0.5735446428559456,-0.2859731875541094,0.5179577231564778,1.1,0.4,1.0131670934031738,0.42836017653951564,-0.42836017653951564,1.0131670934031738
520,A1,-0.0678661614941233,0.6472772459824206,-0.06776216007978486,0.5698341730087639,1.1,0.4,1.0131670934031738,0.42836017653951564,-0.42836017653951564,1.0131670934031738
521,A1,0.17543987617752682,0.6063638436435662,0.17366180060483327,0.5415624520131046,1.1,0.4,1.0131670934031738,0.42836017653951564,-0.42836017653951564,1.0131670934031738
522,A1,0.4079322093054669,0.47430345583715644,0.38671553295394295,0.4416698608539118,1.1,0.4,1.0131670934031738,0.42836017653951564,-0.42836017653951564,1.0131670934031738
523,A1,0.5810012320643706,0.28183183519841815,0.5233927651599795,0.27459963680313276,1.1,0.4,1.0131670934031738,0.42836017653951564,-0.42836017653951564,1.0131670934031738
524,A1,0.6479118754840631,0.05401469858596314,0.570262576357441,0.05396222894627754,1.1,0.4,1.0131670934031738,0.42836017653951564,-0.42836017653951564,1.0131670934031738
525,A1,0.6008865468825673,-0.18960502322729583,0.5376801136643264,-0.1873651232492755,1.1,0.4,1.0131670934031738,0.42836017653951564,-0.42836017653951564,1.0131670934031738
526,A1,0.46450004066956596,-0.4201529257386336,0.43374475929827117,-0.3970592558966602,1.1,0.4,1.0131670934031738,0.42836017653951564,-0.42836017653951564,1.0131670934031738
527,A1,0.26937154410454656,-0.5880863538717434,0.26303995921513296,-0.5285178974998437,1.1,0.4,1.0131670934031738,0.42836017653951564,-0.42836017653951564,1.0131670934031738
528,A1,0.04010741104955895,-0.6481527853878144,0.04008591922527941,-0.5704251201698716,1.1,0.4,1.0131670934031738,0.42836017653951564,-0.42836017653951564,1.0131670934031738
529,A1,-0.20373367091066988,-0.5951071724427544,-0.20096087947078814,-0.5335587948980102,1.1,0.4,1.0131670934031738,0.42836017653951564,-0.42836017653951564,1.0131670934031738
530,A1,-0.43216228971788684,-0.4545005755788739,-0.4071267806861541,-0.42559144781142594,1.1,0.4,1.0131670934031738,0.42836017653951564,-0.42836017653951564,1.0131670934031738
531,A1,-0.5947938847525926,-0.2567983505076653,-0.5333346580512413,-0.25129849185206204,1.1,0.4,1.0131670934031738,0.42836017653951564,-0.42836017653951564,1.0131670934031738
532,A1,-0.6480033916428151,-0.02614803428888296,-0.5703243282928308,-0.026142076609535526,1.1,0.4,1.0131670934031738,0.42836017653951564,-0.42836017653951564,1.0131670934031738
533,A1,-0.589032066545135,0.21781793817829143,-0.5291991024605209,0.21443731512608127,1.1,0.4,1.0131670934031738,0.42836017653951564,-0.42836017653951564,1.0131670934031738
534,A1,-0.44431071030742647,0.44394865223801416,-0.41721120054249994,0.4169121190136346,1.1,0.4,1.0131670934031738,0.42836017653951564,-0.42836017653951564,1.0131670934031738
535,A1,-0.24411611048674922,0.6011183033442508,-0.23937980089988156,0.5378448488243037,1.1,0.4,1.0131670934031738,0.42836017653951564,-0.42836017653951564,1.0131670934031738
536,A1,-0.012140422703915604,0.6474674759586566,-0.012139826280663506,0.5699626192970233,1.1,0.4,1.0131670934031738,0.42836017653951564,-0.42836017653951564,1.0131670934031738
537,A1,0.23184961571579835,0.5826675884703688,0.22778273786855066,0.5246015845130094,1.1,0.4,1.0131670934031738,0.42836017653951564,-0.42836017653951564,1.0131670934031738
538,A1,0.45550040180859885,0.4339360087697186,0.4264098289271977,0.40860543254803494,1.1,0.4,1.0131670934031738,0.42836017653951564,-0.42836017653951564,1.0131670934031738
539,A1,0.6070547021939949,0.23132858884600008,0.5420505060559906,0.22728868587537387,1.1,0.4,1.0131670934031738,0.42836017653951564,-0.42836017653951564,1.0131670934031738
540,A1,0.6465491573054771,-0.0019114332356983676,0.5693422987363739,-0.0019114309078455914,1.1,0.4,1.0131670934031738,0.42836017653951564,-0.42836017653951564,1.0131670934031738
541,A1,0.5760201010810855,-0.24582016649526967,0.5197667417589917,-0.24098555334944763,1.1,0.4,1.0131670934031738,0.42836017653951564,-0.42836017653951564,1.0131670934031738
542,A1,0.4233819448193535,-0.4668060058984659,0.3997757083379233,-0.4356150189250942,1.1,0.4,1.0131670934031738,0.42836017653951564,-0.42836017653951564,1.0131670934031738
543,A1,0.2184394660199109,-0.612598795566949,0.21503018393473108,-0.5459538705381015,1.1,0.4,1.0131670934031738,0.42836017653951564,-0.42836017653951564,1.0131670934031738
544,A1,-0.016003389915031696,-0.6452528636969069,-0.016002023853640034,-0.5684655529698868,1.1,0.4,1.0131670934031738,0.42836017653951564,-0.42836017653951564,1.0131670934031738
545,A1,-0.2597207286231748,-0.5690959622393933,-0.25403430212814077,-0.5146950390326631,1.1,0.4,1.0131670934031738,0.42836017653951564,-0.42836017653951564,1.0131670934031738
546,A1,-0.4778540532959165,-0.4126538981790533,-0.4445233484136974,-0.3907237498419964,1.1,0.4,1.0131670934031738,0.42836017653951564,-0.42836017653951564,1.0131670934031738
547,A1,-0.6177469233226512,-0.20545234594857625,-0.5495573584146127,-0.20260957428434673,1.1,0.4,1.0131670934031738,0.42836017653951564,-0.42836017653951564,1.0131670934031738
548,A1,-0.6435833044922983,0.030131133595747372,-0.5673344445034298,0.030122018369096424,1.1,0.4,1.0131670934031738,0.42836017653951564,-0.42836017653951564,1.0131670934031738
549,A1,-0.5619015170187316,0.2735421206028917,-0.5093869172672225,0.2669176969708759,1.1,0.4,1.0131670934031738,0.42836017653951564,-0.42836017653951564,1.0131670934031738
550,A1,-0.4017571505892695,0.48863329702535857,-0.38145144380797913,0.45313102458492877,1.1,0.4,1.0131670934031738,0.42836017653951564,-0.42836017653951564,1.0131670934031738
551,A1,-0.1923707649106426,0.6224960509203534,-0.19003238267993197,0.5528635326612618,1.1,0.4,1.0131670934031738,0.42836017653951564,-0.42836017653951564,1.0131670934031738
552,A1,0.044290163640732044,0.6415454434280217,0.04426122621000501,0.5659509088042252,1.1,0.4,1.0131670934031738,0.42836017653951564,-0.42836017653951564,1.0131670934031738
553,A1,0.2872748491177284,0.5544430906088884,0.27962466019888976,0.5038428057612172,1.1,0.4,1.0131670934031738,0.42836017653951564,-0.42836017653951564,1.0131670934031738
554,A1,0.49913269744159916,0.3906968822375938,0.46143479581292957,0.3719608486521007,1.1,0.4,1.0131670934031738,0.42836017653951564,-0.42836017653951564,1.0131670934031738
555,A1,0.6268437656632747,0.17919820129272482,0.5558750754390711,0.17730438598494902,1.1,0.4,1.0131670934031738,0.42836017653951564,-0.42836017653951564,1.0131670934031738
556,A1,0.6391444725596168,-0.05847577605299187,0.5643167525370814,-0.05840921608109273,1.1,0.4,1.0131670934031738,0.42836017653951564,-0.42836017653951564,1.0131670934031738
557,A1,0.5467269818146812,-0.300909119425829,0.49806313465995006,-0.29214436073322153,1.1,0.4,1.0131670934031738,0.42836017653951564,-0.42836017653951564,1.0131670934031738
558,A1,0.37947816853598837,-0.5093414651089672,0.36225420079342846,-0.46943194171205854,1.1,0.4,1.0131670934031738,0.42836017653951564,-0.42836017653951564,1.0131670934031738
559,A1,0.16593808626590256,-0.6307882693390686,0.16443161674376458,-0.5585947614917168,1.1,0.4,1.0131670934031738,0.42836017653951564,-0.42836017653951564,1.0131670934031738
560,A1,-0.07268304744677584,-0.6363857872678388,-0.07255532671445394,-0.5624336531682856,1.1,0.4,1.0131670934031738,0.42836017653951564,-0.42836017653951564,1.0131670934031738
561,A1,-0.3144348484411325,-0.5387594570523551,-0.30446625047543546,-0.49204834756844623,1.1,0.4,1.0131670934031738,0.42836017653951564,-0.42836017653951564,1.0131670934031738
562,A1,-0.5192491030639562,-0.3681059773157753,-0.47712026003691765,-0.3523339205116719,1.1,0.4,1.0131670934031738,0.42836017653951564,-0.42836017653951564,1.0131670934031738
563,A1,-0.6343283674566098,-0.15259381533216182,-0.5610254327346792,-0.15142036770923115,1.1,0.4,1.0131670934031738,0.42836017653951564,-0.42836017653951564,1.0131670934031738
564,A1,-0.6332749624526572,0.08690681957538382,-0.5603031598804188,0.08668868209829154,1.1,0.4,1.0131670934031738,0.42836017653951564,-0.42836017653951564,1.0131670934031738
565,A1,-0.5305467447530556,0.32784168055450247,-0.48579891421249544,0.31658009966095374,1.1,0.4,1.0131670934031738,0.42836017653951564,-0.42836017653951564,1.0131670934031738
566,A1,-0.35658516651142813,0.5288454480575452,-0.3422026173755989,0.48449805063929996,1.1,0.4,1.0131670934031738,0.42836017653951564,-0.42836017653951564,1.0131670934031738
567,A1,-0.13916876069649228,0.6374634553170191,-0.13827719624901288,0.5631699741623245,1.1,0.4,1.0131670934031738,0.42836017653951564,-0.42836017653951564,1.0131670934031738
568,A1,0.10114168454637518,0.6298177300105993,0.10079820891163052,0.5579266957390345,1.1,0.4,1.0131670934031738,0.42836017653951564,-0.42836017653951564,1.0131670934031738
569,A1,0.341119006226124,0.5220950300897015,0.32847603082493576,0.47931534306505763,1.1,0.4,1.0131670934031738,0.42836017653951564,-0.42836017653951564,1.0131670934031738
570,A1,0.5381207103769581,0.3449204824036007,0.4915640967261189,0.3318630952951363,1.1,0.4,1.0131670934031738,0.42836017653951564,-0.42836017653951564,1.0131670934031738
571,A1,0.6401935011889331,0.1256662844138659,0.5650312911777814,0.12500892854026752,1.1,0.4,1.0131670934031738,0.42836017653951564,-0.42836017653951564,1.0131670934031738
572,A1,0.6260199576629598,-0.115381970860677,0.5553055610500367,-0.11487265619588544,1.1,0.4,1.0131670934031738,0.42836017653951564,-0.42836017653951564,1.0131670934031738
573,A1,0.5134104499520518,-0.35425598335425584,0.47259819385697643,-0.3401445510296587,1.1,0.4,1.0131670934031738,0.42836017653951564,-0.42836017653951564,1.0131670934031738
574,A1,0.3331165584896436,-0.5470655118564774,0.32131835725454494,-0.4983176436861043,1.1,0.4,1.0131670934031738,0.42836017653951564,-0.42836017653951564,1.0131670934031738
575,A1,0.1120897522545348,-0.6425190268839127,0.11162266344863467,-0.5666122884299761,1.1,0.4,1.0131670934031738,0.42836017653951564,-0.42836017653951564,1.0131670934031738
576,A1,-0.12962173041714967,-0.6218876291757878,-0.12890061726647437,-0.5524409378446204,1.1,0.4,1.0131670934031738,0.42836017653951564,-0.42836017653951564,1.0131670934031738
577,A1,-0.367241561396526,-0.5044990881046381,-0.35157658201710507,-0.4656480898936754,1.1,0.4,1.0131670934031738,0.42836017653951564,-0.42836017653951564,1.0131670934031738
578,A1,-0.5556709217030359,-0.3211779150463082,-0.5047583757711444,-0.3105716097866954,1.1,0.4,1.0131670934031738,0.42836017653951564,-0.42836017653951564,1.0131670934031738
579,A1,-0.6444410860473477,-0.09844254822600429,-0.5679158502227705,-0.09812577597520276,1.1,0.4,1.0131670934031738,0.42836017653951564,-0.42836017653951564,1.0131670934031738
580,A1,-0.6174268259876113,0.1438547266282879,-0.549333895426754,0.14287055383734334,1.1,0.4,1.0131670934031738,0.42836017653951564,-0.42836017653951564,1.0131670934031738
581,A1,-0.49536697047330464,0.38006450818842696,-0.4584657301034232,0.36276348797081115,1.1,0.4,1.0131670934031738,0.42836017653951564,-0.42836017653951564,1.0131670934031738
582,A1,-0.3091089594445821,0.5639284897846042,-0.29962626724932695,0.510886390930604,1.1,0.4,1.0131670934031738,0.42836017653951564,-0.42836017653951564,1.0131670934031738
583,A1,-0.08472808968557363,0.6459612404931954,-0.08452592014448815,0.5689448225429947,1.1,0.4,1.0131670934031738,0.42836017653951564,-0.42836017653951564,1.0131670934031738
584,A1,0.15807442379574077,0.6126437102379284,0.15677082229871012,0.545985396916345,1.1,0.4,1.0131670934031738,0.42836017653951564,-0.42836017653951564,1.0131670934031738
585,A1,0.39271343936989267,0.4860200605181909,0.37369710059673045,0.45105190074794205,1.1,0.4,1.0131670934031738,0.42836017653951564,-0.42836017653951564,1.0131670934031738
586,A1,0.5718302770576553,0.2969139872708487,0.5167021741039272,0.28848595596322935,1.1,0.4,1.0131670934031738,0.42836017653951564,-0.42836017653951564,1.0131670934031738
587,A1,0.6470815349175564,0.0709498429733913,0.5697019967375068,0.07083103119768679,1.1,0.4,1.0131670934031738,0.42836017653951564,-0.42836017653951564,1.0131670934031738
588,A1,0.6075445091688412,-0.17227397789608312,0.5423963067194288,-0.17058970205410096,1.1,0.4,1.0131670934031738,0.42836017653951564,-0.42836017653951564,1.0131670934031738
589,A1,0.476464254663822,-0.40517685029538275,0.44340748673262215,-0.3843697412636052,1.1,0.4,1.0131670934031738,0.42836017653951564,-0.42836017653951564,1.0131670934031738
590,A1,0.28459718430197123,-0.5793688828439058,0.2771545182695012,-0.5222065692786526,1.1,0.4,1.0131670934031738,0.42836017653951564,-0.42836017653951564,1.0131670934031738
591,A1,0.05711133949236896,-0.6478044703267435,0.057049326948694176,-0.5701900948543313,1.1,0.4,1.0131670934031738,0.42836017653951564,-0.42836017653951564,1.0131670934031738
592,A1,-0.18644622892766866,-0.602135500854046,-0.18431542578752258,-0.5385673988549408,1.1,0.4,1.0131670934031738,0.42836017653951564,-0.42836017653951564,1.0131670934031738
593,A1,-0.4174431502664428,-0.46670537777026894,-0.39477423997866495,-0.43553348246136875,1.1,0.4,1.0131670934031738,0.42836017653951564,-0.42836017653951564,1.0131670934031738
594,A1,-0.5865374687056529,-0.2721626293746331,-0.5274007506180682,-0.2656360165584147,1.1,0.4,1.0131670934031738,0.42836017653951564,-0.42836017653951564,1.0131670934031738
595,A1,-0.6481329765105764,-0.0432161921578576,-0.5704117566495439,-0.04318930815574565,1.1,0.4,1.0131670934031738,0.42836017653951564,-0.42836017653951564,1.0131670934031738
596,A1,-0.5964230011938316,0.20058369496836306,-0.534499366065866,0.19793621149615323,1.1,0.4,1.0131670934031738,0.42836017653951564,-0.42836017653951564,1.0131670934031738
597,A1,-0.4567491786427374,0.429500698889027,-0.42743100219002766,0.404903951013821,1.1,0.4,1.0131670934031738,0.42836017653951564,-0.42836017653951564,1.0131670934031738
598,A1,-0.2596142981814482,0.5933297787127164,-0.2539347373159633,0.532286192955607,1.1,0.4,1.0131670934031738,0.42836017653951564,-0.42836017653951564,1.0131670934031738
599,A1,-0.02926811213650246,0.6480703838816548,-0.029259757759072268,0.5703695282498631,1.1,0.4,1.0131670934031738,0.42836017653951564,-0.42836017653951564,1.0131670934031738
600,A1,0.2146785680914314,0.5904133521018329,0.211440296089095,0.530192829640835,1.1,0.4,1.0131670934031738,0.42836017653951564,-0.42836017653951564,1.0131670934031738
601,A1,0.44133784432182827,0.44660132559011667,0.41475276504022635,0.4191012898422591,1.1,0.4,1.0131670934031738,0.42836017653951564,-0.42836017653951564,1.0131670934031738
602,A1,0.5997401559415044,0.2469560680181191,0.5368646419422991,0.2420551952259392,1.1,0.4,1.0131670934031738,0.42836017653951564,-0.42836017653951564,1.0131670934031738
603,A1,0.647620394986905,0.015270925789975548,0.5700658524508586,0.015269738834751944,1.1,0.4,1.0131670934031738,0.42836017653951564,-0.42836017653951564,1.0131670934031738
604,A1,0.5841129107990056,-0.22872271228276808,0.5256483498705121,-0.2248159703193685,1.1,0.4,1.0131670934031738,0.42836017653951564,-0.42836017653951564,1.0131670934031738
605,A1,0.4362674020555742,-0.4529429631473264,0.4105457282624082,-0.4243151176742999,1.1,0.4,1.0131670934031738,0.42836017653951564,-0.42836017653951564,1.0131670934031738
606,A1,0.2341917234973649,-0.6057635550971253,0.23000213735544858,-0.5411380841197045,1.1,0.4,1.0131670934031738,0.42836017653951564,-0.42836017653951564,1.0131670934031738
607,A1,0.0012285917351654851,-0.6467870559793691,0.0012285911170049838,-0.5695030606221935,1.1,0.4,1.0131670934031738,0.42836017653951564,-0.42836017653951564,1.0131670934031738
608,A1,-0.24270766349692036,-0.5775280401225744,-0.2380516147853034,-0.5208664370614638,1.1,0.4,1.0131670934031738,0.42836017653951564,-0.42836017653951564,1.0131670934031738
609,A1,-0.464304501565115,-0.42575290235388114,-0.43358599438516426,-0.40176584789108893,1.1,0.4,1.0131670934031738,0.42836017653951564,-0.42836017653951564,1.0131670934031738
610,A1,-0.6113955512017167,-0.22132496323658585,-0.5451087171743108,-0.21778054744025874,1.1,0.4,1.0131670934031738,0.42836017653951564,-0.42836017653951564,1.0131670934031738
611,A1,-0.6455747283166107,0.012854782072217713,-0.5686833661842323,0.012854074054386412,1.1,0.4,1.0131670934031738,0.42836017653951564,-0.42836017653951564,1.0131670934031738
612,A1,-0.5706650997524224,0.2566246319818356,-0.5158475630285847,0.2511357367095738,1.1,0.4,1.0131670934031738,0.42836017653951564,-0.42836017653951564,1.0131670934031738
613,A1,-0.4150632275604873,0.47541101757810705,-0.39276333486054305,0.44256093176090594,1.1,0.4,1.0131670934031738,0.42836017653951564,-0.42836017653951564,1.0131670934031738
614,A1,-0.20835940751739965,0.6166323443451085,-0.2053956502734618,0.5487789206109223,1.1,0.4,1.0131670934031738,0.42836017653951564,-0.42836017653951564,1.0131670934031738
615,A1,0.02697492132884141,0.6439880609278879,0.026968380497974738,0.5676088596145222,1.1,0.4,1.0131670934031738,0.42836017653951564,-0.42836017653951564,1.0131670934031738
616,A1,0.2704645069927938,0.5635304382544384,0.2640570071800656,0.5105921729856703,1.1,0.4,1.0131670934031738,0.42836017653951564,-0.42836017653951564,1.0131670934031738
617,A1,0.48625122381720465,0.40420368160615305,0.45123601517808853,0.3835400385180315,1.1,0.4,1.0131670934031738,0.42836017653951564,-0.42836017653951564,1.0131670934031738
618,A1,0.621470760546371,0.19529860690638173,0.5521512270625861,0.1928529161868464,1.1,0.4,1.0131670934031738,0.42836017653951564,-0.42836017653951564,1.0131670934031738
619,A1,0.6420319630659542,-0.04112736855368651,0.5662815049378686,-0.041104195792856714,1.1,0.4,1.0131670934031738,0.42836017653951564,-0.42836017653951564,1.0131670934031738
620,A1,0.5561303858395323,-0.2842178640043716,0.5051006977524054,-0.2768042985171515,1.1,0.4,1.0131670934031738,0.42836017653951564,-0.42836017653951564,1.0131670934031738
621,A1,0.3931794676380158,-0.49681403062957974,0.37409797839625025,-0.4596078729644614,1.1,0.4,1.0131670934031738,0.42836017653951564,-0.42836017653951564,1.0131670934031738
622,A1,0.1821460518177242,-0.6259082488255121,0.18015806559940198,-0.5552282944335462,1.1,0.4,1.0131670934031738,0.42836017653951564,-0.42836017653951564,1.0131670934031738
623,A1,-0.055307466546803574,-0.6397115780316149,-0.05525114183403411,-0.5647031376498186,1.1,0.4,1.0131670934031738,0.42836017653951564,-0.42836017653951564,1.0131670934031738
624,A1,-0.29787497451528955,-0.5484712477382824,-0.28936672141727665,-0.4993735661949974,1.1,0.4,1.0131670934031738,0.42836017653951564,-0.42836017653951564,1.0131670934031738
625,A1,-0.5070885890404047,-0.38199568471319745,-0.4676736671877901,-0.3644393506597407,1.1,0.4,1.0131670934031738,0.42836017653951564,-0.42836017653951564,1.0131670934031738
626,A1,-0.6299428746324095,-0.16890518299022506,-0.5580128790500224,-0.16731707359186132,1.1,0.4,1.0131670934031738,0.42836017653951564,-0.42836017653951564,1.0131670934031738
627,A1,-0.6370322579305328,0.06951034225339991,-0.5628754640201215,0.06939860744074916,1.1,0.4,1.0131670934031738,0.42836017653951564,-0.42836017653951564,1.0131670934031738
628,A1,-0.5405592980943132,0.3114258185243927,-0.49341121781702635,0.3017336615134032,1.1,0.4,1.0131670934031738,0.42836017653951564,-0.42836017653951564,1.0131670934031738
629,A1,-0.370657324894401,0.5170643331881106,-0.35456653406520794,0.4754310812432516,1.1,0.4,1.0131670934031738,0.42836017653951564,-0.42836017653951564,1.0131670934031738
630,A1,-0.15557940284315205,0.63357330982393,-0.1543361744504779,0.5605078099716534,1.1,0.4,1.0131670934031738,0.42836017653951564,-0.42836017653951564,1.0131670934031738
631,A1,0.08373089115627888,0.6339995395927988,0.08353576309963118,0.5608000617199832,1.1,0.4,1.0131670934031738,0.42836017653951564,-0.42836017653951564,1.0131670934031738
632,A1,0.3248600997366127,0.5324007742844348,0.31389481498907795,0.4872141154169683,1.1,0.4,1.0131670934031738,0.42836017653951564,-0.42836017653951564,1.0131670934031738
633,A1,0.5267310218293676,0.3591692708184482,0.48287830444707197,0.3444820954813624,1.1,0.4,1.0131670934031738,0.42836017653951564,-0.42836017653951564,1.0131670934031738
634,A1,0.6367988194191914,0.1421720876682368,0.5627159645945814,0.14122186610774726,1.1,0.4,1.0131670934031738,0.42836017653951564,-0.42836017653951564,1.0131670934031738
635,A1,0.6306191217570097,-0.09796376232598025,0.5584783817145593,-0.09765157790343237,1.1,0.4,1.0131670934031738,0.42836017653951564,-0.42836017653951564,1.0131670934031738
636,A1,0.5240018715801718,-0.3381672635354058,0.48078275772943185,-0.32584022288483605,1.1,0.4,1.0131670934031738,0.42836017653951564,-0.42836017653951564,1.0131670934031738
637,A1,0.3475362938084673,-0.5360787785122063,0.3341887950201648,-0.49001401387441756,1.1,0.4,1.0131670934031738,0.42836017653951564,-0.42836017653951564,1.0131670934031738
638,A1,0.12868660060840725,-0.6396192453963319,0.12798091439288417,-0.5646402456557338,1.1,0.4,1.0131670934031738,0.42836017653951564,-0.42836017653951564,1.0131670934031738
639,A1,-0.11220334426388673,-0.6268968435924983,-0.11173483872202673,-0.5559117513599711,1.1,0.4,1.0131670934031738,0.42836017653951564,-0.42836017653951564,1.0131670934031738
640,A1,-0.3513365177328167,-0.5153687380734681,-0.3375603037433812,-0.4741176919685996,1.1,0.4,1.0131670934031738,0.42836017653951564,-0.42836017653951564,1.0131670934031738
641,A1,-0.5450981300241511,-0.33576305259860006,-0.49683735370451376,-0.3236895908360494,1.1,0.4,1.0131670934031738,0.42836017653951564,-0.42836017653951564,1.0131670934031738
642,A1,-0.6420349878214605,-0.11512630536793153,-0.5662835597271612,-0.11462035699095005,1.1,0.4,1.0131670934031738,0.42836017653951564,-0.42836017653951564,1.0131670934031738
643,A1,-0.6228386646064361,0.1264437516787971,-0.5531013786421436,0.12577417161528304,1.1,0.4,1.0131670934031738,0.42836017653951564,-0.42836017653951564,1.0131670934031738
644,A1,-0.5065074697989149,0.3643568560800464,-0.4672195261948381,0.349045884253467,1.1,0.4,1.0131670934031738,0.42836017653951564,-0.42836017653951564,1.0131670934031738
645,A1,-0.3238540927368257,0.5537800427369555,-0.3129876436527099,0.5033479123553244,1.1,0.4,1.0131670934031738,0.42836017653951564,-0.42836017653951564,1.0131670934031738
646,A1,-0.10149458059340105,0.6440469836213614,-0.1011475069969056,0.5676487972696023,1.1,0.4,1.0131670934031738,0.42836017653951564,-0.42836017653951564,1.0131670934031738
647,A1,0.1406788133418185,0.6184506459571768,0.13975806546765773,0.550048357492858,1.1,0.4,1.0131670934031738,0.42836017653951564,-0.42836017653951564,1.0131670934031738
648,A1,0.3772170844904285,0.4974241059956817,0.3602882275715133,0.4600889414290822,1.1,0.4,1.0131670934031738,0.42836017653951564,-0.42836017653951564,1.0131670934031738
649,A1,0.5621159564904519,0.31181384672700363,0.5095456977038235,0.3020863210782978,1.1,0.4,1.0131670934031738,0.42836017653951564,-0.42836017653951564,1.0131670934031738
650,A1,0.6456566833259476,0.08779483486039641,0.5687388142960006,0.08756995593984583,1.1,0.4,1.0131670934031738,0.42836017653951564,-0.42836017653951564,1.0131670934031738
651,A1,0.6137389331717963,-0.154902061167692,0.5467536741165681,-0.15367489779224758,1.1,0.4,1.0131670934031738,0.42836017653951564,-0.42836017653951564,1.0131670934031738
652,A1,0.4881246244642102,-0.38990584989340316,0.45272670344449767,-0.3712790590245302,1.1,0.4,1.0131670934031738,0.42836017653951564,-0.42836017653951564,1.0131670934031738
653,A1,0.29964663496568933,-0.5700978156849866,0.2909892017693414,-0.5154311106960737,1.1,0.4,1.0131670934031738,0.42836017653951564,-0.42836017653951564,1.0131670934031738
654,A1,0.07403052219662454,-0.6468660261145184,0.0738955761434634,-0.5695564156786856,1.1,0.4,1.0131670934031738,0.42836017653951564,-0.42836017653951564,1.0131670934031738
655,A1,-0.16910672067270982,-0.608709740244607,-0.16751296261813076,-0.5432182142597208,1.1,0.4,1.0131670934031738,0.42836017653951564,-0.42836017653951564,1.0131670934031738
656,A1,-0.4024116716029405,-0.47861493698542407,-0.38201058892756345,-0.4451336741711241,1.1,0.4,1.0131670934031738,0.42836017653951564,-0.42836017653951564,1.0131670934031738
657,A1,-0.5777180972846001,-0.2873566675228578,-0.5210049176542575,-0.2797000795013201,1.1,0.4,1.0131670934031738,0.42836017653951564,-0.42836017653951564,1.0131670934031738
658,A1,-0.647677413501826,-0.060205158068655534,-0.5701043401184955,-0.06013252228156616,1.1,0.4,1.0131670934031738,0.42836017653951564,-0.42836017653951564,1.0131670934031738
659,A1,-0.6033693350746885,0.18328570296008684,-0.5394427713525334,0.1812605003397508,1.1,0.4,1.0131670934031738,0.42836017653951564,-0.42836017653951564,1.0131670934031738
660,A1,-0.4689008847834225,0.41472297504756706,-0.43731082265668486,0.3924755322832253,1.1,0.4,1.0131670934031738,0.42836017653951564,-0.42836017653951564,1.0131670934031738
661,A1,-0.27494804680854146,0.5849698354711172,-0.26822296719961547,0.5262682215859199,1.1,0.4,1.0131670934031738,0.42836017653951564,-0.42836017653951564,1.0131670934031738
662,A1,-0.046322335755927646,0.6480936819962438,-0.046289231982350514,0.5703852467803465,1.1,0.4,1.0131670934031738,0.42836017653951564,-0.42836017653951564,1.0131670934031738
663,A1,0.1974315983829411,0.597724026184334,0.194905729371617,0.5354280554514179,1.1,0.4,1.0131670934031738,0.42836017653951564,-0.42836017653951564,1.0131670934031738
664,A1,0.4268281276724457,0.4589882340260376,0.40266712516938086,0.42925923553542805,1.1,0.4,1.0131670934031738,0.42836017653951564,-0.42836017653951564,1.0131670934031738
665,A1,0.591846642732047,0.26242477115968277,0.531222432794454,0.2565621009785132,1.1,0.4,1.0131670934031738,0.42836017653951564,-0.42836017653951564,1.0131670934031738
666,A1,0.6481180750534248,0.032385743032228465,0.5704017035876797,0.032374425332180636,1.1,0.4,1.0131670934031738,0.42836017653951564,-0.42836017653951564,1.0131670934031738
667,A1,0.5917801506468064,-0.21153667203285542,0.5311747029085024,-0.20843687941654424,1.1,0.4,1.0131670934031738,0.42836017653951564,-0.42836017653951564,1.0131670934031738
668,A1,0.44888267137088517,-0.43871547678769884,0.4209801269665761,-0.4125791376630787,1.1,0.4,1.0131670934031738,0.42836017653951564,-0.42836017653951564,1.0131670934031738
669,A1,0.24979073937334745,-0.5983427272119196,0.2447219442280896,-0.5358692390798405,1.1,0.4,1.0131670934031738,0.42836017653951564,-0.42836017653951564,1.0131670934031738
670,A1,0.018399179071210747,-0.6477542146353303,0.018397103128905537,-0.5701561771577983,1.1,0.4,1.0131670934031738,0.42836017653951564,-0.42836017653951564,1.0131670934031738
671,A1,-0.22559286119825817,-0.5855440631409452,-0.22184222612188584,-0.5266832866929768,1.1,0.4,1.0131670934031738,0.42836017653951564,-0.42836017653951564,1.0131670934031738
672,A1,-0.4503733891022166,-0.4385897995772636,-0.42220588319355457,-0.41247484801449785,1.1,0.4,1.0131670934031738,0.42836017653951564,-0.42836017653951564,1.0131670934031738
673,A1,-0.6044529062065338,-0.23704975620395152,-0.5402105758054044,-0.2327071917792512,1.1,0.4,1.0131670934031738,0.42836017653951564,-0.42836017653951564,1.0131670934031738
674,A1,-0.6470060726669915,-0.004366571488482435,-0.5696510243512787,-0.0043665437362990145,1.1,0.4,1.0131670934031738,0.42836017653951564,-0.42836017653951564,1.0131670934031738
675,A1,-0.5790221260418741,0.23959177493150574,-0.5219543272873169,0.23511012686659472,1.1,0.4,1.0131670934031738,0.42836017653951564,-0.42836017653951564,1.0131670934031738
676,A1,-0.4281151332160974,0.4617902916494384,-0.4037448954537998,0.43154222426371097,1.1,0.4,1.0131670934031738,0.42836017653951564,-0.42836017653951564,1.0131670934031738
677,A1,-0.22420553883343616,0.6101726157315226,-0.22052277416602176,0.544248596090439,1.1,0.4,1.0131670934031738,0.42836017653951564,-0.42836017653951564,1.0131670934031738
678,A1,0.009708006571691213,0.6458779426624488,0.00970770160489424,0.568888485401257,1.1,0.4,1.0131670934031738,0.42836017653951564,-0.42836017653951564,1.0131670934031738
679,A1,0.25352469585643617,0.57222070045126,0.24822905739328038,0.5169883040798168,1.1,0.4,1.0131670934031738,0.42836017653951564,-0.42836017653951564,1.0131670934031738
680,A1,0.4729547137818546,0.417464094520761,0.4405835745268888,0.39479191999386676,1.1,0.4,1.0131670934031738,0.42836017653951564,-0.42836017653951564,1.0131670934031738
681,A1,0.6154979161495355,0.21126172431449539,0.5479856413704891,0.20817386199155016,1.1,0.4,1.0131670934031738,0.42836017653951564,-0.42836017653951564,1.0131670934031738
682,A1,0.6443744117676257,-0.02382031940209009,0.5678706785822962,-0.023815815147501924,1.1,0.4,1.0131670934031738,0.42836017653951564,-0.42836017653951564,1.0131670934031738
683,A1,0.5651461380670967,-0.26738258433914874,0.5117856671733348,-0.2611876489744544,1.1,0.4,1.0131670934031738,0.42836017653951564,-0.42836017653951564,1.0131670934031738
684,A1,0.40664200943077344,-0.4838553298850199,0.38561773392864007,-0.44932589725295907,1.1,0.4,1.0131670934031738,0.42836017653951564,-0.42836017653951564,1.0131670934031738
685,A1,0.19822187797814492,-0.6204254938929938,0.19566587039046643,-0.5514242125474103,1.1,0.4,1.0131670934031738,0.42836017653951564,-0.42836017653951564,1.0131670934031738
686,A1,-0.03796595185326104,-0.6425003334420117,-0.037947720819390116,-0.566599596373546,1.1,0.4,1.0131670934031738,0.42836017653951564,-0.42836017653951564,1.0131670934031738
687,A1,-0.28115608513364704,-0.5578047737917308,-0.27397472578150434,-0.5063468495288037,1.1,0.4,1.0131670934031738,0.42836017653951564,-0.42836017653951564,1.0131670934031738
688,A1,-0.49448100244036425,-0.3956541038878217,-0.45776570026370506,-0.3762243182282865,1.1,0.4,1.0131670934031738,0.42836017653951564,-0.42836017653951564,1.0131670934031738
689,A1,-0.6249526593705743,-0.185089502788248,-0.5545669419304623,-0.18300446356541086,1.1,0.4,1.0131670934031738,0.42836017653951564,-0.42836017653951564,1.0131670934031738
690,A1,-0.6402608009735719,0.0521402927179378,-0.5650771030668135,0.05209309433364611,1.1,0.4,1.0131670934031738,0.42836017653951564,-0.42836017653951564,1.0131670934031738
691,A1,-0.5502029189776388,0.29483553660053585,-0.5006722793609291,0.2865793421091237,1.1,0.4,1.0131670934031738,0.42836017653951564,-0.42836017653951564,1.0131670934031738
692,A1,-0.38450550044921183,0.5048208250495839,-0.36661382909957796,0.46590002746109366,1.1,0.4,1.0131670934031738,0.42836017653951564,-0.42836017653951564,1.0131670934031738
693,A1,-0.171868049617228,0.6290773411941382,-0.17019555936013422,0.5574165661481134,1.1,0.4,1.0131670934031738,0.42836017653951564,-0.42836017653951564,1.0131670934031738
694,A1,0.06633851849422193,0.6376611219928108,0.06624137533090832,0.5633049337667897,1.1,0.4,1.0131670934031738,0.42836017653951564,-0.42836017653951564,1.0131670934031738
695,A1,0.3084109825809673,0.5423468552131974,0.2989908190973596,0.4947623927027597,1.1,0.4,1.0131670934031738,0.42836017653951564,-0.42836017653951564,1.0131670934031738
696,A1,0.5148641650223733,0.3732012152876154,0.47372644711240475,0.3567886040510033,1.1,0.4,1.0131670934031738,0.42836017653951564,-0.42836017653951564,1.0131670934031738
697,A1,0.6327980769076625,0.15856092840922367,0.559975900188298,0.15724533381586836,1.1,0.4,1.0131670934031738,0.42836017653951564,-0.42836017653951564,1.0131670934031738
698,A1,0.6347067941229841,-0.0805555776490984,0.5612846947278279,-0.08038178163995766,1.1,0.4,1.0131670934031738,0.42836017653951564,-0.42836017653951564,1.0131670934031738
699,A1,0.5342428285552281,-0.321872186989265,0.4886176460555538,-0.31119878058839323,1.1,0.4,1.0131670934031738,0.42836017653951564,-0.42836017653951564,1.0131670934031738
700,A1,0.36174615564788004,-0.524600705124034,0.3467511675066244,-0.48124303709243776,1.1,0.4,1.0131670934031738,0.42836017653951564,-0.42836017653951564,1.0131670934031738
701,A1,0.14517152018951437,-0.6361140004398818,0.1441602256420938,-0.5622478127029588,1.1,0.4,1.0131670934031738,0.42836017653951564,-0.42836017653951564,1.0131670934031738
702,A1,-0.09478617551025006,-0.6314034818745725,-0.09450332572231533,-0.5590178649692232,1.1,0.4,1.0131670934031738,0.42836017653951564,-0.42836017653951564,1.0131670934031738
703,A1,-0.3352086511659712,-0.5258970441213334,-0.32319318775583156,-0.48223852904078374,1.1,0.4,1.0131670934031738,0.42836017653951564,-0.42836017653951564,1.0131670934031738
704,A1,-0.5340204840803485,-0.350145117831816,-0.48844836731448915,-0.33650423601929347,1.1,0.4,1.0131670934031738,0.42836017653951564,-0.42836017653951564,1.0131670934031738
705,A1,-0.6390248265370662,-0.13170318987225038,-0.5642352026911586,-0.13094694051777234,1.1,0.4,1.0131670934031738,0.42836017653951564,-0.42836017653951564,1.0131670934031738
706,A1,-0.6277569948638542,0.10902475992016439,-0.5565057991087438,0.1085948333431616,1.1,0.4,1.0131670934031738,0.42836017653951564,-0.42836017653951564,1.0131670934031738
707,A1,-0.5173156609628604,0.34840963400837877,-0.47562557697236163,0.3349643721507229,1.1,0.4,1.0131670934031738,0.42836017653951564,-0.42836017653951564,1.0131670934031738
708,A1,-0.3384027857803634,0.5431139354441568,-0.3260507231388968,0.495341479607981,1.1,0.4,1.0131670934031738,0.42836017653951564,-0.42836017653951564,1.0131670934031738
709,A1,-0.11815929981241946,0.6415308324610601,-0.11761245512493927,0.5659409776541605,1.1,0.4,1.0131670934031738,0.42836017653951564,-0.42836017653951564,1.0131670934031738
710,A1,0.12326550779193633,0.6237732674081812,0.1226449644844742,0.5537497313521476,1.1,0.4,1.0131670934031738,0.42836017653951564,-0.42836017653951564,1.0131670934031738
711,A1,0.3614641748679855,0.5085047871485917,0.3465030668207194,0.468779383269403,1.1,0.4,1.0131670934031738,0.42836017653951564,-0.42836017653951564,1.0131670934031738
712,A1,0.5518719244414008,0.3265237303195865,0.5019218653212473,0.31539374399469183,1.1,0.4,1.0131670934031738,0.42836017653951564,-0.42836017653951564,1.0131670934031738
713,A1,0.6436328372600524,0.10454322404259417,0.5673680332959424,0.10416402080362201,1.1,0.4,1.0131670934031738,0.42836017653951564,-0.42836017653951564,1.0131670934031738
714,A1,0.6194583395248304,-0.13750231271073426,0.550750780574494,-0.13664223648709242,1.1,0.4,1.0131670934031738,0.42836017653951564,-0.42836017653951564,1.0131670934031738
715,A1,0.49947047499982405,-0.3743611191739028,0.46170061163321247,-0.3578004351766749,1.1,0.4,1.0131670934031738,0.42836017653951564,-0.42836017653951564,1.0131670934031738
716,A1,0.31451240913269346,-0.5602857824339477,0.304536619652455,-0.5081894409429365,1.1,0.4,1.0131670934031738,0.42836017653951564,-0.42836017653951564,1.0131670934031738
717,A1,0.09085836313027165,-0.6453321789354117,0.090609166705648,-0.5685192348238691,1.1,0.4,1.0131670934031738,0.42836017653951564,-0.42836017653951564,1.0131670934031738
718,A1,-0.15172877372841792,-0.6148183393364257,-0.15057504937679067,-0.5475099564272102,1.1,0.4,1.0131670934031738,0.42836017653951564,-0.42836017653951564,1.0131670934031738
719,A1,-0.38708914670842465,-0.4902187164291666,-0.36884809730431833,-0.4543900079167927,1.1,0.4,1.0131670934031738,0.42836017653951564,-0.42836017653951564,1.0131670934031738
720,A1,-0.5683473386621365,-0.30237316751495974,-0.5141445220448864,-0.29348288130703243,1.1,0.4,1.0131670934031738,0.42836017653951564,-0.42836017653951564,1.0131670934031738
721,A1,-0.6466306898373877,-0.07710815958746228,-0.5693973998869012,-0.07695570231527914,1.1,0.4,1.0131670934031738,0.42836017653951564,-0.42836017653951564,1.0131670934031738
722,A1,-0.6098594668642318,0.16593818550112294,-0.5440281664030532,0.16443171329588563,1.1,0.4,1.0131670934031738,0.42836017653951564,-0.42836017653951564,1.0131670934031738
723,A1,-0.48075543834791895,0.3996368024261773,-0.44684841162107986,0.3796381534471776,1.1,0.4,1.0131670934031738,0.42836017653951564,-0.42836017653951564,1.0131670934031738
724,A1,-0.2901102399621857,0.5760489489614329,-0.28223627436891335,0.5197877958533952,1.1,0.4,1.0131670934031738,0.42836017653951564,-0.42836017653951564,1.0131670934031738
725,A1,-0.06329611376044655,0.6475306706257495,-0.06321171919692994,0.5700052831729173,1.1,0.4,1.0131670934031738,0.42836017653951564,-0.42836017653951564,1.0131670934031738
726,A1,0.18012352992063635,0.6045879791713209,0.1782004779270215,0.5403062237893151,1.1,0.4,1.0131670934031738,0.42836017653951564,-0.42836017653951564,1.0131670934031738
727,A1,0.4119925296721669,0.47108649812002024,0.3901632044202671,0.4390767669593153,1.1,0.4,1.0131670934031738,0.42836017653951564,-0.42836017653951564,1.0131670934031738
728,A1,0.5833835211844425,0.2777277526363434,0.525120292754966,0.27080076249965024,1.1,0.4,1.0131670934031738,0.42836017653951564,-0.42836017653951564,1.0131670934031738
729,A1,0.6480348631289582,0.04942580012413447,0.5703455626725872,0.04938559182462945,1.1,0.4,1.0131670934031738,0.42836017653951564,-0.42836017653951564,1.0131670934031738
730,A1,0.5990101768008896,-0.19427746939000345,0.5363448564378588,-0.19186956376032155,1.1,0.4,1.0131670934031738,0.42836017653951564,-0.42836017653951564,1.0131670934031738
731,A1,0.4612176790539567,-0.4241447056173623,0.4310761334393836,-0.4004163687516875,1.1,0.4,1.0131670934031738,0.42836017653951564,-0.42836017653951564,1.0131670934031738
732,A1,0.2652297267444743,-0.5903445371012668,0.25918053164530525,-0.5301433570372921,1.1,0.4,1.0131670934031738,0.42836017653951564,-0.42836017653951564,1.0131670934031738
733,A1,0.03550088390201733,-0.6481464224276627,0.035485977344443524,-0.5704208276047689,1.1,0.4,1.0131670934031738,0.42836017653951564,-0.42836017653951564,1.0131670934031738
734,A1,-0.20839234189195469,-0.5931323914408996,-0.2054271950198697,-0.5321447162788124,1.1,0.4,1.0131670934031738,0.42836017653951564,-0.42836017653951564,1.0131670934031738
735,A1,-0.4360816786940109,-0.4511546859373321,-0.41039129639058,-0.4228476959234472,1.1,0.4,1.0131670934031738,0.42836017653951564,-0.42836017653951564,1.0131670934031738
736,A1,-0.5969260705970996,-0.2526200828588385,-0.5348586171570329,-0.247379994109661,1.1,0.4,1.0131670934031738,0.42836017653951564,-0.42836017653951564,1.0131670934031738
737,A1,-0.6478688884757906,-0.021525137929111704,-0.5702335679876342,-0.021521814119854765,1.1,0.4,1.0131670934031738,0.42836017653951564,-0.42836017653951564,1.0131670934031738
738,A1,-0.586960974734784,0.22246015799536425,-0.5277063895030412,0.21886163403135867,1.1,0.4,1.0131670934031738,0.42836017653951564,-0.42836017653951564,1.0131670934031738
739,A1,-0.4409031406316796,0.44779180777757394,-0.4143927741345814,0.42008217886408783,1.1,0.4,1.0131670934031738,0.42836017653951564,-0.42836017653951564,1.0131670934031738
740,A1,-0.23990264619788668,0.603122802035189,-0.23540379269974154,0.5392679558133491,1.1,0.4,1.0131670934031738,0.42836017653951564,-0.42836017653951564,1.0131670934031738
741,A1,-0.007502459671370476,0.6472061575558148,-0.007502318911137763,0.5697861658305406,1.1,0.4,1.0131670934031738,0.42836017653951564,-0.42836017653951564,1.0131670934031738
742,A1,0.236472599939963,0.5805022881490984,0.2321612167805671,0.5230304073368117,1.1,0.4,1.0131670934031738,0.42836017653951564,-0.42836017653951564,1.0131670934031738
743,A1,0.45926350282884276,0.4304685777571631,0.4294837558122214,0.40571283159110094,1.1,0.4,1.0131670934031738,0.42836017653951564,-0.42836017653951564,1.0131670934031738
744,A1,0.6089300287048576,0.2270811528789497,0.5433734800908038,0.22325680496536582,1.1,0.4,1.0131670934031738,0.42836017653951564,-0.42836017653951564,1.0131670934031738
745,A1,0.6461624538445793,-0.006563111689348727,0.5690808879139826,-0.006563017456862942,1.1,0.4,1.0131670934031738,0.42836017653951564,-0.42836017653951564,1.0131670934031738
746,A1,0.5737626938026533,-0.250421022932822,0.5181172573304385,-0.24531438938293657,1.1,0.4,1.0131670934031738,0.42836017653951564,-0.42836017653951564,1.0131670934031738
747,A1,0.41985644050774634,-0.4704852666793205,0.3968094839605719,-0.438591317876841,1.1,0.4,1.0131670934031738,0.42836017653951564,-0.42836017653951564,1.0131670934031738
748,A1,0.21415925714472353,-0.6143436713270511,0.21094414754213675,-0.5471774919176119,1.1,0.4,1.0131670934031738,0.42836017653951564,-0.42836017653951564,1.0131670934031738
749,A1,-0.02066737820060066,-0.6447423013429328,-0.02066443607837732,-0.5681198801185863,1.1,0.4,1.0131670934031738,0.42836017653951564,-0.42836017653951564,1.0131670934031738
750,A1,-0.26429645878155134,-0.5667485461576843,-0.2583097451586639,-0.5129673950811474,1.1,0.4,1.0131670934031738,0.42836017653951564,-0.42836017653951564,1.0131670934031738
751,A1,-0.4814457376160938,-0.409072076646921,-0.447400705968322,-0.3876845068368103,1.1,0.4,1.0131670934031738,0.42836017653951564,-0.42836017653951564,1.0131670934031738
752,A1,-0.6193602766427039,-0.20114053955679967,-0.5506824590658603,-0.1984711805936796,1.1,0.4,1.0131670934031738,0.42836017653951564,-0.42836017653951564,1.0131670934031738
753,A1,-0.6429504963969845,0.03480596621627177,-0.5669051632588905,0.034791917733310716,1.1,0.4,1.0131670934031738,0.42836017653951564,-0.42836017653951564,1.0131670934031738
754,A1,-0.5594661844718726,0.27808962197852205,-0.5075812563089898,0.27113606198605134,1.1,0.4,1.0131670934031738,0.42836017653951564,-0.42836017653951564,1.0131670934031738
755,A1,-0.3981207347419365,0.49213373239985836,-0.37833984295414275,0.4559083069797789,1.1,0.4,1.0131670934031738,0.42836017653951564,-0.42836017653951564,1.0131670934031738
756,A1,-0.1880285161407723,0.6239770161608337,-0.18584351233432356,0.5538909868996947,1.1,0.4,1.0131670934031738,0.42836017653951564,-0.42836017653951564,1.0131670934031738
757,A1,0.0489743097123963,0.6407920810116337,0.0489351925574137,0.5654386303733744,1.1,0.4,1.0131670934031738,0.42836017653951564,-0.42836017653951564,1.0131670934031738
758,A1,0.2917909183375201,0.5519219259103744,0.2837823395889324,0.5019592692034545,1.1,0.4,1.0131670934031738,0.42836017653951564,-0.42836017653951564,1.0131670934031738
759,A1,0.5025382893321091,0.3870075607005333,0.46411104606296394,0.36877760886355554,1.1,0.4,1.0131670934031738,0.42836017653951564,-0.42836017653951564,1.0131670934031738
760,A1,0.6281916811925328,0.17482664845899057,0.5568057910560066,0.1730670035981033,1.1,0.4,1.0131670934031738,0.42836017653951564,-0.42836017653951564,1.0131670934031738
761,A1,0.6382723171287176,-0.06316763395548869,0.5637220454186777,-0.06308375172290917,1.1,0.4,1.0131670934031738,0.42836017653951564,-0.42836017653951564,1.0131670934031738
762,A1,0.5441220592193332,-0.30539045626882894,0.4961018669575914,-0.29623783640222145,1.1,0.4,1.0131670934031738,0.42836017653951564,-0.42836017653951564,1.0131670934031738
763,A1,0.3757375946783712,-0.5126487109752208,0.35900010110479735,-0.4720063756211238,1.1,0.4,1.0131670934031738,0.42836017653951564,-0.42836017653951564,1.0131670934031738
764,A1,0.16153835457895152,-0.6320026743427756,0.16014777240428962,-0.5594296712202709,1.1,0.4,1.0131670934031738,0.42836017653951564,-0.42836017653951564,1.0131670934031738
765,A1,-0.07738093964351128,-0.6353966620132466,-0.07722686121981533,-0.5617570433130102,1.1,0.4,1.0131670934031738,0.42836017653951564,-0.42836017653951564,1.0131670934031738
766,A1,-0.318878060760608,-0.5360728388664907,-0.3084921056533392,-0.4900095004060757,1.1,0.4,1.0131670934031738,0.42836017653951564,-0.42836017653951564,1.0131670934031738
767,A1,-0.5224546061226049,-0.36431576842765373,-0.47959226121133963,-0.34900980191677905,1.1,0.4,1.0131670934031738,0.42836017653951564,-0.42836017653951564,1.0131670934031738
768,A1,-0.6354089976732415,-0.1481670208977655,-0.5617654861382383,-0.14709219845401958,1.1,0.4,1.0131670934031738,0.42836017653951564,-0.42836017653951564,1.0131670934031738
769,A1,-0.6321707448622491,0.09160898764604075,-0.5595451312712163,0.09135357780852536,1.1,0.4,1.0131670934031738,0.42836017653951564,-0.42836017653951564,1.0131670934031738
770,A1,-0.5277804795603792,0.332243290113409,-0.4836826506838943,0.3205350302966433,1.1,0.4,1.0131670934031738,0.42836017653951564,-0.42836017653951564,1.0131670934031738
771,A1,-0.35274690315797474,0.5319459306156022,-0.3388093845355412,0.4868671645814588,1.1,0.4,1.0131670934031738,0.42836017653951564,-0.42836017653951564,1.0131670934031738
772,A1,-0.13471601477618542,0.6384102377853303,-0.13390692747738997,0.5638161299825248,1.1,0.4,1.0131670934031738,0.42836017653951564,-0.42836017653951564,1.0131670934031738
773,A1,0.10584628447632405,0.6286003447222995,0.1054527671914497,0.5570876913717183,1.1,0.4,1.0131670934031738,0.42836017653951564,-0.42836017653951564,1.0131670934031738
774,A1,0.34547545545066316,0.5192511510670583,0.33235685644314167,0.4771218418233832,1.1,0.4,1.0131670934031738,0.42836017653951564,-0.42836017653951564,1.0131670934031738
775,A1,0.541113026609437,0.3410357079792633,0.4938300240941318,0.3284017181344698,1.1,0.4,1.0131670934031738,0.42836017653951564,-0.42836017653951564,1.0131670934031738
776,A1,0.6410065481026325,0.12118869792943351,0.5655845101720898,0.12059887533597859,1.1,0.4,1.0131670934031738,0.42836017653951564,-0.42836017653951564,1.0131670934031738
777,A1,0.6246913697743008,-0.12008706863348671,0.5543859842935135,-0.11951312442576678,1.1,0.4,1.0131670934031738,0.42836017653951564,-0.42836017653951564,1.0131670934031738
778,A1,0.5104909732523061,-0.35856364300098853,0.4703276532093355,-0.34394822493868654,1.1,0.4,1.0131670934031738,0.42836017653951564,-0.42836017653951564,1.0131670934031738
779,A1,0.3291867789940496,-0.5499466599024772,0.31778987246521445,-0.5004802328123469,1.1,0.4,1.0131670934031738,0.42836017653951564,-0.42836017653951564,1.0131670934031738
780,A1,0.10758844051651184,-0.6431986286558987,0.10717523177252129,-0.5670735267224212,1.1,0.4,1.0131670934031738,0.42836017653951564,-0.42836017653951564,1.0131670934031738
781,A1,-0.1343252979579252,-0.6204498380179831,-0.13352319657072823,-0.5514411541594555,1.1,0.4,1.0131670934031738,0.42836017653951564,-0.42836017653951564,1.0131670934031738
782,A1,-0.37149673911836395,-0.5015060112874694,-0.35530020076047086,-0.46330073181501386,1.1,0.4,1.0131670934031738,0.42836017653951564,-0.42836017653951564,1.0131670934031738
783,A1,-0.5584380549612165,-0.31720459910230026,-0.5068176145370729,-0.3069771222598136,1.1,0.4,1.0131670934031738,0.42836017653951564,-0.42836017653951564,1.0131670934031738
784,A1,-0.6449877036908624,-0.09391863586480934,-0.5682860531852184,-0.09364346368770571,1.1,0.4,1.0131670934031738,0.42836017653951564,-0.42836017653951564,1.0131670934031738
785,A1,-0.6158818593642665,0.1485546381466863,-0.5482542344201893,0.14747140753184965,1.1,0.4,1.0131670934031738,0.42836017653951564,-0.42836017653951564,1.0131670934031738
786,A1,-0.49230227096861146,0.3842634579738883,-0.45604180414622075,0.3664042999237902,1.1,0.4,1.0131670934031738,0.42836017653951564,-0.42836017653951564,1.0131670934031738
787,A1,-0.3050935385769735,0.5665789272976856,-0.29596695145480306,0.5128423980982394,1.1,0.4,1.0131670934031738,0.42836017653951564,-0.42836017653951564,1.0131670934031738
788,A1,-0.08018271576255068,0.6463754974301482,-0.08001131781400729,0.5692249192186979,1.1,0.4,1.0131670934031738,0.42836017653951564,-0.42836017653951564,1.0131670934031738
789,A1,0.1627684525782376,0.610993619121432,0.1613460850311379,0.5448261547112843,1.1,0.4,1.0131670934031738,0.42836017653951564,-0.42836017653951564,1.0131670934031738
790,A1,0.39685237181845046,0.4828856941109618,0.3772525136184468,0.44855168782620397,1.1,0.4,1.0131670934031738,0.42836017653951564,-0.42836017653951564,1.0131670934031738
791,A1,0.5743615128861734,0.29285785646238893,0.5185551902055154,0.2847630572965278,1.1,0.4,1.0131670934031738,0.42836017653951564,-0.42836017653951564,1.0131670934031738
792,A1,0.6473642083251249,0.0663841662478078,0.5698928948134794,0.06628682264835833,1.1,0.4,1.0131670934031738,0.42836017653951564,-0.42836017653951564,1.0131670934031738
793,A1,0.6057913628411878,-0.17695979359734876,0.5411577486143118,-0.17513548959786412,1.1,0.4,1.0131670934031738,0.42836017653951564,-0.42836017653951564,1.0131670934031738
794,A1,0.47326215399369204,-0.40925194367976314,0.4408313027610857,-0.38783732932647447,1.1,0.4,1.0131670934031738,0.42836017653951564,-0.42836017653951564,1.0131670934031738
795,A1,0.2805017028406808,-0.581778594341837,0.2733693543834878,-0.5239569471655543,1.1,0.4,1.0131670934031738,0.42836017653951564,-0.42836017653951564,1.0131670934031738
796,A1,0.05252654381927799,-0.6479564821323293,0.05247828949937729,-0.5702926761845033,1.1,0.4,1.0131670934031738,0.42836017653951564,-0.42836017653951564,1.0131670934031738
797,A1,-0.19112139541073228,-0.6002813824734157,-0.18882784543899306,-0.5372497622508431,1.1,0.4,1.0131670934031738,0.42836017653951564,-0.42836017653951564,1.0131670934031738
798,A1,-0.4214505623205923,-0.46343745084340937,-0.3981517487095906,-0.43288168183366826,1.1,0.4,1.0131670934031738,0.42836017653951564,-0.42836017653951564,1.0131670934031738
799,A1,-0.5888235236244793,-0.2680291220041381,-0.5290489457680169,-0.2617899786963162,1.1,0.4,1.0131670934031738,0.42836017653951564,-0.42836017653951564,1.0131670934031738
800,A1,-0.648155384142425,-0.03861349199059316,-0.570426873326588,-0.03859431250095281,1.1,0.4,1.0131670934031738,0.42836017653951564,-0.42836017653951564,1.0131670934031738
801,A1,-0.594470003763689,0.20524566874257705,-0.5331028636365907,0.20241137301303014,1.1,0.4,1.0131670934031738,0.42836017653951564,-0.42836017653951564,1.0131670934031738
802,A1,-0.4534173073581257,0.43343657924844864,-0.4247039810827419,0.4081893020953201,1.1,0.4,1.0131670934031738,0.42836017653951564,-0.42836017653951564,1.0131670934031738
803,A1,-0.2554440565632651,0.5954902410758239,-0.2500292916589412,0.533832753634292,1.1,0.4,1.0131670934031738,0.42836017653951564,-0.42836017653951564,1.0131670934031738
804,A1,-0.024648758106382812,0.6479643708781422,-0.02464376744225583,0.5702979992200912,1.1,0.4,1.0131670934031738,0.42836017653951564,-0.42836017653951564,1.0131670934031738
805,A1,0.21932469739607668,0.5883635748156287,0.21587432309660215,0.5287176527211864,1.1,0.4,1.0131670934031738,0.42836017653951564,-0.42836017653951564,1.0131670934031738
806,A1,0.4451983475313678,0.4432073642864642,0.41794405943436846,0.4162994893352197,1.1,0.4,1.0131670934031738,0.42836017653951564,-0.42836017653951564,1.0131670934031738
807,A1,0.6017732906471873,0.2427503525120422,0.5383101993109525,0.23809188426567746,1.1,0.4,1.0131670934031738,0.42836017653951564,-0.42836017653951564,1.0131670934031738
808,A1,0.6473872615618325,0.010636210334479812,0.5699084606636093,0.010635809264787905,1.1,0.4,1.0131670934031738,0.42836017653951564,-0.42836017653951564,1.0131670934031738
809,A1,0.5819684557307312,-0.2333502368624316,0.5240946720373918,-0.2292050121004001,1.1,0.4,1.0131670934031738,0.42836017653951564,-0.42836017653951564,1.0131670934031738
810,A1,0.43281317608914466,-0.4567242621405584,0.4076696372692998,-0.42741063764768633,1.1,0.4,1.0131670934031738,0.42836017653951564,-0.42836017653951564,1.0131670934031738
811,A1,0.22995176526323274,-0.607667831225581,0.22598258129851795,-0.5424833423751954,1.1,0.4,1.0131670934031738,0.42836017653951564,-0.42836017653951564,1.0131670934031738
812,A1,-0.0034201452556193446,-0.6464282096338041,-0.003420131920086701,-0.5692605507026461,1.1,0.4,1.0131670934031738,0.42836017653951564,-0.42836017653951564,1.0131670934031738
813,A1,-0.24731371511249706,-0.5752910092314132,-0.24239185836103747,-0.5192344178818844,1.1,0.4,1.0131670934031738,0.42836017653951564,-0.42836017653951564,1.0131670934031738
814,A1,-0.4680028015095228,-0.4222402067210025,-0.4365842043288433,-0.39881600589811617,1.1,0.4,1.0131670934031738,0.42836017653951564,-0.42836017653951564,1.0131670934031738
815,A1,-0.6131696440188931,-0.21705196665779006,-0.546354443802351,-0.2137064456469021,1.1,0.4,1.0131670934031738,0.42836017653951564,-0.42836017653951564,1.0131670934031738
816,A1,-0.645091674580075,0.017516147622728795,-0.5683564426165266,0.017514356434446904,1.1,0.4,1.0131670934031738,0.42836017653951564,-0.42836017653951564,1.0131670934031738
817,A1,-0.5683375921685183,0.2612062356981022,-0.5141373519481934,0.2554234191086644,1.1,0.4,1.0131670934031738,0.42836017653951564,-0.42836017653951564,1.0131670934031738
818,A1,-0.41149382558164155,0.4790225699715134,-0.38974033447466944,0.4454604778147536,1.1,0.4,1.0131670934031738,0.42836017653951564,-0.42836017653951564,1.0131670934031738
819,A1,-0.20405455294357674,0.6182751360137022,-0.2012687827289006,0.5499259368265315,1.1,0.4,1.0131670934031738,0.42836017653951564,-0.42836017653951564,1.0131670934031738
820,A1,0.03164746379243638,0.6433823943031995,0.03163690239157276,0.5671981854203759,1.1,0.4,1.0131670934031738,0.42836017653951564,-0.42836017653951564,1.0131670934031738
821,A1,0.27501858327991485,0.5611145478122992,0.26828842778752876,0.5088039133309128,1.1,0.4,1.0131670934031738,0.42836017653951564,-0.42836017653951564,1.0131670934031738
822,A1,0.489772340713624,0.4005793036910663,0.45403572368444123,0.3804445278299099,1.1,0.4,1.0131670934031738,0.42836017653951564,-0.42836017653951564,1.0131670934031738
823,A1,0.6229813395712848,0.1909630537098587,0.5532003985051042,0.1886751449983507,1.1,0.4,1.0131670934031738,0.42836017653951564,-0.42836017653951564,1.0131670934031738
824,A1,0.641305358243006,-0.045809572109975466,0.5657877008345089,-0.04577755493143882,1.1,0.4,1.0131670934031738,0.42836017653951564,-0.42836017653951564,1.0131670934031738
825,A1,0.5536281988257854,-0.28874123168634686,0.503234530819083,-0.2809758313886427,1.1,0.4,1.0131670934031738,0.42836017653951564,-0.42836017653951564,1.0131670934031738
826,A1,0.389501810153104,-0.5002410988670141,0.370930663166359,-0.46230674779031616,1.1,0.4,1.0131670934031738,0.42836017653951564,-0.42836017653951564,1.0131670934031738
827,A1,0.17778094175550246,-0.62728590827725,0.17593133650728,-0.5561805221763659,1.1,0.4,1.0131670934031738,0.42836017653951564,-0.42836017653951564,1.0131670934031738
828,A1,-0.059997745819691556,-0.6388657814259795,-0.05992585744414429,-0.5641267816699044,1.1,0.4,1.0131670934031738,0.42836017653951564,-0.42836017653951564,1.0131670934031738
829,A1,-0.3023643545931657,-0.5458848408213284,-0.29347482744076453,-0.4974296353957006,1.1,0.4,1.0131670934031738,0.42836017653951564,-0.42836017653951564,1.0131670934031738
830,A1,-0.5104180843392465,-0.37826640897403274,-0.47027088596836963,-0.3612009963393169,1.1,0.4,1.0131670934031738,0.42836017653951564,-0.42836017653951564,1.0131670934031738
831,A1,-0.6311871092068672,-0.16451164386063086,-0.5588690909779702,-0.16304341747733467,1.1,0.4,1.0131670934031738,0.42836017653951564,-0.42836017653951564,1.0131670934031738
832,A1,-0.636069079593221,0.07420703708977056,-0.5622170915753764,0.07407112487549701,1.1,0.4,1.0131670934031738,0.42836017653951564,-0.42836017653951564,1.0131670934031738
833,A1,-0.5378907364048616,0.3158778388959721,-0.49138967285982615,0.30577490029836807,1.1,0.4,1.0131670934031738,0.42836017653951564,-0.42836017653951564,1.0131670934031738
834,A1,-0.3668780563065648,0.5202928339868729,-0.3512579676662665,0.4779259906118817,1.1,0.4,1.0131670934031738,0.42836017653951564,-0.42836017653951564,1.0131670934031738
835,A1,-0.1511585524238087,0.634683811810506,-0.15001770881825155,0.5612689525716952,1.1,0.4,1.0131670934031738,0.42836017653951564,-0.42836017653951564,1.0131670934031738
836,A1,0.08843226160736878,0.632920845527948,0.0882024591899675,0.5600601660894446,1.1,0.4,1.0131670934031738,0.42836017653951564,-0.42836017653951564,1.0131670934031738
837,A1,0.32927130082733636,0.5296521096179075,0.31786585636336945,0.4851151164878512,1.1,0.4,1.0131670934031738,0.42836017653951564,-0.42836017653951564,1.0131670934031738
838,A1,0.5298552227245094,0.355341598190241,0.485270414326909,0.3411042073123222,1.1,0.4,1.0131670934031738,0.42836017653951564,-0.42836017653951564,1.0131670934031738
839,A1,0.6377754736608261,0.13772503791974047,0.5633829951983914,0.13686079651607436,1.1,0.4,1.0131670934031738,0.42836017653951564,-0.42836017653951564,1.0131670934031738
840,A1,0.6294268266748928,-0.10266798387550977,0.5576574149376112,-0.10230876704416461,1.1,0.4,1.0131670934031738,0.42836017653951564,-0.42836017653951564,1.0131670934031738
841,A1,0.5211751406944887,-0.3425341048470437,0.47860647965134157,-0.32973785788123666,1.1,0.4,1.0131670934031738,0.42836017653951564,-0.42836017653951564,1.0131670934031738
842,A1,0.34366176885850674,-0.5390955031709261,0.33074254030533606,-0.4923029909164239,1.1,0.4,1.0131670934031738,0.42836017653951564,-0.42836017653951564,1.0131670934031738
843,A1,0.1242144621260485,-0.6404621233348039,0.12357953579920322,-0.5652141251657294,1.1,0.4,1.0131670934031738,0.42836017653951564,-0.42836017653951564,1.0131670934031738
844,A1,-0.11690850334882755,-0.6255929041161978,-0.11637877969888197,-0.5550101255136594,1.1,0.4,1.0131670934031738,0.42836017653951564,-0.42836017653951564,1.0131670934031738
845,A1,-0.3556553853075744,-0.5124659610587384,-0.34138145496174566,-0.4718643283106431,1.1,0.4,1.0131670934031738,0.42836017653951564,-0.42836017653951564,1.0131670934031738
846,A1,-0.5480043434431854,-0.33184318968040516,-0.49902301396309595,-0.32017599123841883,1.1,0.4,1.0131670934031738,0.42836017653951564,-0.42836017653951564,1.0131670934031738
847,A1,-0.6427443407288849,-0.11063019206199592,-0.5667652458509783,-0.11018105497684265,1.1,0.4,1.0131670934031738,0.42836017653951564,-0.42836017653951564,1.0131670934031738
848,A1,-0.6214250729419613,0.1311478415502041,-0.5521194674816347,0.1304010751697764,1.1,0.4,1.0131670934031738,0.42836017653951564,-0.42836017653951564,1.0131670934031738
849,A1,-0.5035306484990079,0.3686240708677475,-0.4648892933062839,0.35278761549000676,1.1,0.4,1.0131670934031738,0.42836017653951564,-0.42836017653951564,1.0131670934031738
850,A1,-0.3198903688011292,0.5565728627266571,-0.3094077887200775,0.5054302132982037,1.1,0.4,1.0131670934031738,0.42836017653951564,-0.42836017653951564,1.0131670934031738
851,A1,-0.09697561457700068,0.6446232351243207,-0.0966727588322954,0.5680392382817446,1.1,0.4,1.0131670934031738,0.42836017653951564,-0.42836017653951564,1.0131670934031738
852,A1,0.14537973031435739,0.6169294240288321,0.14436410258615107,0.5489864984332891,1.1,0.4,1.0131670934031738,0.42836017653951564,-0.42836017653951564,1.0131670934031738
853,A1,0.3814289115956625,0.49437522246546906,0.3639477526143169,0.4576820823742543,1.1,0.4,1.0131670934031738,0.42836017653951564,-0.42836017653951564,1.0131670934031738
854,A1,0.5647926642716735,0.30780770154080644,0.5115247296560087,0.298441369632839,1.1,0.4,1.0131670934031738,0.42836017653951564,-0.42836017653951564,1.0131670934031738
855,A1,0.6461004213320404,0.0832541515223898,0.5690389433396088,0.0830623314431039,1.1,0.4,1.0131670934031738,0.42836017653951564,-0.42836017653951564,1.0131670934031738
856,A1,0.6121121272173565,-0.15959760130731365,0.5456121705339345,-0.15825620869455181,1.1,0.4,1.0131670934031738,0.42836017653951564,-0.42836017653951564,1.0131670934031738
857,A1,0.48500563945039055,-0.39405850866808967,0.4502434918165707,-0.3748537495236546,1.1,0.4,1.0131670934031738,0.42836017653951564,-0.42836017653951564,1.0131670934031738
858,A1,0.2955994716050385,-0.5726558654964766,0.2872803832600892,-0.5173070878193364,1.1,0.4,1.0131670934031738,0.42836017653951564,-0.42836017653951564,1.0131670934031738
859,A1,0.06946927543594067,-0.647177994252409,0.06935773829147596,-0.5697671456150903,1.1,0.4,1.0131670934031738,0.42836017653951564,-0.42836017653951564,1.0131670934031738
860,A1,-0.17379457697230333,-0.6069794158583821,-0.17206566640950757,-0.5419973380878527,1.1,0.4,1.0131670934031738,0.42836017653951564,-0.42836017653951564,1.0131670934031738
861,A1,-0.406501346537861,-0.4754277884231609,-0.3854979812588846,-0.44257441776516093,1.1,0.4,1.0131670934031738,0.42836017653951564,-0.42836017653951564,1.0131670934031738
862,A1,-0.5801551249106129,-0.28326985315404735,-0.522778168563398,-0.27592869533787284,1.1,0.4,1.0131670934031738,0.42836017653951564,-0.42836017653951564,1.0131670934031738
863,A1,-0.6478585021852619,-0.055624525665180696,-0.570226558927485,-0.055567227521889306,1.1,0.4,1.0131670934031738,0.42836017653951564,-0.42836017653951564,1.0131670934031738
864,A1,-0.6015375726809415,0.18796346305287256,-0.5381427659526321,0.18578070527845417,1.1,0.4,1.0131670934031738,0.42836017653951564,-0.42836017653951564,1.0131670934031738
865,A1,-0.4656474863054583,0.4187458274042958,-0.43467586698499777,0.3958733333375297,1.1,0.4,1.0131670934031738,0.42836017653951564,-0.42836017653951564,1.0131670934031738
866,A1,-0.27082291376994405,0.5872836656125714,-0.2643903920835791,0.5279391797015096,1.1,0.4,1.0131670934031738,0.42836017653951564,-0.42836017653951564,1.0131670934031738
867,A1,-0.04172352485197961,0.6481449192201081,-0.041699330198357754,0.5704198135098995,1.1,0.4,1.0131670934031738,0.42836017653951564,-0.42836017653951564,1.0131670934031738
868,A1,0.2020967428428088,0.5957929169187534,0.19938954369244485,0.5340491387300419,1.1,0.4,1.0131670934031738,0.42836017653951564,-0.42836017653951564,1.0131670934031738
869,A1,0.4307803077850365,0.4556704734853557,0.4059732170117074,0.42654896717144913,1.1,0.4,1.0131670934031738,0.42836017653951564,-0.42836017653951564,1.0131670934031738
870,A1,0.5940352951595975,0.25826261835377284,0.5327916265288188,0.2526697842467931,1.1,0.4,1.0131670934031738,0.42836017653951564,-0.42836017653951564,1.0131670934031738
871,A1,0.6480406170259103,0.02776999569746988,0.5703494448482938,0.02776285941162554,1.1,0.4,1.0131670934031738,0.42836017653951564,-0.42836017653951564,1.0131670934031738
872,A1,0.5897517926198652,-0.21618657330979224,0.5297170706593216,-0.21288042263952708,1.1,0.4,1.0131670934031738,0.42836017653951564,-0.42836017653951564,1.0131670934031738
873,A1,0.44550240938227403,-0.44259313695175095,0.41819497670682554,-0.4157915810218442,1.1,0.4,1.0131670934031738,0.42836017653951564,-0.42836017653951564,1.0131670934031738
874,A1,0.2455928339757009,-0.6004044216554866,0.2407714112191721,-0.5373372819490047,1.1,0.4,1.0131670934031738,0.42836017653951564,-0.42836017653951564,1.0131670934031738
875,A1,0.013767777922569752,-0.6475493363449476,0.01376690808657681,-0.5700178841534569,1.1,0.4,1.0131670934031738,0.42836017653951564,-0.42836017653951564,1.0131670934031738
876,A1,-0.23022478323543027,-0.5834205580539542,-0.22624164076451644,-0.525147116137057,1.1,0.4,1.0131670934031738,0.42836017653951564,-0.42836017653951564,1.0131670934031738
877,A1,-0.45417269695783735,-0.435148868087163,-0.42532291975422837,-0.4096152938518529,1.1,0.4,1.0131670934031738,0.42836017653951564,-0.42836017653951564,1.0131670934031738
878,A1,-0.6063860659528082,-0.23281733569314525,-0.5415781565547231,-0.22870004523009402,1.1,0.4,1.0131670934031738,0.42836017653951564,-0.42836017653951564,1.0131670934031738
879,A1,-0.6466751584765561,0.0002791546647778753,-0.5694274504365064,0.0002791546575266166,1.1,0.4,1.0131670934031738,0.42836017653951564,-0.42836017653951564,1.0131670934031738
880,A1,-0.576805576124355,0.2442028735084044,-0.5203397807861494,0.23946159046816476,1.1,0.4,1.0131670934031738,0.42836017653951564,-0.42836017653951564,1.0131670934031738
881,A1,-0.42461533411377134,0.46550744395441945,-0.40081146535900175,0.4345622777574254,1.1,0.4,1.0131670934031738,0.42836017653951564,-0.42836017653951564,1.0131670934031738
882,A1,-0.21993981334286192,0.6119758699183973,-0.21646069564315407,0.5455164689158938,1.1,0.4,1.0131670934031738,0.42836017653951564,-0.42836017653951564,1.0131670934031738
883,A1,0.014366677089222013,0.6454224770146467,0.014365688736681993,0.5685803441515671,1.1,0.4,1.0131670934031738,0.42836017653951564,-0.42836017653951564,1.0131670934031738
884,A1,0.2581120196997427,0.5699132056868627,0.2525287947511979,0.5152955329947937,1.1,0.4,1.0131670934031738,0.42836017653951564,-0.42836017653951564,1.0131670934031738
885,A1,0.4765859504623514,0.41390719830704015,0.4435052506200469,0.39178519450594496,1.1,0.4,1.0131670934031738,0.42836017653951564,-0.42836017653951564,1.0131670934031738
886,A1,0.6171701007638941,0.20696387930417995,0.5491546163112763,0.20405861335553055,1.1,0.4,1.0131670934031738,0.42836017653951564,-0.42836017653951564,1.0131670934031738
887,A1,0.6437959700784148,-0.02849049621328334,0.5674786423635717,-0.028482790057211108,1.1,0.4,1.0131670934031738,0.42836017653951564,-0.42836017653951564,1.0131670934031738
888,A1,0.5627497936746342,-0.2719430770395416,0.5100148158448995,-0.26543194448508556,1.1,0.4,1.0131670934031738,0.42836017653951564,-0.42836017653951564,1.0131670934031738
889,A1,0.4030297539632736,-0.4873969482433964,0.38253834855858154,-0.4521479822592718,1.1,0.4,1.0131670934031738,0.42836017653951564,-0.42836017653951564,1.0131670934031738
890,A1,0.19389307722178079,-0.6219656514954249,0.19149929528804688,-0.5524951461186662,1.1,0.4,1.0131670934031738,0.42836017653951564,-0.42836017653951564,1.0131670934031738
891,A1,-0.04264613393287081,-0.6418005732491915,-0.04262029932207967,-0.5661242953944512,1.1,0.4,1.0131670934031738,0.42836017653951564,-0.42836017653951564,1.0131670934031738
892,A1,-0.2856865879026007,-0.5553216679279429,-0.278159935772302,-0.5044980593481017,1.1,0.4,1.0131670934031738,0.42836017653951564,-0.42836017653951564,1.0131670934031738
893,A1,-0.4979293713938326,-0.39198819322361445,-0.460487158714809,-0.3730729656837305,1.1,0.4,1.0131670934031738,0.42836017653951564,-0.42836017653951564,1.0131670934031738
894,A1,-0.6263600375869725,-0.1807308916678317,-0.5555407280579052,-0.17878848893871224,1.1,0.4,1.0131670934031738,0.42836017653951564,-0.42836017653951564,1.0131670934031738
895,A1,-0.6394414533985309,0.05682891067379475,-0.5645191248971528,0.05676781280183668,1.1,0.4,1.0131670934031738,0.42836017653951564,-0.42836017653951564,1.0131670934031738
896,A1,-0.5476351306289947,0.2993327918961696,-0.4987456929064946,0.2907019070447173,1.1,0.4,1.0131670934031738,0.42836017653951564,-0.42836017653951564,1.0131670934031738
897,A1,-0.3807876038073761,0.5081723992690049,-0.3633912613414732,0.46851999858564564,1.1,0.4,1.0131670934031738,0.42836017653951564,-0.42836017653951564,1.0131670934031738
898,A1,-0.16748075871501275,0.6303513900294284,-0.16593219695695952,0.5582941274591486,1.1,0.4,1.0131670934031738,0.42836017653951564,-0.42836017653951564,1.0131670934031738
899,A1,0.07103392930649013,0.6367239835639196,0.07091469516821784,0.5626648233037318,1.1,0.4,1.0131670934031738,0.42836017653951564,-0.42836017653951564,1.0131670934031738
900,A1,0.3128716386261173,0.5396964522453486,0.3030472755399921,0.4927581579146227,1.1,0.4,1.0131670934031738,0.42836017653951564,-0.42836017653951564,1.0131670934031738
901,A1,0.5181154988381989,0.36943296615493015,0.47624424028601553,0.35349563419595,1.1,0.4,1.0131670934031738,0.42836017653951564,-0.42836017653951564,1.0131670934031738
902,A1,0.6339384449507103,0.15414607738417707,0.5607581797068785,0.15293668168010519,1.1,0.4,1.0131670934031738,0.42836017653951564,-0.42836017653951564,1.0131670934031738
903,A1,0.6336537189995303,-0.08525605960265731,0.560562954591074,-0.08505009447013455,1.1,0.4,1.0131670934031738,0.42836017653951564,-0.42836017653951564,1.0131670934031738
904,A1,0.5315118658906044,-0.3262928031981165,0.48653592041921007,-0.31518577279267335,1.1,0.4,1.0131670934031738,0.42836017653951564,-0.42836017653951564,1.0131670934031738
905,A1,0.3579291510511557,-0.5277484660659746,0.34338867159096814,-0.4836581263317654,1.1,0.4,1.0131670934031738,0.42836017653951564,-0.42836017653951564,1.0131670934031738
906,A1,0.1407302219231518,-0.6371205300407567,0.13980846955810505,-0.5629357659883167,1.1,0.4,1.0131670934031738,0.42836017653951564,-0.42836017653951564,1.0131670934031738
907,A1,-0.09948992336383142,-0.6302363745007015,-0.09916295931039154,-0.5582149563054456,1.1,0.4,1.0131670934031738,0.42836017653951564,-0.42836017653951564,1.0131670934031738
908,A1,-0.33958570448776526,-0.5230875620177878,-0.3271074787792544,-0.4800794837537804,1.1,0.4,1.0131670934031738,0.42836017653951564,-0.42836017653951564,1.0131670934031738
909,A1,-0.5370614659189865,-0.34628091780003656,-0.49076038489806634,-0.33307315464288245,1.1,0.4,1.0131670934031738,0.42836017653951564,-0.42836017653951564,1.0131670934031738
910,A1,-0.6398975480479951,-0.12723655486661867,-0.564829790453536,-0.12655435537787385,1.1,0.4,1.0131670934031738,0.42836017653951564,-0.42836017653951564,1.0131670934031738
911,A1,-0.6264778030728434,0.11372988035774154,-0.5556221427849393,0.11324205825704262,1.1,0.4,1.0131670934031738,0.42836017653951564,-0.42836017653951564,1.0131670934031738
912,A1,-0.5144296833691753,0.3527395261879013,-0.4733894010668701,0.33880285436481267,1.1,0.4,1.0131670934031738,0.42836017653951564,-0.42836017653951564,1.0131670934031738
913,A1,-0.3344929130189871,0.5460450706064361,-0.32255206300772565,0.4975502089137894,1.1,0.4,1.0131670934031738,0.42836017653951564,-0.42836017653951564,1.0131670934031738
914,A1,-0.11366844082115107,0.6422699576405002,-0.11318140618464193,0.5664431588739616,1.1,0.4,1.0131670934031738,0.42836017653951564,-0.42836017653951564,1.0131670934031738
915,A1,0.1279700152034734,0.6223839759886878,0.12727600149592955,0.5527857095169063,1.1,0.4,1.0131670934031738,0.42836017653951564,-0.42836017653951564,1.0131670934031738
916,A1,0.36574324061279234,0.505544320116015,0.35026277171293035,0.46646628766513426,1.1,0.4,1.0131670934031738,0.42836017653951564,-0.42836017653951564,1.0131670934031738
917,A1,0.5546902956776985,0.3225696701180819,0.5040272329766196,0.311828579382397,1.1,0.4,1.0131670934031738,0.42836017653951564,-0.42836017653951564,1.0131670934031738
918,A1,0.6442387519452758,0.10002926091431566,0.5677787588663976,0.09969696478536295,1.1,0.4,1.0131670934031738,0.42836017653951564,-0.42836017653951564,1.0131670934031738
919,A1,0.6179609642526416,-0.14220412535069238,0.549706738565567,-0.1412532647009123,1.1,0.4,1.0131670934031738,0.42836017653951564,-0.42836017653951564,1.0131670934031738
920,A1,0.49643750513254814,-0.37858563520764005,0.4593108330964121,-0.3614785423403087,1.1,0.4,1.0131670934031738,0.42836017653951564,-0.42836017653951564,1.0131670934031738
921,A1,0.31051560952474067,-0.5629886336222377,0.3009060938007851,-0.510191508386075,1.1,0.4,1.0131670934031738,0.42836017653951564,-0.42836017653951564,1.0131670934031738
922,A1,0.08632242784222338,-0.6458054350928208,0.08610865270835205,-0.5688394417314058,1.1,0.4,1.0131670934031738,0.42836017653951564,-0.42836017653951564,1.0131670934031738
923,A1,-0.15642571030132013,-0.613214921467822,-0.15516221506597003,-0.5463862050031554,1.1,0.4,1.0131670934031738,0.42836017653951564,-0.42836017653951564,1.0131670934031738
924,A1,-0.3912553416782946,-0.4871152093607164,-0.3724419425225857,-0.4519238129028586,1.1,0.4,1.0131670934031738,0.42836017653951564,-0.42836017653951564,1.0131670934031738
925,A1,-0.5709320846445196,-0.29833503970877406,-0.5160434765992051,-0.2897882077849677,1.1,0.4,1.0131670934031738,0.42836017653951564,-0.42836017653951564,1.0131670934031738
926,A1,-0.6469719971015241,-0.07255140144590982,-0.5696280059380173,-0.072424372484328,1.1,0.4,1.0131670934031738,0.42836017653951564,-0.42836017653951564,1.0131670934031738
927,A1,-0.6081520680804172,0.17062796222396598,-0.5428249842761441,0.16899113940928778,1.1,0.4,1.0131670934031738,0.42836017653951564,-0.42836017653951564,1.0131670934031738
928,A1,-0.477583337234708,0.40374086762078754,-0.44430609998058734,0.3831452357880396,1.1,0.4,1.0131670934031738,0.42836017653951564,-0.42836017653951564,1.0131670934031738
929,A1,-0.2860321590561926,0.5785131843199098,-0.27847873840905996,0.5215839414161353,1.1,0.4,1.0131670934031738,0.42836017653951564,-0.42836017653951564,1.0131670934031738
930,A1,-0.058719704743297935,0.6477408874377636,-0.05865230910703593,0.5701471822714985,1.1,0.4,1.0131670934031738,0.42836017653951564,-0.42836017653951564,1.0131670934031738
931,A1,0.18480375811196642,0.6027786769575638,0.1827282742242817,0.5390238604363113,1.1,0.4,1.0131670934031738,0.42836017653951564,-0.42836017653951564,1.0131670934031738
932,A1,0.4160306304939031,0.46784772214774123,0.39358119227067734,0.43645867548988404,1.1,0.4,1.0131670934031738,0.42836017653951564,-0.42836017653951564,1.0131670934031738
933,A1,0.5857250278760877,0.2736110586329844,0.5268140402002452,0.2669817223288703,1.1,0.4,1.0131670934031738,0.42836017653951564,-0.42836017653951564,1.0131670934031738
934,A1,0.6481149875832841,0.04483094034004223,0.5703996206473003,0.04480093052672853,1.1,0.4,1.0131670934031738,0.42836017653951564,-0.42836017653951564,1.0131670934031738
935,A1,0.5971010602390622,-0.19894565363502725,0.5349835351646566,-0.1963618375170466,1.1,0.4,1.0131670934031738,0.42836017653951564,-0.42836017653951564,1.0131670934031738
936,A1,0.45791412195690395,-0.42811299374131884,0.4283826392688523,-0.403743104733131,1.1,0.4,1.0131670934031738,0.42836017653951564,-0.42836017653951564,1.0131670934031738
937,A1,0.2610757258723072,-0.5925612908877087,0.25530141982428467,-0.531735214431113,1.1,0.4,1.0131670934031738,0.42836017653951564,-0.42836017653951564,1.0131670934031738
938,A1,0.03088880713908515,-0.6480975829320037,0.030878987027072813,-0.570387878582425,1.1,0.4,1.0131670934031738,0.42836017653951564,-0.42836017653951564,1.0131670934031738
939,A1,-0.2130458788321137,-0.5911255573900362,-0.20988006223475028,-0.5307046375144228,1.1,0.4,1.0131670934031738,0.42836017653951564,-0.42836017653951564,1.0131670934031738
940,A1,-0.439976304833677,-0.4477882145350705,-0.41362480111212774,-0.420079219713162,1.1,0.4,1.0131670934031738,0.42836017653951564,-0.42836017653951564,1.0131670934031738
941,A1,-0.5990162462191524,-0.24843004921034448,-0.5363491798779568,-0.24344231889326592,1.1,0.4,1.0131670934031738,0.42836017653951564,-0.42836017653951564,1.0131670934031738
942,A1,-0.647692334324434,-0.01689711726507276,-0.5701144113052071,-0.0168955093355703,1.1,0.4,1.0131670934031738,0.42836017653951564,-0.42836017653951564,1.0131670934031738
943,A1,-0.5848585243710681,0.2270963357893346,-0.5261877342977775,0.22327123105592298,1.1,0.4,1.0131670934031738,0.42836017653951564,-0.42836017653951564,1.0131670934031738
944,A1,-0.4374755933915706,0.45160893496620164,-0.4115497830951815,0.42322065348428667,1.1,0.4,1.0131670934031738,0.42836017653951564,-0.42836017653951564,1.0131670934031738
945,A1,-0.23567782368755344,0.6050847771003178,-0.23140913942661565,0.5406578966677529,1.1,0.4,1.0131670934031738,0.42836017653951564,-0.42836017653951564,1.0131670934031738
946,A1,-0.002859813115712151,0.6469032495099831,-0.0028598053193808616,0.5695815634758287,1.1,0.4,1.0131670934031738,0.42836017653951564,-0.42836017653951564,1.0131670934031738
947,A1,0.24108859844102326,0.5783063238343192,0.23652371228224678,0.521433341039025,1.1,0.4,1.0131670934031738,0.42836017653951564,-0.42836017653951564,1.0131670934031738
948,A1,0.4629993201149987,0.42698176339501,0.43252558339670316,0.4027958423068996,1.1,0.4,1.0131670934031738,0.42836017653951564,-0.42836017653951564,1.0131670934031738
949,A1,0.6107623862725162,0.22282275752329583,0.5446635395060355,0.21920683748130484,1.1,0.4,1.0131670934031738,0.42836017653951564,-0.42836017653951564,1.0131670934031738
950,A1,0.6457346548061753,-0.011219015552407313,0.5687915624826635,-0.011218544877407808,1.1,0.4,1.0131670934031738,0.42836017653951564,-0.42836017653951564,1.0131670934031738
951,A1,0.571475316248607,-0.255013914624917,0.5164419334156107,-0.24962599654315024,1.1,0.4,1.0131670934031738,0.42836017653951564,-0.42836017653951564,1.0131670934031738
952,A1,0.4163121366421334,-0.47413600312581405,0.393819065022382,-0.4415350635542279,1.1,0.4,1.0131670934031738,0.42836017653951564,-0.42836017653951564,1.0131670934031738
953,A1,0.20986847966300695,-0.6160452011944372,0.20684060965741652,-0.5483684682901315,1.1,0.4,1.0131670934031738,0.42836017653951564,-0.42836017653951564,1.0131670934031738
954,A1,-0.025335114601119396,-0.644191167199855,-0.025329695392433283,-0.5677465132735675,1.1,0.4,1.0131670934031738,0.42836017653951564,-0.42836017653951564,1.0131670934031738
955,A1,-0.26886321051309925,-0.564371851853172,-0.2625667339999664,-0.5112139591066736,1.1,0.4,1.0131670934031738,0.42836017653951564,-0.42836017653951564,1.0131670934031738
956,A1,-0.4850076764835096,-0.4054720285256077,-0.45024511590247207,-0.38462128128674167,1.1,0.4,1.0131670934031738,0.42836017653951564,-0.42836017653951564,1.0131670934031738
957,A1,-0.6209299753507261,-0.19681854828825496,-0.5517751993347585,-0.19431589756978251,1.1,0.4,1.0131670934031738,0.42836017653951564,-0.42836017653951564,1.0131670934031738
958,A1,-0.6422776671093806,0.03948404865435817,-0.5664483946763504,0.03946354302786184,1.1,0.4,1.0131670934031738,0.42836017653951564,-0.42836017653951564,1.0131670934031738
959,A1,-0.5570022633388421,0.2826270975290166,-0.5057498499675543,0.2753347717162615,1.1,0.4,1.0131670934031738,0.42836017653951564,-0.42836017653951564,1.0131670934031738
960,A1,-0.3944666540608733,0.49560322538952617,-0.37520449054940197,0.4586523061913136,1.1,0.4,1.0131670934031738,0.42836017653951564,-0.42836017653951564,1.0131670934031738
961,A1,-0.1836764602713891,0.6254140857566766,-0.1816383923905083,0.5548863774089593,1.1,0.4,1.0131670934031738,0.42836017653951564,-0.42836017653951564,1.0131670934031738
962,A1,0.053661184517557664,0.6399992719992037,0.05360973757373416,0.5648990571586544,1.1,0.4,1.0131670934031738,0.42836017653951564,-0.42836017653951564,1.0131670934031738
963,A1,0.29629588184717426,0.5493728591563054,0.2879191908456724,0.500050034447594,1.1,0.4,1.0131670934031738,0.42836017653951564,-0.42836017653951564,1.0131670934031738
964,A1,0.5059117707586658,0.383301124537659,0.4667537351470037,0.36557086816951184,1.1,0.4,1.0131670934031738,0.42836017653951564,-0.42836017653951564,1.0131670934031738
965,A1,0.6294955268007607,0.1704456615481303,0.5577047487617093,0.16881403942310774,1.1,0.4,1.0131670934031738,0.42836017653951564,-0.42836017653951564,1.0131670934031738
966,A1,0.6373613110096795,-0.06786167498853315,0.5631002219741561,-0.06775769417357114,1.1,0.4,1.0131670934031738,0.42836017653951564,-0.42836017653951564,1.0131670934031738
967,A1,0.5414899173541362,-0.3098595765558282,0.4941149501678441,-0.30030934327860526,1.1,0.4,1.0131670934031738,0.42836017653951564,-0.42836017653951564,1.0131670934031738
968,A1,0.3719804445653193,-0.515922711736112,0.3557227714304511,-0.47454702642093927,1.1,0.4,1.0131670934031738,0.42836017653951564,-0.42836017653951564,1.0131670934031738
969,A1,0.15712955837353598,-0.633172900611096,0.15584904265326463,-0.5602331352915806,1.1,0.4,1.0131670934031738,0.42836017653951564,-0.42836017653951564,1.0131670934031738
970,A1,-0.08208044318211241,-0.6343693007359846,-0.0818966078163176,-0.5610534816392089,1.1,0.4,1.0131670934031738,0.42836017653951564,-0.42836017653951564,1.0131670934031738
971,A1,-0.32330791654391955,-0.533359679853943,-0.31249488738470493,-0.4879450565751273,1.1,0.4,1.0131670934031738,0.42836017653951564,-0.42836017653951564,1.0131670934031738
972,A1,-0.5256257673310191,-0.36050950958286065,-0.4820303115189298,-0.34566274510821693,1.1,0.4,1.0131670934031738,0.42836017653951564,-0.42836017653951564,1.0131670934031738
973,A1,-0.6364454041715499,-0.1437315294194078,-0.562474409993964,-0.14274986920570365,1.1,0.4,1.0131670934031738,0.42836017653951564,-0.42836017653951564,1.0131670934031738
974,A1,-0.6310289222611977,0.09631216749714833,-0.5587603016816306,0.0960154700180021,1.1,0.4,1.0131670934031738,0.42836017653951564,-0.42836017653951564,1.0131670934031738
975,A1,-0.5249883470764222,0.33663037615149505,-0.48154084758937943,0.3244658224892882,1.1,0.4,1.0131670934031738,0.42836017653951564,-0.42836017653951564,1.0131670934031738
976,A1,-0.34889310390448164,0.5350110167645168,-0.33539352664492345,0.4892022119457233,1.1,0.4,1.0131670934031738,0.42836017653951564,-0.42836017653951564,1.0131670934031738
977,A1,-0.13025493866448543,0.639312813447282,-0.1295232536216667,0.5644314737978567,1.1,0.4,1.0131670934031738,0.42836017653951564,-0.42836017653951564,1.0131670934031738
978,A1,0.11055126736052276,0.6273459995203937,0.11010308773273893,0.556222023601162,1.1,0.4,1.0131670934031738,0.42836017653951564,-0.42836017653951564,1.0131670934031738
979,A1,0.3498161895978541,0.516382072840079,0.33621252172898686,0.47490286416254573,1.1,0.4,1.0131670934031738,0.42836017653951564,-0.42836017653951564,1.0131670934031738
980,A1,0.5440689381376987,0.33713589936978416,0.49606181882515077,0.32491805098352927,1.1,0.4,1.0131670934031738,0.42836017653951564,-0.42836017653951564,1.0131670934031738
981,A1,0.6417754648075498,0.11670314902275178,0.5661072338834283,0.11617620185744333,1.1,0.4,1.0131670934031738,0.42836017653951564,-0.42836017653951564,1.0131670934031738
982,A1,0.6233264790455285,-0.12479188988807598,0.5534398689791211,-0.12414810450596654,1.1,0.4,1.0131670934031738,0.42836017653951564,-0.42836017653951564,1.0131670934031738
983,A1,0.5075469594637875,-0.36285437417372635,0.4680317066696512,-0.3477257629446694,1.1,0.4,1.0131670934031738,0.42836017653951564,-0.42836017653951564,1.0131670934031738
984,A1,0.32524245466470103,-0.5527904450391543,0.3142394551231165,-0.5026086702762671,1.1,0.4,1.0131670934031738,0.42836017653951564,-0.42836017653951564,1.0131670934031738
985,A1,0.10307953664985203,-0.6438342340552591,0.10271599489161784,-0.5675045835517605,1.1,0.4,1.0131670934031738,0.42836017653951564,-0.42836017653951564,1.0131670934031738
986,A1,-0.13902789760686074,-0.6189764111153212,-0.13813902385334945,-0.5504149446728603,1.1,0.4,1.0131670934031738,0.42836017653951564,-0.42836017653951564,1.0131670934031738
987,A1,-0.3757337561531039,-0.4984890530150535,-0.35899675728817576,-0.46092804705616514,1.1,0.4,1.0131670934031738,0.42836017653951564,-0.42836017653951564,1.0131670934031738
988,A1,-0.5611669207318188,-0.3132172153748195,-0.5088427268402211,-0.3033610824555161,1.1,0.4,1.0131670934031738,0.42836017653951564,-0.42836017653951564,1.0131670934031738
989,A1,-0.6454905133879154,-0.08938750586297012,-0.5686263836995553,-0.08915019181747748,1.1,0.4,1.0131670934031738,0.42836017653951564,-0.42836017653951564,1.0131670934031738
990,A1,-0.6143019323107026,0.1532528573865188,-0.5471482490287916,0.15206423481691253,1.1,0.4,1.0131670934031738,0.42836017653951564,-0.42836017653951564,1.0131670934031738
991,A1,-0.48921433865761765,0.388442999347289,-0.4535926406705293,0.3700171752433225,1.1,0.4,1.0131670934031738,0.42836017653951564,-0.42836017653951564,1.0131670934031738
992,A1,-0.30106451482734786,0.5691902495851828,-0.2922864869437442,0.5147643452613926,1.1,0.4,1.0131670934031738,0.42836017653951564,-0.42836017653951564,1.0131670934031738
993,A1,-0.07563050460539972,0.64674618662341,-0.0754866322875991,0.5694754459344201,1.1,0.4,1.0131670934031738,0.42836017653951564,-0.42836017653951564,1.0131670934031738
994,A1,0.16746003072976667,0.6093092494549421,0.16591203961624348,0.5436406790459255,1.1,0.4,1.0131670934031738,0.42836017653951564,-0.42836017653951564,1.0131670934031738
995,A1,0.40097063618875645,0.47972873606464284,0.38077916979070253,0.44602633771676553,1.1,0.4,1.0131670934031738,0.42836017653951564,-0.42836017653951564,1.0131670934031738
996,A1,0.576852845450947,0.2887885757716422,0.5203742509298591,0.2810194372005539,1.1,0.4,1.0131670934031738,0.42836017653951564,-0.42836017653951564,1.0131670934031738
997,A1,0.6476036030267237,0.06181204038334823,0.5700545173507111,0.06173343817017081,1.1,0.4,1.0131670934031738,0.42836017653951564,-0.42836017653951564,1.0131670934031738
998,A1,0.6040046248985348,-0.18164236557284247,0.5398930384200845,-0.17967068327762167,1.1,0.4,1.0131670934031738,0.42836017653951564,-0.42836017653951564,1.0131670934031738
999,A1,0.4700380948769076,-0.4133051011962331,0.4382300942694183,-0.39127539647963505,1.1,0.4,1.0131670934031738,0.42836017653951564,-0.42836017653951564,1.0131670934031738
1000,A1,0.27639351294115994,-0.5841476767176228,0.26956392052140643,-0.5256735092909038,1.1,0.4,1.0131670934031738,0.42836017653951564,-0.42836017653951564,1.0131670934031738
