t,condition,a1,a2,o1,o2,alpha,phi,w11,w12,w21,w22
0,A1,0.1,0.1,0.09966799462495582,0.09966799462495582,1.1,0.4,1.0131670934031738,0.42836017653951564,-0.42836017653951564,1.0131670934031738
1,A1,0.1436741321923752,0.05828653264660406,0.14269364113146893,0.0582206162219737,1.1,0.4,1.0131670934031738,0.42836017653951564,-0.42836017653951564,1.0131670934031738
2,A1,0.16951189507536998,-0.0021370607923835577,0.16790674083887783,-0.002137057539050084,1.1,0.4,1.0131670934031738,0.42836017653951564,-0.42836017653951564,1.0131670934031738
3,A1,0.16920215423382323,-0.07408975752319111,0.1676057167738783,-0.0739544877542633,1.1,0.4,1.0131670934031738,0.42836017653951564,-0.42836017653951564,1.0131670934031738
4,A1,0.13813343947124018,-0.14672386782839814,0.13726152592737795,-0.14567997080778908,1.1,0.4,1.0131670934031738,0.42836017653951564,-0.42836017653951564,1.0131670934031738
5,A1,0.07666536324642989,-0.20639552406872178,0.07651551332295384,-0.2035138612648103,1.1,0.4,1.0131670934031738,0.42836017653951564,-0.42836017653951564,1.0131670934031738
6,A1,-0.009654233305963683,-0.23896974607995677,-0.00965393337871481,-0.2345223958848163,1.1,0.4,1.0131670934031738,0.42836017653951564,-0.42836017653951564,1.0131670934031738
7,A1,-0.11024110252491046,-0.23347501357016076,-0.10979667247496779,-0.22932323028998994,1.1,0.4,1.0131670934031738,0.42836017653951564,-0.42836017653951564,1.0131670934031738
8,A1,-0.20947531492843546,-0.1853102286779072,-0.20646423511624679,-0.18321778858467722,1.1,0.4,1.0131670934031738,0.42836017653951564,-0.42836017653951564,1.0131670934031738
9,A1,-0.28766597324774923,-0.09718917811660309,-0.27998516290668335,-0.09688432211661485,1.1,0.4,1.0131670934031738,0.42836017653951564,-0.42836017653951564,1.0131670934031738
10,A1,-0.32517313902396294,0.02177448677592443,-0.31417698279414785,0.02177104612849957,1.1,0.4,1.0131670934031738,0.42836017653951564,-0.42836017653951564,1.0131670934031738
11,A1,-0.3089879313086717,0.15663861534071186,-0.2995161005287854,0.15536998748303926,1.1,0.4,1.0131670934031738,0.42836017653951564,-0.42836017653951564,1.0131670934031738
12,A1,-0.2369055417330253,0.28571652831921623,-0.23257078232531372,0.2781875593804998,1.1,0.4,1.0131670934031738,0.42836017653951564,-0.42836017653951564,1.0131670934031738
13,A1,-0.11646859149171244,0.3814745423332685,-0.11594480382690824,0.3639873385397646,1.1,0.4,1.0131670934031738,0.42836017653951564,-0.42836017653951564,1.0131670934031738
14,A1,0.038446220706532225,0.4184461304600242,0.03842728929427772,0.3956205736281259,1.1,0.4,1.0131670934031738,0.42836017653951564,-0.42836017653951564,1.0131670934031738
15,A1,0.20840136376365473,0.38436902624727276,0.20543583614956945,0.36649569189817566,1.1,0.4,1.0131670934031738,0.42836017653951564,-0.42836017653951564,1.0131670934031738
16,A1,0.3651329882749844,0.28332084386468714,0.3497272731829509,0.2759758031240449,1.1,0.4,1.0131670934031738,0.42836017653951564,-0.42836017653951564,1.0131670934031738
17,A1,0.47254920860143856,0.12980036581946286,0.4402567251562533,0.12907628052890982,1.1,0.4,1.0131670934031738,0.42836017653951564,-0.42836017653951564,1.0131670934031738
18,A1,0.5013447648921889,-0.05781260853987344,0.46317408710637736,-0.0577482855501669,1.1,0.4,1.0131670934031738,0.42836017653951564,-0.42836017653951564,1.0131670934031738
19,A1,0.44453567778011294,-0.2569139963412959,0.4173969915689563,-0.2514068313945102,1.1,0.4,1.0131670934031738,0.42836017653951564,-0.42836017653951564,1.0131670934031738
20,A1,0.31520022206375586,-0.43351337762121855,0.30516051227493446,-0.40825330243150343,1.1,0.4,1.0131670934031738,0.42836017653951564,-0.42836017653951564,1.0131670934031738
21,A1,0.13429913254061981,-0.5443474227077532,0.13349749755232204,-0.496271745650404,1.1,0.4,1.0131670934031738,0.42836017653951564,-0.42836017653951564,1.0131670934031738
22,A1,-0.07732778100669721,-0.5599912136978351,-0.0771740194035979,-0.5079709137934676,1.1,0.4,1.0131670934031738,0.42836017653951564,-0.42836017653951564,1.0131670934031738
23,A1,-0.29578468723489226,-0.48160113768549256,-0.2874503039973405,-0.44752499136907925,1.1,0.4,1.0131670934031738,0.42836017653951564,-0.42836017653951564,1.0131670934031738
24,A1,-0.4829370733075482,-0.3302853317640523,-0.44859272865364025,-0.3187771368882219,1.1,0.4,1.0131670934031738,0.42836017653951564,-0.42836017653951564,1.0131670934031738
25,A1,-0.5910508216460074,-0.13081524478400908,-0.5306509487699689,-0.1300741198571562,1.1,0.4,1.0131670934031738,0.42836017653951564,-0.42836017653951564,1.0131670934031738
26,A1,-0.5933566523221394,0.09552291615331435,-0.5323054522276335,0.09523343565856277,1.1,0.4,1.0131670934031738,0.42836017653951564,-0.42836017653951564,1.0131670934031738
27,A1,-0.49852015652496684,0.32450584069016,-0.4609525421291321,0.31357542556771956,1.1,0.4,1.0131670934031738,0.42836017653951564,-0.42836017653951564,1.0131670934031738
28,A1,-0.3326987226511347,0.5151580148078833,-0.32094361078952305,0.47395432035751334,1.1,0.4,1.0131670934031738,0.42836017653951564,-0.42836017653951564,1.0131670934031738
29,A1,-0.12214634894992998,0.6176743829395281,-0.12154248892711972,0.5495067241728178,1.1,0.4,1.0131670934031738,0.42836017653951564,-0.42836017653951564,1.0131670934031738
30,A1,0.11224394714504184,0.6088060925495464,0.11177493450751284,0.5432861307906942,1.1,0.4,1.0131670934031738,0.42836017653951564,-0.42836017653951564,1.0131670934031738
31,A1,0.34596882840727905,0.5025596993411332,0.3327956589014894,0.4641278442091844,1.1,0.4,1.0131670934031738,0.42836017653951564,-0.42836017653951564,1.0131670934031738
32,A1,0.535991495708767,0.327682651686274,0.4899476860341482,0.3164370019334428,1.1,0.4,1.0131670934031738,0.42836017653951564,-0.42836017653951564,1.0131670934031738
33,A1,0.6319478829906733,0.11072948020940585,0.559392026301184,0.11027913670625492,1.1,0.4,1.0131670934031738,0.42836017653951564,-0.42836017653951564,1.0131670934031738
34,A1,0.6139967838285991,-0.127890074741485,0.546934417520928,-0.12719735520389935,1.1,0.4,1.0131670934031738,0.42836017653951564,-0.42836017653951564,1.0131670934031738
35,A1,0.49964967255133463,-0.3631570983053076,0.46184159843262507,-0.34799185571252417,1.1,0.4,1.0131670934031738,0.42836017653951564,-0.42836017653951564,1.0131670934031738
36,A1,0.318856857149328,-0.5504084456181261,0.3084729198086808,-0.500826270229028,1.1,0.4,1.0131670934031738,0.42836017653951564,-0.42836017653951564,1.0131670934031738
37,A1,0.0980005820252178,-0.6395582108948031,0.09768804636511388,-0.564598668656165,1.1,0.4,1.0131670934031738,0.42836017653951564,-0.42836017653951564,1.0131670934031738
38,A1,-0.14287727138355344,-0.6138784608484289,-0.14191291697573083,-0.5468514839858448,1.1,0.4,1.0131670934031738,0.42836017653951564,-0.42836017653951564,1.0131670934031738
39,A1,-0.3780308958297397,-0.493262086384189,-0.3609961922721317,-0.4568016699498127,1.1,0.4,1.0131670934031738,0.42836017653951564,-0.42836017653951564,1.0131670934031738
40,A1,-0.5614251068372162,-0.30818002755298435,-0.5090340380235356,-0.2987804958920684,1.1,0.4,1.0131670934031738,0.42836017653951564,-0.42836017653951564,1.0131670934031738
41,A1,-0.6437222027144767,-0.08466465619614161,-0.5674286283585153,-0.08446293952633896,1.1,0.4,1.0131670934031738,0.42836017653951564,-0.42836017653951564,1.0131670934031738
42,A1,-0.6110805737942956,0.15748875647703992,-0.544887295250274,0.15619949658757518,1.1,0.4,1.0131670934031738,0.42836017653951564,-0.42836017653951564,1.0131670934031738
43,A1,-0.4851522332274,0.39166420793621903,-0.45036036050558903,0.3727940400783858,1.1,0.4,1.0131670934031738,0.42836017653951564,-0.42836017653951564,1.0131670934031738
44,A1,-0.29660017661659654,0.5706190975568184,-0.28819823589508675,0.5158138011566596,1.1,0.4,1.0131670934031738,0.42836017653951564,-0.42836017653951564,1.0131670934031738
45,A1,-0.07103887806076195,0.6460582168615319,-0.07091961903400101,0.5690104042157598,1.1,0.4,1.0131670934031738,0.42836017653951564,-0.42836017653951564,1.0131670934031738
46,A1,0.1718879729207448,0.6068817578849662,0.17021490548911083,0.5419283645789732,1.1,0.4,1.0131670934031738,0.42836017653951564,-0.42836017653951564,1.0131670934031738
47,A1,0.4045966709711183,0.47615069900824125,0.38387516745342737,0.4431555442969367,1.1,0.4,1.0131670934031738,0.42836017653951564,-0.42836017653951564,1.0131670934031738
48,A1,0.5787598748279466,0.28455378024134254,0.5217634967118515,0.27711444779359196,1.1,0.4,1.0131670934031738,0.42836017653951564,-0.42836017653951564,1.0131670934031738
49,A1,0.6473383991859364,0.057260536047695376,0.569875467656293,0.057198036658221006,1.1,0.4,1.0131670934031738,0.42836017653951564,-0.42836017653951564,1.0131670934031738
50,A1,0.6018804322477301,-0.18616078738141076,0.5383862892578181,-0.18403966681122075,1.1,0.4,1.0131670934031738,0.42836017653951564,-0.42836017653951564,1.0131670934031738
51,A1,0.4666400076499357,-0.41708618020694677,0.43548051085280454,-0.39447286006670224,1.1,0.4,1.0131670934031738,0.42836017653951564,-0.42836017653951564,1.0131670934031738
52,A1,0.272238059436245,-0.5862094295686434,0.26570612268196475,-0.5271639151100906,1.1,0.4,1.0131670934031738,0.42836017653951564,-0.42836017653951564,1.0131670934031738
53,A1,0.04338867227529267,-0.6479230532388046,0.043361465259042935,-0.5702701190649008,1.1,0.4,1.0131670934031738,0.42836017653951564,-0.42836017653951564,1.0131670934031738
54,A1,-0.2003485991556443,-0.596353243901043,-0.19771031593439792,-0.5344495358463704,1.1,0.4,1.0131670934031738,0.42836017653951564,-0.42836017653951564,1.0131670934031738
55,A1,-0.4292504836576906,-0.45679545696680035,-0.40469473667965417,-0.4274688248428224,1.1,0.4,1.0131670934031738,0.42836017653951564,-0.42836017653951564,1.0131670934031738
56,A1,-0.5931340113520986,-0.2597422379377633,-0.5321458774657986,-0.25405442326300676,1.1,0.4,1.0131670934031738,0.42836017653951564,-0.42836017653951564,1.0131670934031738
57,A1,-0.6479794895380909,-0.029449479567575293,-0.5703082006020237,-0.02944096895179279,1.1,0.4,1.0131670934031738,0.42836017653951564,-0.42836017653951564,1.0131670934031738
58,A1,-0.590428840605631,0.21446870055195538,-0.5302039641660627,0.21123980220359334,1.1,0.4,1.0131670934031738,0.42836017653951564,-0.42836017653951564,1.0131670934031738
59,A1,-0.44669849032086667,0.44113948010180165,-0.4191813847254234,0.41458850989332285,1.1,0.4,1.0131670934031738,0.42836017653951564,-0.42836017653951564,1.0131670934031738
60,A1,-0.24710757788181625,0.5996080474900318,-0.2421978227862298,0.5367706036010207,1.1,0.4,1.0131670934031738,0.42836017653951564,-0.42836017653951564,1.0131670934031738
61,A1,-0.015455713621145839,0.647586214400909,-0.01545448305649308,0.5700427792538223,1.1,0.4,1.0131670934031738,0.42836017653951564,-0.42836017653951564,1.0131670934031738
62,A1,0.22852565187784776,0.5841686708624685,0.22462886149795355,0.5256887019006451,1.1,0.4,1.0131670934031738,0.42836017653951564,-0.42836017653951564,1.0131670934031738
63,A1,0.45277067584933484,0.4363884353724303,0.42417383922663865,0.4106463566798989,1.1,0.4,1.0131670934031738,0.42836017653951564,-0.42836017653951564,1.0131670934031738
64,A1,0.605663521629629,0.2343541949594091,0.5410673396658208,0.23015600816609172,1.1,0.4,1.0131670934031738,0.42836017653951564,-0.42836017653951564,1.0131670934031738
65,A1,0.6467812921542646,0.0014147926838992408,0.5694991661872355,0.0014147917399322375,1.1,0.4,1.0131670934031738,0.42836017653951564,-0.42836017653951564,1.0131670934031738
66,A1,0.5776038553409364,-0.2425173429321532,0.5209216812895072,-0.2378720712827797,1.1,0.4,1.0131670934031738,0.42836017653951564,-0.42836017653951564,1.0131670934031738
67,A1,0.4258857832742727,-0.4641462584238011,0.40187727378252,-0.43345749163457875,1.1,0.4,1.0131670934031738,0.42836017653951564,-0.42836017653951564,1.0131670934031738
68,A1,0.2214929017440635,-0.6113130868579362,0.21794051504647907,-0.5450507539699504,1.1,0.4,1.0131670934031738,0.42836017653951564,-0.42836017653951564,1.0131670934031738
69,A1,-0.01266787902913219,-0.6455845256573658,-0.012667201445992055,-0.5686899950205004,1.1,0.4,1.0131670934031738,0.42836017653951564,-0.42836017653951564,1.0131670934031738
70,A1,-0.2564381383338261,-0.570751864654719,-0.25096099687701107,-0.5159112370524084,1.1,0.4,1.0131670934031738,0.42836017653951564,-0.42836017653951564,1.0131670934031738
71,A1,-0.47526125234593386,-0.415202591571655,-0.44244049159190957,-0.39288119370405894,1.1,0.4,1.0131670934031738,0.42836017653951564,-0.42836017653951564,1.0131670934031738
72,A1,-0.6165608043641727,-0.2085304099913702,-0.5487289235265104,-0.20555943284809444,1.1,0.4,1.0131670934031738,0.42836017653951564,-0.42836017653951564,1.0131670934031738
73,A1,-0.6440075634597794,0.026787565453845613,-0.5676220786779137,0.02678115994192197,1.1,0.4,1.0131670934031738,0.42836017653951564,-0.42836017653951564,1.0131670934031738
74,A1,-0.5636240292049147,0.27028048380652053,-0.5106613610601559,0.263885806896304,1.1,0.4,1.0131670934031738,0.42836017653951564,-0.42836017653951564,1.0131670934031738
75,A1,-0.40434711607025353,0.48610740673911723,-0.3836623666172748,0.45112147382968815,1.1,0.4,1.0131670934031738,0.42836017653951564,-0.42836017653951564,1.0131670934031738
76,A1,-0.1954716106633555,0.6214071115075253,-0.19301947998636726,0.5521069812135215,1.1,0.4,1.0131670934031738,0.42836017653951564,-0.42836017653951564,1.0131670934031738
77,A1,0.04093965843334332,0.64205848392623,0.04091680137539615,0.5662995209575219,1.1,0.4,1.0131670934031738,0.42836017653951564,-0.42836017653951564,1.0131670934031738
78,A1,0.2840357194924723,0.5562289113835451,0.2766361015522657,0.5051740831457583,1.1,0.4,1.0131670934031738,0.42836017653951564,-0.42836017653951564,1.0131670934031738
79,A1,0.49667505437959925,0.39332586818526927,0.4594982469721006,0.3742238833932876,1.1,0.4,1.0131670934031738,0.42836017653951564,-0.42836017653951564,1.0131670934031738
80,A1,0.6258511120642287,0.18232057402705845,0.5551887704511663,0.18032691804314613,1.1,0.4,1.0131670934031738,0.42836017653951564,-0.42836017653951564,1.0131670934031738
81,A1,0.6397438632958788,-0.05511946030709153,0.5647251270770786,-0.05506370757406453,1.1,0.4,1.0131670934031738,0.42836017653951564,-0.42836017653951564,1.0131670934031738
82,A1,0.5485738160750752,-0.29769449168585504,0.49945055271610256,-0.2892013423393042,1.1,0.4,1.0131670934031738,0.42836017653951564,-0.42836017653951564,1.0131670934031738
83,A1,0.382144526734053,-0.5069540103604374,0.36456841707073734,-0.4675685167588146,1.1,0.4,1.0131670934031738,0.42836017653951564,-0.42836017653951564,1.0131670934031738
84,A1,0.16908099108702968,-0.6298916265885142,0.16748795491209462,-0.557977587529461,1.1,0.4,1.0131670934031738,0.42836017653951564,-0.42836017653951564,1.0131670934031738
85,A1,-0.06932209344088422,-0.6370697004757263,-0.0692112628206028,-0.5629010431499972,1.1,0.4,1.0131670934031738,0.42836017653951564,-0.42836017653951564,1.0131670934031738
86,A1,-0.3112469642007236,-0.540665465001541,-0.30157108188804155,-0.4934915336915868,1.1,0.4,1.0131670934031738,0.42836017653951564,-0.42836017653951564,1.0131670934031738
87,A1,-0.5169340169838421,-0.37080834093260523,-0.4753302147760662,-0.35469855768540226,1.1,0.4,1.0131670934031738,0.42836017653951564,-0.42836017653951564,1.0131670934031738
88,A1,-0.6335276688998038,-0.15575637200837536,-0.5604765072104805,-0.1545089235512299,1.1,0.4,1.0131670934031738,0.42836017653951564,-0.42836017653951564,1.0131670934031738
89,A1,-0.6340418235005408,0.08354245859567977,-0.5608290467905522,0.08334864252037169,1.1,0.4,1.0131670934031738,0.42836017653951564,-0.42836017653951564,1.0131670934031738
90,A1,-0.532510296008501,0.3246829313731544,-0.4872976346806902,0.3137350941357151,1.1,0.4,1.0131670934031738,0.42836017653951564,-0.42836017653951564,1.0131670934031738
91,A1,-0.35932230784106006,0.5266049742431624,-0.3446169648085563,0.48278164167725185,1.1,0.4,1.0131670934031738,0.42836017653951564,-0.42836017653951564,1.0131670934031738
92,A1,-0.14235013931360405,0.636758656530459,-0.14139636237005096,0.5626885186344454,1.1,0.4,1.0131670934031738,0.42836017653951564,-0.42836017653951564,1.0131670934031738
93,A1,0.0977752116987631,0.6306660616630789,0.09746482182667905,0.5585106803062491,1.1,0.4,1.0131670934031738,0.42836017653951564,-0.42836017653951564,1.0131670934031738
94,A1,0.33799188385438445,0.5241145943164429,0.32568345463211734,0.48086941967596636,1.1,0.4,1.0131670934031738,0.42836017653951564,-0.42836017653951564,1.0131670934031738
95,A1,0.5359570686039781,0.3476912501173567,0.4899215226710156,0.33432643834629544,1.1,0.4,1.0131670934031738,0.42836017653951564,-0.42836017653951564,1.0131670934031738
96,A1,0.6395844972720965,0.12886567584528702,0.5646165754156585,0.12815705249731082,1.1,0.4,1.0131670934031738,0.42836017653951564,-0.42836017653951564,1.0131670934031738
97,A1,0.6269483122336685,-0.11201474754436985,0.5559473132241013,-0.11154859264858269,1.1,0.4,1.0131670934031738,0.42836017653951564,-0.42836017653951564,1.0131670934031738
98,A1,0.5154845485848851,-0.3511630526263246,0.4742074647851103,-0.3374065954593713,1.1,0.4,1.0131670934031738,0.42836017653951564,-0.42836017653951564,1.0131670934031738
99,A1,0.3359198499698448,-0.5449808529483378,0.32382995264534303,-0.49674902101825713,1.1,0.4,1.0131670934031738,0.42836017653951564,-0.42836017653951564,1.0131670934031738
100,A1,0.11530635353935742,-0.6420056174598818,0.11479803605206976,-0.566263607435239,1.1,0.4,1.0131670934031738,0.42836017653951564,-0.42836017653951564,1.0131670934031738
101,A1,-0.12625518633359367,-0.6228945602348112,-0.12558858481280033,-0.5531401734170238,1.1,0.4,1.0131670934031738,0.42836017653951564,-0.42836017653951564,1.0131670934031738
102,A1,-0.3641854437754175,-0.5066262733836945,-0.3488953466238664,-0.46731239050461626,1.1,0.4,1.0131670934031738,0.42836017653951564,-0.42836017653951564,1.0131670934031738
103,A1,-0.553667302336456,-0.32401266412523605,-0.5032637309868445,-0.3131306740873803,1.1,0.4,1.0131670934031738,0.42836017653951564,-0.42836017653951564,1.0131670934031738
104,A1,-0.6440229623711857,-0.10167555426902758,-0.5676325160485352,-0.10132662588302979,1.1,0.4,1.0131670934031738,0.42836017653951564,-0.42836017653951564,1.0131670934031738
105,A1,-0.6185108777574329,0.14049036175385987,-0.5500903645777085,0.13957328991146575,1.1,0.4,1.0131670934031738,0.42836017653951564,-0.42836017653951564,1.0131670934031738
106,A1,-0.49754581668161274,0.377047870139512,-0.4601848828008211,0.3601409695542292,1.1,0.4,1.0131670934031738,0.42836017653951564,-0.42836017653951564,1.0131670934031738
107,A1,-0.31197413083802616,0.5620078569760354,-0.3022319712256077,0.509465660395088,1.1,0.4,1.0131670934031738,0.42836017653951564,-0.42836017653951564,1.0131670934031738
108,A1,-0.0879766875924998,0.6456379828813069,-0.08775041125907475,0.5687261626344149,1.1,0.4,1.0131670934031738,0.42836017653951564,-0.42836017653951564,1.0131670934031738
109,A1,0.15471381030842934,0.6138034147970032,0.15349108734506212,0.5467988780380552,1.1,0.4,1.0131670934031738,0.42836017653951564,-0.42836017653951564,1.0131670934031738
110,A1,0.3897389827566796,0.4882491606655599,0.37113518529991935,0.4528257089406709,1.1,0.4,1.0131670934031738,0.42836017653951564,-0.42836017653951564,1.0131670934031738
111,A1,0.5699944575734247,0.2998085738505518,0.515355207611022,0.2911374215394154,1.1,0.4,1.0131670934031738,0.42836017653951564,-0.42836017653951564,1.0131670934031738
112,A1,0.6468526150533317,0.07421320744916793,0.5695473550229219,0.0740772613782182,1.1,0.4,1.0131670934031738,0.42836017653951564,-0.42836017653951564,1.0131670934031738
113,A1,0.6087783870055766,-0.16891876194739647,0.5432666025161577,-0.1673302723760961,1.1,0.4,1.0131670934031738,0.42836017653951564,-0.42836017653951564,1.0131670934031738
114,A1,0.4787422195988831,-0.4022473034634948,0.4452357307171162,-0.3818701985603464,1.1,0.4,1.0131670934031738,0.42836017653951564,-0.42836017653951564,1.0131670934031738
115,A1,0.28752020549940893,-0.5776195753443631,0.279850816656598,-0.5209331354284693,1.1,0.4,1.0131670934031738,0.42836017653951564,-0.42836017653951564,1.0131670934031738
116,A1,0.06038862864104738,-0.6476692559072121,0.060315327420144914,-0.5700988338711802,1.1,0.4,1.0131670934031738,0.42836017653951564,-0.42836017653951564,1.0131670934031738
117,A1,-0.18309813215210177,-0.6034420627675344,-0.18107908607406414,-0.5394943333725992,1.1,0.4,1.0131670934031738,0.42836017653951564,-0.42836017653951564,1.0131670934031738
118,A1,-0.41456125919931763,-0.4690308363722989,-0.3923387179837734,-0.43741591623253223,1.1,0.4,1.0131670934031738,0.42836017653951564,-0.42836017653951564,1.0131670934031738
119,A1,-0.5848762376277087,-0.27511312995878445,-0.5262005431031079,-0.26837616689537674,1.1,0.4,1.0131670934031738,0.42836017653951564,-0.42836017653951564,1.0131670934031738
120,A1,-0.6480907370332495,-0.046506543413237594,-0.5703832599263015,-0.04647304336979536,1.1,0.4,1.0131670934031738,0.42836017653951564,-0.42836017653951564,1.0131670934031738
121,A1,-0.5978007506475719,0.19724451564463974,-0.5354827820515201,0.19472574701721693,1.1,0.4,1.0131670934031738,0.42836017653951564,-0.42836017653951564,1.0131670934031738
122,A1,-0.4591207784894997,0.42666921816965553,-0.4293673507413523,0.40253397286369647,1.1,0.4,1.0131670934031738,0.42836017653951564,-0.42836017653951564,1.0131670934031738
123,A1,-0.26259134707379134,0.5917580494462131,-0.2567177055295306,0.5311588372994859,1.1,0.4,1.0131670934031738,0.42836017653951564,-0.42836017653951564,1.0131670934031738
124,A1,-0.032570638220354775,0.6481202969835785,-0.03255912562333107,0.5704032025929529,1.1,0.4,1.0131670934031738,0.42836017653951564,-0.42836017653951564,1.0131670934031738
125,A1,0.21135018188988325,0.591860787638946,0.20825848457937987,0.5312325859709052,1.1,0.4,1.0131670934031738,0.42836017653951564,-0.42836017653951564,1.0131670934031738
126,A1,0.4385595278078803,0.44901773382891846,0.4124497262340704,0.4210912467606518,1.1,0.4,1.0131670934031738,0.42836017653951564,-0.42836017653951564,1.0131670934031738
127,A1,0.5982592111051455,0.24995875699470693,0.53580970244663,0.24487989297472917,1.1,0.4,1.0131670934031738,0.42836017653951564,-0.42836017653951564,1.0131670934031738
128,A1,0.6477615530307042,0.01858471066646289,0.5701611299810709,0.018582571295181656,1.1,0.4,1.0131670934031738,0.42836017653951564,-0.42836017653951564,1.0131670934031738
129,A1,0.5856285283549529,-0.2254070725475648,0.526744318939665,-0.2216655735900482,1.1,0.4,1.0131670934031738,0.42836017653951564,-0.42836017653951564,1.0131670934031738
130,A1,0.4387273063509687,-0.4502205543539583,0.41258895353190594,-0.4220802843288453,1.1,0.4,1.0131670934031738,0.42836017653951564,-0.42836017653951564,1.0131670934031738
131,A1,0.23721916571122514,-0.6043745318294227,0.23286742099673624,-0.5401550708742905,1.1,0.4,1.0131670934031738,0.42836017653951564,-0.42836017653951564,1.0131670934031738
132,A1,0.004552686561130809,-0.6470184727131539,0.004552655106948543,-0.5696594004949039,1.1,0.4,1.0131670934031738,0.42836017653951564,-0.42836017653951564,1.0131670934031738
133,A1,-0.23940680102141754,-0.5791103351745523,-0.2349353701190702,-0.5220185020936703,1.1,0.4,1.0131670934031738,0.42836017653951564,-0.42836017653951564,1.0131670934031738
134,A1,-0.4616407237948753,-0.4282550118493411,-0.4314205023793546,-0.4038619658669982,1.1,0.4,1.0131670934031738,0.42836017653951564,-0.42836017653951564,1.0131670934031738
135,A1,-0.6100994394266109,-0.2243762915315715,-0.5441970930341274,-0.22068521699191773,1.1,0.4,1.0131670934031738,0.42836017653951564,-0.42836017653951564,1.0131670934031738
136,A1,-0.6458953454981626,0.009521362987640059,-0.5689002559692106,0.009521075274058145,1.1,0.4,1.0131670934031738,0.42836017653951564,-0.42836017653951564,1.0131670934031738
137,A1,-0.5723125692914051,0.253340654241837,-0.5170556153034153,0.2480563481050401,1.1,0.4,1.0131670934031738,0.42836017653951564,-0.42836017653951564,1.0131670934031738
138,A1,-0.4176062738187283,0.4728085638619082,-0.39491193239534805,0.4404657867521988,1.1,0.4,1.0131670934031738,0.42836017653951564,-0.42836017653951564,1.0131670934031738
139,A1,-0.21143377252243695,0.6154299859857,-0.2083384483605233,0.5479381080682247,1.1,0.4,1.0131670934031738,0.42836017653951564,-0.42836017653951564,1.0131670934031738
140,A1,0.023633204535274344,0.6443967548359999,0.023628805579751482,0.5678858163305366,1.1,0.4,1.0131670934031738,0.42836017653951564,-0.42836017653951564,1.0131670934031738
141,A1,0.26719959680746114,0.5652415825869381,0.2610171365194076,0.5118561089873468,1.1,0.4,1.0131670934031738,0.42836017653951564,-0.42836017653951564,1.0131670934031738
142,A1,0.483712746744437,0.406786419504076,0.44921209346880203,0.3857406632279008,1.1,0.4,1.0131670934031738,0.42836017653951564,-0.42836017653951564,1.0131670934031738
143,A1,0.6203628496601145,0.19839517490804334,0.5513806149566576,0.1958325269716749,1.1,0.4,1.0131670934031738,0.42836017653951564,-0.42836017653951564,1.0131670934031738
144,A1,0.6425275508402575,-0.03777842541761006,0.5666180757465713,-0.037760463096972875,1.1,0.4,1.0131670934031738,0.42836017653951564,-0.42836017653951564,1.0131670934031738
145,A1,0.5579037102354198,-0.2809742775987997,0.5064204162557919,-0.27380655673641574,1.1,0.4,1.0131670934031738,0.42836017653951564,-0.42836017653951564,1.0131670934031738
146,A1,0.3958006761966181,-0.49434213215391154,0.37635013705902803,-0.45765592318967374,1.1,0.4,1.0131670934031738,0.42836017653951564,-0.42836017653951564,1.0131670934031738
147,A1,0.18526400241409785,-0.624895332628104,0.1831731137007925,-0.5545272444499455,1.1,0.4,1.0131670934031738,0.42836017653951564,-0.42836017653951564,1.0131670934031738
148,A1,-0.05195241713070878,-0.6402928237943868,-0.05190572675104317,-0.5650989002179934,1.1,0.4,1.0131670934031738,0.42836017653951564,-0.42836017653951564,1.0131670934031738
149,A1,-0.29465503896299955,-0.5503052639447057,-0.2864136597624677,-0.50074896530581,1.1,0.4,1.0131670934031738,0.42836017653951564,-0.42836017653951564,1.0131670934031738
150,A1,-0.5046858103528815,-0.38465416784435486,-0.46579431278813876,-0.36674250773506917,1.1,0.4,1.0131670934031738,0.42836017653951564,-0.42836017653951564,1.0131670934031738
151,A1,-0.6290253553692262,-0.17204370653230153,-0.5573807319683194,-0.17036612300325452,1.1,0.4,1.0131670934031738,0.42836017653951564,-0.42836017653951564,1.0131670934031738
152,A1,-0.6376978786533025,0.06615035908809877,-0.5633300265617827,0.0660540392204351,1.1,0.4,1.0131670934031738,0.42836017653951564,-0.42836017653951564,1.0131670934031738
153,A1,-0.5424525257367203,0.30823192855252274,-0.49484219198494994,0.2988277629675377,1.1,0.4,1.0131670934031738,0.42836017653951564,-0.42836017653951564,1.0131670934031738
154,A1,-0.37335191204696405,0.5147331447518668,-0.3569201103263296,0.47362482367779807,1.1,0.4,1.0131670934031738,0.42836017653951564,-0.42836017653951564,1.0131670934031738
155,A1,-0.15873769767234894,0.6327514474391153,-0.15741772747172517,0.559943891626737,1.1,0.4,1.0131670934031738,0.42836017653951564,-0.42836017653951564,1.0131670934031738
156,A1,0.08036720287679172,0.6347482106785605,0.08019462116878413,0.5613130627312013,1.1,0.4,1.0131670934031738,0.42836017653951564,-0.42836017653951564,1.0131670934031738
157,A1,0.32169471388161924,0.5343517421752246,0.31103848595595474,0.488700552440928,1.1,0.4,1.0131670934031738,0.42836017653951564,-0.42836017653951564,1.0131670934031738
158,A1,0.5244738136710733,0.36189881750642394,0.4811455270938699,0.34688546674686405,1.1,0.4,1.0131670934031738,0.42836017653951564,-0.42836017653951564,1.0131670934031738
159,A1,0.6360727349643132,0.14534935716059513,0.5622195915221808,0.1443343623087118,1.1,0.4,1.0131670934031738,0.42836017653951564,-0.42836017653951564,1.0131670934031738
160,A1,0.6314494823161259,-0.0945976571398976,0.5590494894147693,-0.09431648766021594,1.1,0.4,1.0131670934031738,0.42836017653951564,-0.42836017653951564,1.0131670934031738
161,A1,0.526009118954173,-0.335032899642734,0.4823245357743223,-0.32303578521437626,1.1,0.4,1.0131670934031738,0.42836017653951564,-0.42836017653951564,1.0131670934031738
162,A1,0.350299682004494,-0.5338978508644902,0.33664129097276413,-0.48835498655989523,1.1,0.4,1.0131670934031738,0.42836017653951564,-0.42836017653951564,1.0131670934031738
163,A1,0.13188205003761802,-0.6389889251134188,0.13112272963071323,-0.5642107303979905,1.1,0.4,1.0131670934031738,0.42836017653951564,-0.42836017653951564,1.0131670934031738
164,A1,-0.10883617321973235,-0.6278075013971692,-0.1084084668006125,-0.5565406628541741,1.1,0.4,1.0131670934031738,0.42836017653951564,-0.42836017653951564,1.0131670934031738
165,A1,-0.34823574780030414,-0.5174308157675508,-0.33480998718108956,-0.475714676612462,1.1,0.4,1.0131670934031738,0.42836017653951564,-0.42836017653951564,1.0131670934031738
166,A1,-0.5429956844107712,-0.33855919097659437,-0.49525223779746197,-0.3261904939146444,1.1,0.4,1.0131670934031738,0.42836017653951564,-0.42836017653951564,1.0131670934031738
167,A1,-0.6415002878294609,-0.11833913860073492,-0.5659202157789879,-0.11778980250608154,1.1,0.4,1.0131670934031738,0.42836017653951564,-0.42836017653951564,1.0131670934031738
168,A1,-0.6238282007149538,0.12307693170074753,-0.553787818818943,0.12245922062107621,1.1,0.4,1.0131670934031738,0.42836017653951564,-0.42836017653951564,1.0131670934031738
169,A1,-0.5086229413907362,0.3612923004517895,-0.4688715675248455,0.34635181939288373,1.1,0.4,1.0131670934031738,0.42836017653951564,-0.42836017653951564,1.0131670934031738
170,A1,-0.32668191674861957,0.5517581735884913,-0.3155361880033936,0.5018367663572543,1.1,0.4,1.0131670934031738,0.42836017653951564,-0.42836017653951564,1.0131670934031738
171,A1,-0.1047239966321026,0.6436076351307665,-0.10434282861574343,0.5673509436511555,1.1,0.4,1.0131670934031738,0.42836017653951564,-0.42836017653951564,1.0131670934031738
172,A1,0.13731382999619146,0.6195176190050613,0.1364572681906979,0.5507920776737453,1.1,0.4,1.0131670934031738,0.42836017653951564,-0.42836017653951564,1.0131670934031738
173,A1,0.37419140541539886,0.49959154891393626,0.35765243938352037,0.4617958712037469,1.1,0.4,1.0131670934031738,0.42836017653951564,-0.42836017653951564,1.0131670934031738
174,A1,0.5601766433728126,0.3146723184989734,0.5081084832647441,0.3046816915499188,1.1,0.4,1.0131670934031738,0.42836017653951564,-0.42836017653951564,1.0131670934031738
175,A1,0.6453122983035174,0.09104002424828228,0.5685057797408503,0.09078933341449315,1.1,0.4,1.0131670934031738,0.42836017653951564,-0.42836017653951564,1.0131670934031738
176,A1,0.6148818833322794,-0.15154047112595195,0.5475544504723248,-0.1503910109141454,1.1,0.4,1.0131670934031738,0.42836017653951564,-0.42836017653951564,1.0131670934031738
177,A1,0.49034263107987774,-0.38692174447117217,0.4544883323382461,-0.36870346103110324,1.1,0.4,1.0131670934031738,0.42836017653951564,-0.42836017653951564,1.0131670934031738
178,A1,0.30253474300278266,-0.5682429162161343,0.29363053293948915,-0.5140676989832975,1.1,0.4,1.0131670934031738,0.42836017653951564,-0.42836017653951564,1.0131670934031738
179,A1,0.0772906633029792,-0.6466161033187169,0.07713712266091158,-0.5693875424311575,1.1,0.4,1.0131670934031738,0.42836017653951564,-0.42836017653951564,1.0131670934031738
180,A1,-0.1657501538353717,-0.6099271928657305,-0.1642487599360504,-0.5440758460102313,1.1,0.4,1.0131670934031738,0.42836017653951564,-0.42836017653951564,1.0131670934031738
181,A1,-0.39947186414731284,-0.48088211569045575,-0.37949697808011434,-0.44694978911581257,1.1,0.4,1.0131670934031738,0.42836017653951564,-0.42836017653951564,1.0131670934031738
182,A1,-0.5759493408066662,-0.29027342620901886,-0.5197150960016068,-0.2823864547193478,1.1,0.4,1.0131670934031738,0.42836017653951564,-0.42836017653951564,1.0131670934031738
183,A1,-0.6475213448096472,-0.06347941327092899,-0.5699989873371676,-0.06339428417626157,1.1,0.4,1.0131670934031738,0.42836017653951564,-0.42836017653951564,1.0131670934031738
184,A1,-0.6046598040044903,0.1799358642058565,-0.5403570787667296,0.1780187655393057,1.1,0.4,1.0131670934031738,0.42836017653951564,-0.42836017653951564,1.0131670934031738
185,A1,-0.47121586106015356,0.4118302089075727,-0.43918118429274455,0.3900255845971614,1.1,0.4,1.0131670934031738,0.42836017653951564,-0.42836017653951564,1.0131670934031738
186,A1,-0.27789249569427577,0.5832888175356533,-0.2709534176344735,0.5250517003515651,1.1,0.4,1.0131670934031738,0.42836017653951564,-0.42836017653951564,1.0131670934031738
187,A1,-0.04960984753740649,0.6480307589434775,-0.04956918868707618,0.570342793547786,1.1,0.4,1.0131670934031738,0.42836017653951564,-0.42836017653951564,1.0131670934031738
188,A1,0.19409026890773168,0.5990860167991733,0.19168924838893134,0.5363988776644907,1.1,0.4,1.0131670934031738,0.42836017653951564,-0.42836017653951564,1.0131670934031738
189,A1,0.42398515655881186,0.4613496515074469,0.40028239215705974,0.43118357578317906,1.1,0.4,1.0131670934031738,0.42836017653951564,-0.42836017653951564,1.0131670934031738
190,A1,0.5902548204456598,0.26539597402937287,0.5300788523574508,0.25933560466076316,1.1,0.4,1.0131670934031738,0.42836017653951564,-0.42836017653951564,1.0131670934031738
191,A1,0.6481474955129551,0.035685630014398506,0.5704215515292109,0.035670489602692604,1.1,0.4,1.0131670934031738,0.42836017653951564,-0.42836017653951564,1.0131670934031738
192,A1,0.5932121626008398,-0.208205710243969,0.5322018955739267,-0.20524843243793367,1.1,0.4,1.0131670934031738,0.42836017653951564,-0.42836017653951564,1.0131670934031738
193,A1,0.4512891928887226,-0.43592505566141104,0.42295814672587095,-0.4102610435971251,1.1,0.4,1.0131670934031738,0.42836017653951564,-0.42836017653951564,1.0131670934031738
194,A1,0.25278778308689337,-0.5968414154781725,0.24753742507748164,-0.5347981769081163,1.1,0.4,1.0131670934031738,0.42836017653951564,-0.42836017653951564,1.0131670934031738
195,A1,0.021710532000886185,-0.6478750895616397,0.021707121577727452,-0.5702377526744077,1.1,0.4,1.0131670934031738,0.42836017653951564,-0.42836017653951564,1.0131670934031738
196,A1,-0.2222742031300505,-0.5870445928570875,-0.21868457927743512,-0.5277667194873008,1.1,0.4,1.0131670934031738,0.42836017653951564,-0.42836017653951564,1.0131670934031738
197,A1,-0.4476382646898761,-0.4410401081921249,-0.4199557232217283,-0.414506214998302,1.1,0.4,1.0131670934031738,0.42836017653951564,-0.42836017653951564,1.0131670934031738
198,A1,-0.6030432748879853,-0.24007174930934116,-0.5392115535313367,-0.2355635186116571,1.1,0.4,1.0131670934031738,0.42836017653951564,-0.42836017653951564,1.0131670934031738
199,A1,-0.647217432839513,-0.007688449200767222,-0.5697937804737159,-0.007688297710502586,1.1,0.4,1.0131670934031738,0.42836017653951564,-0.42836017653951564,1.0131670934031738
200,A1,-0.58058966896632,0.23628743415027076,-0.5230938812860576,0.2319860236811482,1.1,0.4,1.0131670934031738,0.42836017653951564,-0.42836017653951564,1.0131670934031738
201,A1,-0.4306079332208229,0.45911319265762485,-0.405829242158663,0.42936116338538755,1.1,0.4,1.0131670934031738,0.42836017653951564,-0.42836017653951564,1.0131670934031738
202,A1,-0.22725160994892893,0.6088556877433611,-0.22341875967629904,0.5433210865341447,1.1,0.4,1.0131670934031738,0.42836017653951564,-0.42836017653951564,1.0131670934031738
203,A1,0.006376581192429537,0.6461787453656327,0.006376494768230453,0.5690919032740133,1.1,0.4,1.0131670934031738,0.42836017653951564,-0.42836017653951564,1.0131670934031738
204,A1,0.25023676282409385,0.5738537530947897,0.2451412100648319,0.5181838690231816,1.1,0.4,1.0131670934031738,0.42836017653951564,-0.42836017653951564,1.0131670934031738
205,A1,0.4703383408894219,0.41999811240614593,0.43847264742998426,0.39692884180755594,1.1,0.4,1.0131670934031738,0.42836017653951564,-0.42836017653951564,1.0131670934031738
206,A1,0.6142745664837419,0.21433102028119277,0.5471290754553784,0.21110826171201458,1.1,0.4,1.0131670934031738,0.42836017653951564,-0.42836017653951564,1.0131670934031738
207,A1,0.6447635473514002,-0.020480363439809524,0.5681342685874752,-0.020477500456183483,1.1,0.4,1.0131670934031738,0.42836017653951564,-0.42836017653951564,1.0131670934031738
208,A1,0.5668431998570115,-0.26411322520763303,0.5130371386408372,-0.2581387295554587,1.1,0.4,1.0131670934031738,0.42836017653951564,-0.42836017653951564,1.0131670934031738
209,A1,0.4092159948005556,-0.481302345598009,0.3878067873725623,-0.4472860089990402,1.1,0.4,1.0131670934031738,0.42836017653951564,-0.42836017653951564,1.0131670934031738
210,A1,0.20131356178579732,-0.6192964495595966,0.19863738162802128,-0.550637986057332,1.1,0.4,1.0131670934031738,0.42836017653951564,-0.42836017653951564,1.0131670934031738
211,A1,-0.03461852633160281,-0.6429766317126108,-0.03460470352170721,-0.5669228989057356,1.1,0.4,1.0131670934031738,0.42836017653951564,-0.42836017653951564,1.0131670934031738
212,A1,-0.2779075399447215,-0.5595643487583692,-0.2709673573430981,-0.5076541260421427,1.1,0.4,1.0131670934031738,0.42836017653951564,-0.42836017653951564,1.0131670934031738
213,A1,-0.4919940208988716,-0.39826683030831056,-0.45579762779833616,-0.3784650193298178,1.1,0.4,1.0131670934031738,0.42836017653951564,-0.42836017653951564,1.0131670934031738
214,A1,-0.6239185002306538,-0.18820275127917976,-0.5538504220627833,-0.1860117243239523,1.1,0.4,1.0131670934031738,0.42836017653951564,-0.42836017653951564,1.0131670934031738
215,A1,-0.6408230373712992,0.04878650649908792,-0.5654596889709634,0.048747837348020115,1.1,0.4,1.0131670934031738,0.42836017653951564,-0.42836017653951564,1.0131670934031738
216,A1,-0.5520235172990562,0.2916101168691657,-0.5020352594347406,0.2836160899715207,1.1,0.4,1.0131670934031738,0.42836017653951564,-0.42836017653951564,1.0131670934031738
217,A1,-0.3871557662177566,0.5024024018793456,-0.36890565188708513,0.46400442191641506,1.1,0.4,1.0131670934031738,0.42836017653951564,-0.42836017653951564,1.0131670934031738
218,A1,-0.17500205097520966,0.6281385016480511,-0.17323714725853565,0.556769097822221,1.1,0.4,1.0131670934031738,0.42836017653951564,-0.42836017653951564,1.0131670934031738
219,A1,0.06297953207748525,0.6383080235201153,0.06289639618658148,0.5637464044518417,1.1,0.4,1.0131670934031738,0.42836017653951564,-0.42836017653951564,1.0131670934031738
220,A1,0.3052110682444013,0.5442269946407791,0.29607418221169374,0.4961809718629838,1.1,0.4,1.0131670934031738,0.42836017653951564,-0.42836017653951564,1.0131670934031738
221,A1,0.5125167873259195,0.3758878441033874,0.4719038368597366,0.3591309791622714,1.1,0.4,1.0131670934031738,0.42836017653951564,-0.42836017653951564,1.0131670934031738
222,A1,0.6319548483917445,0.16171487944196272,0.5593968120742118,0.1603197650155634,1.1,0.4,1.0131670934031738,0.42836017653951564,-0.42836017653951564,1.0131670934031738
223,A1,0.635437044993071,-0.07719260683985343,0.5617846819694796,-0.07703964891008801,1.1,0.4,1.0131670934031738,0.42836017653951564,-0.42836017653951564,1.0131670934031738
224,A1,0.5361810357417763,-0.3187002227086768,0.4900917138451679,-0.3083311831559664,1.1,0.4,1.0131670934031738,0.42836017653951564,-0.42836017653951564,1.0131670934031738
225,A1,0.36446799716816125,-0.522326781706962,0.3491434808996338,-0.47949383149453834,1.1,0.4,1.0131670934031738,0.42836017653951564,-0.42836017653951564,1.0131670934031738
226,A1,0.1483446234151393,-0.6353665346758608,0.1472659538019285,-0.5617364229399008,1.1,0.4,1.0131670934031738,0.42836017653951564,-0.42836017653951564,1.0131670934031738
227,A1,-0.09142049492846596,-0.6322157288575695,-0.09116665493593322,-0.559576030415757,1.1,0.4,1.0131670934031738,0.42836017653951564,-0.42836017653951564,1.0131670934031738
228,A1,-0.3320671419729046,-0.5278918558715451,-0.3203769711700448,-0.4837679660324869,1.1,0.4,1.0131670934031738,0.42836017653951564,-0.42836017653951564,1.0131670934031738
229,A1,-0.5318223360075052,-0.3529010480971043,-0.4867728611201191,-0.3389458277728624,1.1,0.4,1.0131670934031738,0.42836017653951564,-0.42836017653951564,1.0131670934031738
230,A1,-0.6383731394707335,-0.1348946504217044,-0.5637908242709736,-0.1340823557972894,1.1,0.4,1.0131670934031738,0.42836017653951564,-0.42836017653951564,1.0131670934031738
231,A1,-0.6286498523141629,0.10565770631628343,-0.5571218335043557,0.10526628236825934,1.1,0.4,1.0131670934031738,0.42836017653951564,-0.42836017653951564,1.0131670934031738
232,A1,-0.5193656254241289,0.34530114029435155,-0.4772102518074154,0.33220178734492856,1.1,0.4,1.0131670934031738,0.42836017653951564,-0.42836017653951564,1.0131670934031738
233,A1,-0.3411917074920995,0.5409937870182917,-0.3285408863296573,0.49373985792572755,1.1,0.4,1.0131670934031738,0.42836017653951564,-0.42836017653951564,1.0131670934031738
234,A1,-0.12136832216106136,0.6409748088205263,-0.12077588326050877,0.565562923449341,1.1,0.4,1.0131670934031738,0.42836017653951564,-0.42836017653951564,1.0131670934031738
235,A1,0.11989848313671359,0.624745321962958,0.11932722838100623,0.5544233534926724,1.1,0.4,1.0131670934031738,0.42836017653951564,-0.42836017653951564,1.0131670934031738
236,A1,0.35839130672239217,0.5106084649577523,0.3437962671018243,0.47041914974121024,1.1,0.4,1.0131670934031738,0.42836017653951564,-0.42836017653951564,1.0131670934031738
237,A1,0.5498318946931302,0.3293445729551304,0.5003942091051956,0.3179317236362182,1.1,0.4,1.0131670934031738,0.42836017653951564,-0.42836017653951564,1.0131670934031738
238,A1,0.6431722356592139,0.10776900858551544,0.567055620716629,0.107353722284764,1.1,0.4,1.0131670934031738,0.42836017653951564,-0.42836017653951564,1.0131670934031738
239,A1,0.6205081544694752,-0.13413678702463394,0.551481736010875,-0.1333380418357995,1.1,0.4,1.0131670934031738,0.42836017653951564,-0.42836017653951564,1.0131670934031738
240,A1,0.5016264403988582,-0.3713265300827847,0.46339530583330985,-0.3551514696196012,1.1,0.4,1.0131670934031738,0.42836017653951564,-0.42836017653951564,1.0131670934031738
241,A1,0.31736412888328847,-0.5583278772066964,0.3071216116821333,-0.5067357329197508,1.1,0.4,1.0131670934031738,0.42836017653951564,-0.42836017653951564,1.0131670934031738
242,A1,0.09410010261689991,-0.6449666374450901,0.09382333608143306,-0.5682717900925071,1.1,0.4,1.0131670934031738,0.42836017653951564,-0.42836017653951564,1.0131670934031738
243,A1,-0.14836628761543824,-0.6159444586384129,-0.1472871480974364,-0.548298015932494,1.1,0.4,1.0131670934031738,0.42836017653951564,-0.42836017653951564,1.0131670934031738
244,A1,-0.38409552663463176,-0.49242555836003243,-0.36625890477642453,-0.45613944545972507,1.1,0.4,1.0131670934031738,0.42836017653951564,-0.42836017653951564,1.0131670934031738
245,A1,-0.5664734433691244,-0.3052547470337663,-0.5127646530101309,-0.2961140316064532,1.1,0.4,1.0131670934031738,0.42836017653951564,-0.42836017653951564,1.0131670934031738
246,A1,-0.6463597319449292,-0.08036503543196263,-0.5692142619232008,-0.08019246766280264,1.1,0.4,1.0131670934031738,0.42836017653951564,-0.42836017653951564,1.0131670934031738
247,A1,-0.6110604188815397,0.16258035235148263,-0.5448731242191147,0.16116287597656903,1.1,0.4,1.0131670934031738,0.42836017653951564,-0.42836017653951564,1.0131670934031738
248,A1,-0.4830117615336477,0.39668687029981403,-0.4486523849631101,0.37711055732454385,1.1,0.4,1.0131670934031738,0.42836017653951564,-0.42836017653951564,1.0131670934031738
249,A1,-0.2930206879110193,0.5742608220838317,-0.2849126778042009,0.5184815712644255,1.1,0.4,1.0131670934031738,0.42836017653951564,-0.42836017653951564,1.0131670934031738
250,A1,-0.06656729224528238,0.6473537115036422,-0.06646914178548345,0.5698858070853567,1.1,0.4,1.0131670934031738,0.42836017653951564,-0.42836017653951564,1.0131670934031738
251,A1,0.17677203774664607,0.6058622800460526,0.17495348669456304,0.5412078956699451,1.1,0.4,1.0131670934031738,0.42836017653951564,-0.42836017653951564,1.0131670934031738
252,A1,0.40908902532883873,0.4733909241360796,0.3876989080494644,0.44093504282410817,1.1,0.4,1.0131670934031738,0.42836017653951564,-0.42836017653951564,1.0131670934031738
253,A1,0.581682788570654,0.28066610302145967,0.5238874395483435,0.273521461969208,1.1,0.4,1.0131670934031738,0.42836017653951564,-0.42836017653951564,1.0131670934031738
254,A1,0.6479512161341024,0.05271042851496596,0.5702891228558851,0.052661666010328304,1.1,0.4,1.0131670934031738,0.42836017653951564,-0.42836017653951564,1.0131670934031738
255,A1,0.6003563335523918,-0.1909340822596594,0.5373030775052549,-0.18864720473010754,1.1,0.4,1.0131670934031738,0.42836017653951564,-0.42836017653951564,1.0131670934031738
256,A1,0.46356884739070425,-0.4212903812304125,0.43298845036170375,-0.3980169517013856,1.1,0.4,1.0131670934031738,0.42836017653951564,-0.42836017653951564,1.0131670934031738
257,A1,0.26819503803358635,-0.588732687116995,0.2619445171239542,-0.5289835306003013,1.1,0.4,1.0131670934031738,0.42836017653951564,-0.42836017653951564,1.0131670934031738
258,A1,0.03879808649293326,-0.6481553057552314,0.03877863073068151,-0.5704268204455516,1.1,0.4,1.0131670934031738,0.42836017653951564,-0.42836017653951564,1.0131670934031738
259,A1,-0.2050589009253715,-0.594548904775789,-0.20223225037180786,-0.5331593387109335,1.1,0.4,1.0131670934031738,0.42836017653951564,-0.42836017653951564,1.0131670934031738
260,A1,-0.43327928975549435,-0.4535512550512636,-0.4080582115273025,-0.4248137619195809,1.1,0.4,1.0131670934031738,0.42836017653951564,-0.42836017653951564,1.0131670934031738
261,A1,-0.595404450164702,-0.2556114368734954,-0.5337714083853856,-0.2501862016800684,1.1,0.4,1.0131670934031738,0.42836017653951564,-0.42836017653951564,1.0131670934031738
262,A1,-0.6479694318949645,-0.024834012038065456,-0.5703014141829177,-0.024828908019045873,1.1,0.4,1.0131670934031738,0.42836017653951564,-0.42836017653951564,1.0131670934031738
263,A1,-0.5884463415937482,0.2191385818900986,-0.5287772800696828,0.21569687376651694,1.1,0.4,1.0131670934031738,0.42836017653951564,-0.42836017653951564,1.0131670934031738
264,A1,-0.4433437889801898,0.4450441036909075,-0.41641226450567137,0.41781675027574267,1.1,0.4,1.0131670934031738,0.42836017653951564,-0.42836017653951564,1.0131670934031738
265,A1,-0.24291914677736084,0.6016926135889028,-0.2382511035643626,0.5382528981904083,1.1,0.4,1.0131670934031738,0.42836017653951564,-0.42836017653951564,1.0131670934031738
266,A1,-0.010822071606654549,0.6473974091589753,-0.010821649142748592,0.5699153123256816,1.1,0.4,1.0131670934031738,0.42836017653951564,-0.42836017653951564,1.0131670934031738
267,A1,0.23316488499261462,0.5820550040122093,0.22902939022045823,0.5241574448026617,1.1,0.4,1.0131670934031738,0.42836017653951564,-0.42836017653951564,1.0131670934031738
268,A1,0.45657321718373256,0.43295200480877416,0.4272871775919735,0.40778538686294546,1.1,0.4,1.0131670934031738,0.42836017653951564,-0.42836017653951564,1.0131670934031738
269,A1,0.6075923280761515,0.2301219243138501,0.5424300567275143,0.22614404443482228,1.1,0.4,1.0131670934031738,0.42836017653951564,-0.42836017653951564,1.0131670934031738
270,A1,0.646443386746595,-0.003233730669670448,0.569270809468443,-0.003233719397995253,1.1,0.4,1.0131670934031738,0.42836017653951564,-0.42836017653951564,1.0131670934031738
271,A1,0.5753812547762098,-0.2471292425260435,0.519300329743748,-0.2422182164800652,1.1,0.4,1.0131670934031738,0.42836017653951564,-0.42836017653951564,1.0131670934031738
272,A1,0.4223813677172955,-0.46785510728646895,0.39893470796075664,-0.4364646537686593,1.1,0.4,1.0131670934031738,0.42836017653951564,-0.42836017653951564,1.0131670934031738
273,A1,0.2172234423806423,-0.613099366561825,0.21387008399899252,-0.5463051424966664,1.1,0.4,1.0131670934031738,0.42836017653951564,-0.42836017653951564,1.0131670934031738
274,A1,-0.017329235913165403,-0.6451118202728836,-0.017327501451031947,-0.5683700805092542,1.1,0.4,1.0131670934031738,0.42836017653951564,-0.42836017653951564,1.0131670934031738
275,A1,-0.26102276230780413,-0.5684314508663362,-0.2552519076927116,-0.5142063969670126,1.1,0.4,1.0131670934031738,0.42836017653951564,-0.42836017653951564,1.0131670934031738
276,A1,-0.4788783763851776,-0.4116372483830887,-0.4453448898643931,-0.3898619649073831,1.1,0.4,1.0131670934031738,0.42836017653951564,-0.42836017653951564,1.0131670934031738
277,A1,-0.6182101277396328,-0.2042272981703809,-0.5498805866383403,-0.20143452443388862,1.1,0.4,1.0131670934031738,0.42836017653951564,-0.42836017653951564,1.0131670934031738
278,A1,-0.6434074441308533,0.031460113536318335,-0.5672151761318369,0.03144973854596139,1.1,0.4,1.0131670934031738,0.42836017653951564,-0.42836017653951564,1.0131670934031738
279,A1,-0.5612119357799928,0.2748362331746276,-0.5088760857865499,0.26811919472479057,1.1,0.4,1.0131670934031738,0.42836017653951564,-0.42836017653951564,1.0131670934031738
280,A1,-0.4007249191527988,0.48963179514917987,-0.3805690602954936,0.4539241442491776,1.1,0.4,1.0131670934031738,0.42836017653951564,-0.42836017653951564,1.0131670934031738
281,A1,-0.19113702209263617,0.6229216357081174,-0.1888429148921594,0.5531589644873928,1.1,0.4,1.0131670934031738,0.42836017653951564,-0.42836017653951564,1.0131670934031738
282,A1,0.04562184449116316,0.6413352446010433,0.04559021910401203,0.5658080197558671,1.1,0.4,1.0131670934031738,0.42836017653951564,-0.42836017653951564,1.0131670934031738
283,A1,0.2885601330073227,0.5537290324963877,0.28080902149650927,0.5033098250465695,1.1,0.4,1.0131670934031738,0.42836017653951564,-0.42836017653951564,1.0131670934031738
284,A1,0.5001043456220289,0.3896495505015594,0.46219921568075245,0.37105806900278915,1.1,0.4,1.0131670934031738,0.42836017653951564,-0.42836017653951564,1.0131670934031738
285,A1,0.6272315358689411,0.1779560876299174,0.5561429680177635,0.17610105606404608,1.1,0.4,1.0131670934031738,0.42836017653951564,-0.42836017653951564,1.0131670934031738
286,A1,0.6389004338875617,-0.059809704843660466,0.5641504059040462,-0.059738489634491077,1.1,0.4,1.0131670934031738,0.42836017653951564,-0.42836017653951564,1.0131670934031738
287,A1,0.5459890370259886,-0.3021846393751696,0.49750804561872375,-0.29331058197974696,1.1,0.4,1.0131670934031738,0.42836017653951564,-0.42836017653951564,1.0131670934031738
288,A1,0.37841620784646346,-0.5102852640598794,0.36133124447975,-0.47016743305764525,1.1,0.4,1.0131670934031738,0.42836017653951564,-0.42836017653951564,1.0131670934031738
289,A1,0.16468792209759608,-0.6311380872384343,0.16321500474906214,-0.558835379345856,1.1,0.4,1.0131670934031738,0.42836017653951564,-0.42836017653951564,1.0131670934031738
290,A1,-0.0740187497917256,-0.6361084252309072,-0.073883868012258,-0.5622439999316052,1.1,0.4,1.0131670934031738,0.42836017653951564,-0.42836017653951564,1.0131670934031738
291,A1,-0.315699642872349,-0.5379982124489257,-0.30561335649770865,-0.49147119302313585,1.1,0.4,1.0131670934031738,0.42836017653951564,-0.42836017653951564,1.0131670934031738
292,A1,-0.5201640831154483,-0.36702984878444833,-0.477826642033056,-0.35139102456498805,1.1,0.4,1.0131670934031738,0.42836017653951564,-0.42836017653951564,1.0131670934031738
293,A1,-0.6346401513762897,-0.15133591826990833,-0.561239045438473,-0.15019107837563817,1.1,0.4,1.0131670934031738,0.42836017653951564,-0.42836017653951564,1.0131670934031738
294,A1,-0.6329648092189182,0.08824379825195997,-0.5600903390612815,0.08801545891170956,1.1,0.4,1.0131670934031738,0.42836017653951564,-0.42836017653951564,1.0131670934031738
295,A1,-0.5297627833522902,0.32909476319849096,-0.48519974008969213,0.3177071469631356,1.1,0.4,1.0131670934031738,0.42836017653951564,-0.42836017653951564,1.0131670934031738
296,A1,-0.35549532082565416,0.5297306729638027,-0.3412400368759716,0.4851751887074367,1.1,0.4,1.0131670934031738,0.42836017653951564,-0.42836017653951564,1.0131670934031738
297,A1,-0.13790344682710956,0.637737178172592,-0.13703585939163263,0.5633568541494324,1.1,0.4,1.0131670934031738,0.42836017653951564,-0.42836017653951564,1.0131670934031738
298,A1,0.10247941814637057,0.6294753313885801,0.10212217145073978,0.5576908346644978,1.1,0.4,1.0131670934031738,0.42836017653951564,-0.42836017653951564,1.0131670934031738
299,A1,0.34235936801212064,0.5212889305833815,0.32958211069560595,0.4786941995769932,1.1,0.4,1.0131670934031738,0.42836017653951564,-0.42836017653951564,1.0131670934031738
300,A1,0.538975280970393,0.34381735969254507,0.4922119006462854,0.33088110382866553,1.1,0.4,1.0131670934031738,0.42836017653951564,-0.42836017653951564,1.0131670934031738
301,A1,0.6404291887658857,0.12439386957242946,0.5651917116877592,0.12375619943398389,1.1,0.4,1.0131670934031738,0.42836017653951564,-0.42836017653951564,1.0131670934031738
302,A1,0.6256458711836524,-0.11671991252608657,0.5550467757273919,-0.11619273907307627,1.1,0.4,1.0131670934031738,0.42836017653951564,-0.42836017653951564,1.0131670934031738
303,A1,0.5125827862445721,-0.3554825945594966,0.4719551366681215,-0.341228792468027,1.1,0.4,1.0131670934031738,0.42836017653951564,-0.42836017653951564,1.0131670934031738
304,A1,0.33200058825276846,-0.5478885695121934,0.32031724734380207,-0.4989360654928845,1.1,0.4,1.0131670934031738,0.42836017653951564,-0.42836017653951564,1.0131670934031738
305,A1,0.11081055336176207,-0.6427167558902841,0.11035922317223952,-0.5667465215999489,1.1,0.4,1.0131670934031738,0.42836017653951564,-0.42836017653951564,1.0131670934031738
306,A1,-0.13095930667406042,-0.6214824223066036,-0.13021574166944236,-0.552159333438379,1.1,0.4,1.0131670934031738,0.42836017653951564,-0.42836017653951564,1.0131670934031738
307,A1,-0.36845337405217277,-0.50365042886545,-0.3526381544477009,-0.4649831812652149,1.1,0.4,1.0131670934031738,0.42836017653951564,-0.42836017653951564,1.0131670934031738
308,A1,-0.5564616515795097,-0.32004951615005267,-0.5053474074632694,-0.3095516932999623,1.1,0.4,1.0131670934031738,0.42836017653951564,-0.42836017653951564,1.0131670934031738
309,A1,-0.6446009819684679,-0.09715688468400085,-0.5680241653294777,-0.09685233170856059,1.1,0.4,1.0131670934031738,0.42836017653951564,-0.42836017653951564,1.0131670934031738
310,A1,-0.6169910744785735,0.1451913363327637,-0.5490295668320515,0.14417962990743766,1.1,0.4,1.0131670934031738,0.42836017653951564,-0.42836017653951564,1.0131670934031738
311,A1,-0.49449787869908113,0.38126045873485526,-0.45777904000886455,0.3638016037182057,1.1,0.4,1.0131670934031738,0.42836017653951564,-0.42836017653951564,1.0131670934031738
312,A1,-0.307968540192587,0.564686123808875,-0.2985878757943415,0.5114460620226432,1.1,0.4,1.0131670934031738,0.42836017653951564,-0.42836017653951564,1.0131670934031738
313,A1,-0.08343628482552132,0.6460834752798039,-0.08324320540632896,0.5690274843987261,1.1,0.4,1.0131670934031738,0.42836017653951564,-0.42836017653951564,1.0131670934031738
314,A1,0.1594094372057811,0.6121779965983474,0.15807275170729146,0.5456584294223898,1.1,0.4,1.0131670934031738,0.42836017653951564,-0.42836017653951564,1.0131670934031738
315,A1,0.3938924515511678,0.4851310931014012,0.3747110170945298,0.45034350795366496,1.1,0.4,1.0131670934031738,0.42836017653951564,-0.42836017653951564,1.0131670934031738
316,A1,0.5725540966262683,0.2957619455524896,0.5172325490489293,0.2874294412709537,1.1,0.4,1.0131670934031738,0.42836017653951564,-0.42836017653951564,1.0131670934031738
317,A1,0.6471663245388983,0.06965222554840733,0.5697592642419569,0.06953980601089416,1.1,0.4,1.0131670934031738,0.42836017653951564,-0.42836017653951564,1.0131670934031738
318,A1,0.6070494212709046,-0.17360673588383102,0.5420467767564522,-0.17188338076628426,1.1,0.4,1.0131670934031738,0.42836017653951564,-0.42836017653951564,1.0131670934031738
319,A1,0.4755559619656394,-0.4063378382793565,0.4426774798378561,-0.3853587629750812,1.1,0.4,1.0131670934031738,0.42836017653951564,-0.42836017653951564,1.0131670934031738
320,A1,0.2834339078233076,-0.5800582212143175,0.27608025257307334,-0.5227077447905126,1.1,0.4,1.0131670934031738,0.42836017653951564,-0.42836017653951564,1.0131670934031738
321,A1,0.055808245208438745,-0.6478520722200074,0.055750377919428065,-0.5702222197030751,1.1,0.4,1.0131670934031738,0.42836017653951564,-0.42836017653951564,1.0131670934031738
322,A1,-0.1877760423460083,-0.6016116306581815,-0.18559974699934453,-0.5381953748179383,1.1,0.4,1.0131670934031738,0.42836017653951564,-0.42836017653951564,1.0131670934031738
323,A1,-0.41858502197345315,-0.4657783031969936,-0.39573772000992663,-0.43478196089287496,1.1,0.4,1.0131670934031738,0.42836017653951564,-0.42836017653951564,1.0131670934031738
324,A1,-0.587191713056725,-0.27098849597516894,-0.5278728529218957,-0.26454439297191507,1.1,0.4,1.0131670934031738,0.42836017653951564,-0.42836017653951564,1.0131670934031738
325,A1,-0.6481436869573066,-0.0419079652354212,-0.5704189821986604,-0.04188344845241527,1.1,0.4,1.0131670934031738,0.42836017653951564,-0.42836017653951564,1.0131670934031738
326,A1,-0.5958709435893739,0.20190984418587374,-0.5341049092082608,0.19921006872789138,1.1,0.4,1.0131670934031738,0.42836017653951564,-0.42836017653951564,1.0131670934031738
327,A1,-0.4558038582261711,0.43062235950875677,-0.4266580771476552,0.40584129240431027,1.1,0.4,1.0131670934031738,0.42836017653951564,-0.42836017653951564,1.0131670934031738
328,A1,-0.2584296762393413,0.5939483718572425,-0.25282617021692977,0.5327293749935079,1.1,0.4,1.0131670934031738,0.42836017653951564,-0.42836017653951564,1.0131670934031738
329,A1,-0.027955106894937937,0.6480445353405955,-0.027947826977057107,0.5703520885352233,1.1,0.4,1.0131670934031738,0.42836017653951564,-0.42836017653951564,1.0131670934031738
330,A1,0.21600030270934995,0.5898337038554499,0.21270258641425577,0.5297759950310237,1.1,0.4,1.0131670934031738,0.42836017653951564,-0.42836017653951564,1.0131670934031738
331,A1,0.4424381999945558,0.4456382875735343,0.41566342171947745,0.41830708519251864,1.1,0.4,1.0131670934031738,0.42836017653951564,-0.42836017653951564,1.0131670934031738
332,A1,0.6003225976783381,0.24576131694568343,0.5372790805607999,0.24093012064470037,1.1,0.4,1.0131670934031738,0.42836017653951564,-0.42836017653951564,1.0131670934031738
333,A1,0.647558353411166,0.013953508246854207,0.5700239713597309,0.013952602732865397,1.1,0.4,1.0131670934031738,0.42836017653951564,-0.42836017653951564,1.0131670934031738
334,A1,0.5835062696025086,-0.23003925104714373,0.5252091874041039,-0.22606559770583307,1.1,0.4,1.0131670934031738,0.42836017653951564,-0.42836017653951564,1.0131670934031738
335,A1,0.4352871664880771,-0.4540209247826676,0.4097303813782432,-0.42519859507824864,1.1,0.4,1.0131670934031738,0.42836017653951564,-0.42836017653951564,1.0131670934031738
336,A1,0.23298719432789594,-0.6063094031953296,0.22886101337332918,-0.5415239772636026,1.1,0.4,1.0131670934031738,0.42836017653951564,-0.42836017653951564,1.0131670934031738
337,A1,-9.285878825665561e-05,-0.6466892181439023,-9.28587879897561e-05,-0.5694369512140958,1.1,0.4,1.0131670934031738,0.42836017653951564,-0.42836017653951564,1.0131670934031738
338,A1,-0.24401819441851813,-0.5768950037311337,-0.23928749352235462,-0.5204049925218621,1.1,0.4,1.0131670934031738,0.42836017653951564,-0.42836017653951564,1.0131670934031738
339,A1,-0.46535898876848497,-0.42475598069694137,-0.43444184972974287,-0.4009295104370825,1.1,0.4,1.0131670934031738,0.42836017653951564,-0.42836017653951564,1.0131670934031738
340,A1,-0.6119044220141122,-0.22011099930270994,-0.5454662811100797,-0.21662385459755443,1.1,0.4,1.0131670934031738,0.42836017653951564,-0.42836017653951564,1.0131670934031738
341,A1,-0.6454415191798167,0.014179871348270812,-0.5685932301573632,0.014178921048358396,1.1,0.4,1.0131670934031738,0.42836017653951564,-0.42836017653951564,1.0131670934031738
342,A1,-0.5700062652038428,0.2579283126755399,-0.5153638791884196,0.2523567948920928,1.1,0.4,1.0131670934031738,0.42836017653951564,-0.42836017653951564,1.0131670934031738
343,A1,-0.41405012231139227,0.4764409626526036,-0.3919061735238675,0.44338877397511206,1.1,0.4,1.0131670934031738,0.42836017653951564,-0.42836017653951564,1.0131670934031738
344,A1,-0.20713634522031826,0.617103913053571,-0.20422389198680216,0.5491083872009815,1.1,0.4,1.0131670934031738,0.42836017653951564,-0.42836017653951564,1.0131670934031738
345,A1,0.028303238632989114,0.6438199310487766,0.028295683397479957,0.5674948869136116,1.1,0.4,1.0131670934031738,0.42836017653951564,-0.42836017653951564,1.0131670934031738
346,A1,0.2717604652472683,0.562846401159976,0.265262190219146,0.510086290741455,1.1,0.4,1.0131670934031738,0.42836017653951564,-0.42836017653951564,1.0131670934031738
347,A1,0.48725557580648826,0.40317488594379414,0.45203550450307256,0.38266223568647456,1.1,0.4,1.0131670934031738,0.42836017653951564,-0.42836017653951564,1.0131670934031738
348,A1,0.6219047610460793,0.19406677657456048,0.5524528411098026,0.19166661917419073,1.1,0.4,1.0131670934031738,0.42836017653951564,-0.42836017653951564,1.0131670934031738
349,A1,0.6418293860957326,-0.04245848509642419,0.5661438734988877,-0.0424329898520149,1.1,0.4,1.0131670934031738,0.42836017653951564,-0.42836017653951564,1.0131670934031738
350,A1,0.5554217397367736,-0.28550519859152107,0.5045726572846798,-0.27799257264478416,1.1,0.4,1.0131670934031738,0.42836017653951564,-0.42836017653951564,1.0131670934031738
351,A1,0.39213546509704095,-0.4977917593656646,0.3731997327856325,-0.46037872022933934,1.1,0.4,1.0131670934031738,0.42836017653951564,-0.42836017653951564,1.0131670934031738
352,A1,0.18090577865278437,-0.6263044732599863,0.17895778030947526,-0.5555023111133227,1.1,0.4,1.0131670934031738,0.42836017653951564,-0.42836017653951564,1.0131670934031738
353,A1,-0.05664093393857708,-0.6394750482959174,-0.05658043984029031,-0.56454201327666,1.1,0.4,1.0131670934031738,0.42836017653951564,-0.42836017653951564,1.0131670934031738
354,A1,-0.2991527562476237,-0.5477385834968194,-0.2905370771516483,-0.49882340814614307,1.1,0.4,1.0131670934031738,0.42836017653951564,-0.42836017653951564,1.0131670934031738
355,A1,-0.5080386891591139,-0.3809369488929379,-0.4684156327767621,-0.3635208778939206,1.1,0.4,1.0131670934031738,0.42836017653951564,-0.42836017653951564,1.0131670934031738
356,A1,-0.63030117259548,-0.16765678809703086,-0.5582595614452656,-0.1661033746333594,1.1,0.4,1.0131670934031738,0.42836017653951564,-0.42836017653951564,1.0131670934031738
357,A1,-0.6367622881157854,0.07084569101382732,-0.5626910003880774,0.07072740100802227,1.1,0.4,1.0131670934031738,0.42836017653951564,-0.42836017653951564,1.0131670934031738
358,A1,-0.539803203365335,0.3126930915666921,-0.49283898447889546,0.3028851170507546,1.1,0.4,1.0131670934031738,0.42836017653951564,-0.42836017653951564,1.0131670934031738
359,A1,-0.3695843192092013,0.5179858280743284,-0.3536280672126543,0.4761439737721079,1.1,0.4,1.0131670934031738,0.42836017653951564,-0.42836017653951564,1.0131670934031738
360,A1,-0.1543232043403805,0.6338935872486638,-0.153109661014905,0.5607274267238531,1.1,0.4,1.0131670934031738,0.42836017653951564,-0.42836017653951564,1.0131670934031738
361,A1,0.08506762927956152,0.6336966585474975,0.08486302416550211,0.5605924005006223,1.1,0.4,1.0131670934031738,0.42836017653951564,-0.42836017653951564,1.0131670934031738
362,A1,0.3261158831763225,0.5316218329859118,0.3150264194880077,0.4866198519204993,1.1,0.4,1.0131670934031738,0.42836017653951564,-0.42836017653951564,1.0131670934031738
363,A1,0.5276229674541717,0.3580824482960806,0.48356197917023935,0.3435238855529253,1.1,0.4,1.0131670934031738,0.42836017653951564,-0.42836017653951564,1.0131670934031738
364,A1,0.6370810371771889,0.1409084018750605,0.5629087876821979,0.13998316237831462,1.1,0.4,1.0131670934031738,0.42836017653951564,-0.42836017653951564,1.0131670934031738
365,A1,0.6302838724160112,-0.09930137391496946,0.5582476528163831,-0.09897626043489172,1.1,0.4,1.0131670934031738,0.42836017653951564,-0.42836017653951564,1.0131670934031738
366,A1,0.5232006634100077,-0.3394105532139309,0.4801665132285162,-0.32695105960941306,1.1,0.4,1.0131670934031738,0.42836017653951564,-0.42836017653951564,1.0131670934031738
367,A1,0.34643609694320254,-0.5369402671244877,0.33321111143318666,-0.49066837084627496,1.1,0.4,1.0131670934031738,0.42836017653951564,-0.42836017653951564,1.0131670934031738
368,A1,0.12741574330233593,-0.6398634176336391,0.12673066993054716,-0.5648065483091071,1.1,0.4,1.0131670934031738,0.42836017653951564,-0.42836017653951564,1.0131670934031738
369,A1,-0.11354128824579415,-0.6265297810298376,-0.11305588063187935,-0.5556580732790438,1.1,0.4,1.0131670934031738,0.42836017653951564,-0.42836017653951564,1.0131670934031738
370,A1,-0.3525662883373557,-0.5145458380438342,-0.3386494930324546,-0.47347952081065103,1.1,0.4,1.0131670934031738,0.42836017653951564,-0.42836017653951564,1.0131670934031738
371,A1,-0.5459282936604462,-0.3346499132652551,-0.4974623357207662,-0.3226927218503105,1.1,0.4,1.0131670934031738,0.42836017653951564,-0.42836017653951564,1.0131670934031738
372,A1,-0.6422411800595784,-0.1138485931083307,-0.5664236144872619,-0.11335924708741081,1.1,0.4,1.0131670934031738,0.42836017653951564,-0.42836017653951564,1.0131670934031738
373,A1,-0.6224403542197289,0.12778146061598983,-0.5528248589167045,0.12709049688862437,1.1,0.4,1.0131670934031738,0.42836017653951564,-0.42836017653951564,1.0131670934031738
374,A1,-0.5056634477859513,0.365572063492805,-0.46655948907080774,0.35011258628511793,1.1,0.4,1.0131670934031738,0.42836017653951564,-0.42836017653951564,1.0131670934031738
375,A1,-0.32272843217174063,0.5545780565149182,-0.31197189678390125,0.503943502701751,1.1,0.4,1.0131670934031738,0.42836017653951564,-0.42836017653951564,1.0131670934031738
376,A1,-0.10021033210475622,0.644215310653467,-0.0998762329833075,0.5677628741961529,1.1,0.4,1.0131670934031738,0.42836017653951564,-0.42836017653951564,1.0131670934031738
377,A1,0.142015692351491,0.6180216617843795,0.14106858649490844,0.5497490932557518,1.1,0.4,1.0131670934031738,0.42836017653951564,-0.42836017653951564,1.0131670934031738
378,A1,0.3784166683890131,0.4965595262998215,0.3613316448936742,0.45940710649606786,1.1,0.4,1.0131670934031738,0.42836017653951564,-0.42836017653951564,1.0131670934031738
379,A1,0.5628810416536754,0.3106760755814155,0.5101119177407181,0.30105202349473703,1.1,0.4,1.0131670934031738,0.42836017653951564,-0.42836017653951564,1.0131670934031738
380,A1,0.6457873069394662,0.08650437246898182,0.5688271793288369,0.08628924543893321,1.1,0.4,1.0131670934031738,0.42836017653951564,-0.42836017653951564,1.0131670934031738
381,A1,0.6132798563390065,-0.15623748696445827,0.5464317527391569,-0.1549785179021202,1.1,0.4,1.0131670934031738,0.42836017653951564,-0.42836017653951564,1.0131670934031738
382,A1,0.4872400453775486,-0.39108873659296506,0.4520231474146228,-0.3722984388253689,1.1,0.4,1.0131670934031738,0.42836017653951564,-0.42836017653951564,1.0131670934031738
383,A1,0.29849715343640665,-0.5708292423697137,0.2899367006775055,-0.5159680173071857,1.1,0.4,1.0131670934031738,0.42836017653951564,-0.42836017653951564,1.0131670934031738
384,A1,0.07273417331388435,-0.6469591526716207,0.07260618325222186,-0.5696193291547045,1.1,0.4,1.0131670934031738,0.42836017653951564,-0.42836017653951564,1.0131670934031738
385,A1,-0.17044004074827784,-0.6082211575417199,-0.16880857880063935,-0.5428737140807717,1.1,0.4,1.0131670934031738,0.42836017653951564,-0.42836017653951564,1.0131670934031738
386,A1,-0.40357677712726625,-0.4777109103637745,-0.3830052250222628,-0.44440848336101046,1.1,0.4,1.0131670934031738,0.42836017653951564,-0.42836017653951564,1.0131670934031738
387,A1,-0.5784151869822154,-0.2861958655644943,-0.5215126005890645,-0.2786297425254495,1.1,0.4,1.0131670934031738,0.42836017653951564,-0.42836017653951564,1.0131670934031738
388,A1,-0.6477332914093141,-0.058903256714270796,-0.5701420554451743,-0.05883522767078235,1.1,0.4,1.0131670934031738,0.42836017653951564,-0.42836017653951564,1.0131670934031738
389,A1,-0.6028518376540973,0.1846162349141766,-0.5390757624854103,0.18254700614605082,1.1,0.4,1.0131670934031738,0.42836017653951564,-0.42836017653951564,1.0131670934031738
390,A1,-0.46797795562196043,0.41586920841287,-0.4365640939926091,0.39344476679724144,1.1,0.4,1.0131670934031738,0.42836017653951564,-0.42836017653951564,1.0131670934031738
391,A1,-0.2737763044308668,0.5856319631641383,-0.26713518276015297,0.5267468007236548,1.1,0.4,1.0131670934031738,0.42836017653951564,-0.42836017653951564,1.0131670934031738
392,A1,-0.04501522411322001,0.648112599095661,-0.04498484289915933,0.5703980092656095,1.1,0.4,1.0131670934031738,0.42836017653951564,-0.42836017653951564,1.0131670934031738
393,A1,0.1987586294194651,0.5971782083764804,0.1961820179741364,0.5350386006627422,1.1,0.4,1.0131670934031738,0.42836017653951564,-0.42836017653951564,1.0131670934031738
394,A1,0.42795439436417265,0.4580469400386924,0.40361034990207023,0.42849107751012605,1.1,0.4,1.0131670934031738,0.42836017653951564,-0.42836017653951564,1.0131670934031738
395,A1,0.5924732386855633,0.261242458812902,0.5316720553575183,0.25545727867348367,1.1,0.4,1.0131670934031738,0.42836017653951564,-0.42836017653951564,1.0131670934031738
396,A1,0.6481003559611458,0.03107377302822434,0.5703897494248401,0.031063775491509123,1.1,0.4,1.0131670934031738,0.42836017653951564,-0.42836017653951564,1.0131670934031738
397,A1,0.5912066088852567,-0.21285945863509356,0.5307628585612818,-0.20970184680962392,1.1,0.4,1.0131670934031738,0.42836017653951564,-0.42836017653951564,1.0131670934031738
398,A1,0.4479235425748608,-0.43982068240731287,0.42019066054461507,-0.4134957951196858,1.1,0.4,1.0131670934031738,0.42836017653951564,-0.42836017653951564,1.0131670934031738
399,A1,0.2485982184233313,-0.5989332784069933,0.2436005152206949,-0.5362900768231222,1.1,0.4,1.0131670934031738,0.42836017653951564,-0.42836017653951564,1.0131670934031738
400,A1,0.017082713973324004,-0.6477002180609014,0.017081052479765154,-0.5701197325634089,1.1,0.4,1.0131670934031738,0.42836017653951564,-0.42836017653951564,1.0131670934031738
401,A1,-0.22691062899633252,-0.5849433949887767,-0.22309477444007694,-0.5262491037470447,1.1,0.4,1.0131670934031738,0.42836017653951564,-0.42836017653951564,1.0131670934031738
402,A1,-0.45145644315773537,-0.4376133578852237,-0.4230954672778648,-0.41166420748415905,1.1,0.4,1.0131670934031738,0.42836017653951564,-0.42836017653951564,1.0131670934031738
403,A1,-0.605006957406886,-0.2358473794986315,-0.5406028222066283,-0.23156960919397482,1.1,0.4,1.0131670934031738,0.42836017653951564,-0.42836017653951564,1.0131670934031738
404,A1,-0.64691618873616,-0.0030459875093766797,-0.5695903048529702,-0.0030459780891470838,1.1,0.4,1.0131670934031738,0.42836017653951564,-0.42836017653951564,1.0131670934031738
405,A1,-0.5783949293105141,0.24090371877486394,-0.5214978523497691,0.2363491677949257,1.1,0.4,1.0131670934031738,0.42836017653951564,-0.42836017653951564,1.0131670934031738
406,A1,-0.42712189203961104,0.4628501114605692,-0.4029132292244759,0.4324042806281067,1.1,0.4,1.0131670934031738,0.42836017653951564,-0.42836017653951564,1.0131670934031738
407,A1,-0.2229936513607509,0.610689770179772,-0.21936951349440903,0.5446124635650607,1.1,0.4,1.0131670934031738,0.42836017653951564,-0.42836017653951564,1.0131670934031738
408,A1,0.011032318669951219,0.6457525902692071,0.01103187110301448,0.5688036952720208,1.1,0.4,1.0131670934031738,0.42836017653951564,-0.42836017653951564,1.0131670934031738
409,A1,0.25482998010329133,0.5715675724024895,0.2494535156412936,0.5165095804979818,1.1,0.4,1.0131670934031738,0.42836017653951564,-0.42836017653951564,1.0131670934031738
410,A1,0.47399022846795924,0.41645455838952544,0.4414177005810086,0.39393939133904093,1.1,0.4,1.0131670934031738,0.42836017653951564,-0.42836017653951564,1.0131670934031738
411,A1,0.6159778358942338,0.2100406639514436,0.5483213585328628,0.20700542150757797,1.1,0.4,1.0131670934031738,0.42836017653951564,-0.42836017653951564,1.0131670934031738
412,A1,0.644214035977243,-0.025147952713992533,0.5677620104171518,-0.025142652702611488,1.1,0.4,1.0131670934031738,0.42836017653951564,-0.42836017653951564,1.0131670934031738
413,A1,0.5644676746887257,-0.2686803433738718,0.5112847361626826,-0.26239646578367887,1.1,0.4,1.0131670934031738,0.42836017653951564,-0.42836017653951564,1.0131670934031738
414,A1,0.40561667363291204,-0.4848654844019217,0.3847445216755582,-0.4501317418365453,1.1,0.4,1.0131670934031738,0.42836017653951564,-0.42836017653951564,1.0131670934031738
415,A1,0.19699197632967752,-0.620867899752594,0.19448277157406085,-0.551732021538038,1.1,0.4,1.0131670934031738,0.42836017653951564,-0.42836017653951564,1.0131670934031738
416,A1,-0.03929648175585318,-0.6423054029645103,-0.039276266856615775,-0.5664672308041174,1.1,0.4,1.0131670934031738,0.42836017653951564,-0.42836017653951564,1.0131670934031738
417,A1,-0.2824454241219471,-0.5571015691374394,-0.27516686243433325,-0.5058237513280759,1.1,0.4,1.0131670934031738,0.42836017653951564,-0.42836017653951564,1.0131670934031738
418,A1,-0.495464761630239,-0.39461345413716076,-0.45854296299344,-0.3753306173964229,1.1,0.4,1.0131670934031738,0.42836017653951564,-0.42836017653951564,1.0131670934031738
419,A1,-0.6253573305451599,-0.18385108611392997,-0.5548470958271338,-0.18180725153124447,1.1,0.4,1.0131670934031738,0.42836017653951564,-0.42836017653951564,1.0131670934031738
420,A1,-0.6400318057244574,0.05347327532741791,-0.5649212086089921,0.053422366550025684,1.1,0.4,1.0131670934031738,0.42836017653951564,-0.42836017653951564,1.0131670934031738
421,A1,-0.5494755645616527,0.29611553249087286,-0.5001270544066895,0.2877537834058434,1.1,0.4,1.0131670934031738,0.42836017653951564,-0.42836017653951564,1.0131670934031738
422,A1,-0.3834500125858759,0.5057771776669022,-0.36569985149090367,0.46664845776516867,1.1,0.4,1.0131670934031738,0.42836017653951564,-0.42836017653951564,1.0131670934031738
423,A1,-0.17062143984283082,0.6294441145401278,-0.16898480328736326,0.5576693264766913,1.1,0.4,1.0131670934031738,0.42836017653951564,-0.42836017653951564,1.0131670934031738
424,A1,0.06767348916426336,0.6373985707551653,0.06757036994383561,0.5631256667963718,1.1,0.4,1.0131670934031738,0.42836017653951564,-0.42836017653951564,1.0131670934031738
425,A1,0.3096806853589994,0.5415959394508224,0.3001465767673635,0.4941950828155143,1.1,0.4,1.0131670934031738,0.42836017653951564,-0.42836017653951564,1.0131670934031738
426,A1,0.5157921276981164,0.3721313550185362,0.47444584297015924,0.3558545787958723,1.1,0.4,1.0131670934031738,0.42836017653951564,-0.42836017653951564,1.0131670934031738
427,A1,0.6331268458946897,0.1573064442196879,0.5602015345468394,0.15602162737299824,1.1,0.4,1.0131670934031738,0.42836017653951564,-0.42836017653951564,1.0131670934031738
428,A1,0.634411212322299,-0.08189204952265802,0.5610821995787746,-0.08170947483835679,1.1,0.4,1.0131670934031738,0.42836017653951564,-0.42836017653951564,1.0131670934031738
429,A1,0.5334689362407768,-0.32313062119022135,0.48802829562959726,-0.31233489660143343,1.1,0.4,1.0131670934031738,0.42836017653951564,-0.42836017653951564,1.0131670934031738
430,A1,0.36066237833390247,-0.5254993262302283,0.34579734156977515,-0.48193324349957534,1.1,0.4,1.0131670934031738,0.42836017653951564,-0.42836017653951564,1.0131670934031738
431,A1,0.1439094781990541,-0.6364047138125528,0.14292418739971632,-0.5624465925108189,1.1,0.4,1.0131670934031738,0.42836017653951564,-0.42836017653951564,1.0131670934031738
432,A1,-0.09612363813720226,-0.6310754094750148,-0.09582867532556559,-0.5587922741489715,1.1,0.4,1.0131670934031738,0.42836017653951564,-0.42836017653951564,1.0131670934031738
433,A1,-0.33645481764765056,-0.5251007559356556,-0.32430873749951744,-0.4816271862300127,1.1,0.4,1.0131670934031738,0.42836017653951564,-0.42836017653951564,1.0131670934031738
434,A1,-0.5348888474573574,-0.3490478683280103,-0.48910927449706965,-0.3355308746710064,1.1,0.4,1.0131670934031738,0.42836017653951564,-0.42836017653951564,1.0131670934031738
435,A1,-0.6392774867072615,-0.13043390586676898,-0.5644074010727286,-0.12969921434054474,1.1,0.4,1.0131670934031738,0.42836017653951564,-0.42836017653951564,1.0131670934031738
436,A1,-0.6273969843920479,0.11036267795363827,-0.5562572336248035,0.10991678067043532,1.1,0.4,1.0131670934031738,0.42836017653951564,-0.42836017653951564,1.0131670934031738
437,A1,-0.5164975530034894,0.3496425119850025,-0.47499229486445277,0.3360584674413795,1.1,0.4,1.0131670934031738,0.42836017653951564,-0.42836017653951564,1.0131670934031738
438,A1,-0.3372924983359325,0.5439511639541543,-0.32505811039673754,0.495973021010563,1.1,0.4,1.0131670934031738,0.42836017653951564,-0.42836017653951564,1.0131670934031738
439,A1,-0.11688309005886888,0.6417454936588112,-0.11635371053290167,0.5660868674649716,1.1,0.4,1.0131670934031738,0.42836017653951564,-0.42836017653951564,1.0131670934031738
440,A1,0.12460331977670239,0.6233818821080944,0.12396243643452202,0.5534783011440327,1.1,0.4,1.0131670934031738,0.42836017653951564,-0.42836017653951564,1.0131670934031738
441,A1,0.36268272420238945,0.5076654304764658,0.34757485871615734,0.46812422104102563,1.1,0.4,1.0131670934031738,0.42836017653951564,-0.42836017653951564,1.0131670934031738
442,A1,0.5526771833130248,0.32540082854341046,0.5025240153962033,0.31438218304150206,1.1,0.4,1.0131670934031738,0.42836017653951564,-0.42836017653951564,1.0131670934031738
443,A1,0.6438096034727991,0.10326040665943931,0.5674878852970556,0.10289495329180988,1.1,0.4,1.0131670934031738,0.42836017653951564,-0.42836017653951564,1.0131670934031738
444,A1,0.6190361516450363,-0.13883942997736481,0.5504565850448631,-0.13795414782563584,1.1,0.4,1.0131670934031738,0.42836017653951564,-0.42836017653951564,1.0131670934031738
445,A1,0.498610435197593,-0.37556428292256766,0.46102363567932436,-0.35884911656138857,1.1,0.4,1.0131670934031738,0.42836017653951564,-0.42836017653951564,1.0131670934031738
446,A1,0.31337730603009917,-0.5610582823652834,0.30350643323631843,-0.5087622127690794,1.1,0.4,1.0131670934031738,0.42836017653951564,-0.42836017653951564,1.0131670934031738
447,A1,0.0895692595128077,-0.6454712016666033,0.08933049800997273,-0.5686133160087782,1.1,0.4,1.0131670934031738,0.42836017653951564,-0.42836017653951564,1.0131670934031738
448,A1,-0.15306457940721752,-0.614365928548869,-0.15188030522560367,-0.5471930850659177,1.1,0.4,1.0131670934031738,0.42836017653951564,-0.42836017653951564,1.0131670934031738
449,A1,-0.38827585391065045,-0.4893385531672363,-0.36987290522009536,-0.45369129294756433,1.1,0.4,1.0131670934031738,0.42836017653951564,-0.42836017653951564,1.0131670934031738
450,A1,-0.5690863386518914,-0.301226265600748,-0.5146879648041484,-0.29243441212883375,1.1,0.4,1.0131670934031738,0.42836017653951564,-0.42836017653951564,1.0131670934031738
451,A1,-0.6467321657159507,-0.07581309588136734,-0.569465971963622,-0.07566818061184369,1.1,0.4,1.0131670934031738,0.42836017653951564,-0.42836017653951564,1.0131670934031738
452,A1,-0.6093774188117096,0.16727203366997595,-0.5436886994976424,0.16572921181441383,1.1,0.4,1.0131670934031738,0.42836017653951564,-0.42836017653951564,1.0131670934031738
453,A1,-0.47985570495560087,0.4008059711253584,-0.4461280417206169,0.3806383711450339,1.1,0.4,1.0131670934031738,0.42836017653951564,-0.42836017653951564,1.0131670934031738
454,A1,-0.28895193145432685,0.5767537588414043,-0.2811698854628323,0.5203019921944242,1.1,0.4,1.0131670934031738,0.42836017653951564,-0.42836017653951564,1.0131670934031738
455,A1,-0.061995422376615816,0.6475948388979598,-0.061916119221329745,0.5700486012025402,1.1,0.4,1.0131670934031738,0.42836017653951564,-0.42836017653951564,1.0131670934031738
456,A1,0.18145474490094504,0.6040768841392131,0.17948911317407046,0.5399442332153201,1.1,0.4,1.0131670934031738,0.42836017653951564,-0.42836017653951564,1.0131670934031738
457,A1,0.4131430701536942,0.47016774116040544,0.3911381631129881,0.4383348366010892,1.1,0.4,1.0131670934031738,0.42836017653951564,-0.42836017653951564,1.0131670934031738
458,A1,0.5840535038301049,0.27655841973405926,0.5256053560721882,0.26971683761147913,1.1,0.4,1.0131670934031738,0.42836017653951564,-0.42836017653951564,1.0131670934031738
459,A1,0.6480620030637322,0.04811982128752065,0.5703638738643211,0.04808271489737295,1.1,0.4,1.0131670934031738,0.42836017653951564,-0.42836017653951564,1.0131670934031738
460,A1,0.5984706285072265,-0.1956053452047778,0.5359604065221134,-0.19314822872001217,1.1,0.4,1.0131670934031738,0.42836017653951564,-0.42836017653951564,1.0131670934031738
461,A1,0.4602804379023939,-0.42527552384422923,0.4303127484541303,-0.4013654490499871,1.1,0.4,1.0131670934031738,0.42836017653951564,-0.42836017653951564,1.0131670934031738
462,A1,0.2640497419936878,-0.5909791103014506,0.2580794756128563,-0.5305994286932799,1.1,0.4,1.0131670934031738,0.42836017653951564,-0.42836017653951564,1.0131670934031738
463,A1,0.0341899672268734,-0.6481368506653038,0.03417665128841644,-0.5704143702664295,1.1,0.4,1.0131670934031738,0.42836017653951564,-0.42836017653951564,1.0131670934031738
464,A1,-0.20971614189986565,-0.5925649859376756,-0.20669478477279363,-0.531737864728805,1.1,0.4,1.0131670934031738,0.42836017653951564,-0.42836017653951564,1.0131670934031738
465,A1,-0.43719167991782193,-0.4501994923646223,-0.4113139294099334,-0.4220629744162338,1.1,0.4,1.0131670934031738,0.42836017653951564,-0.42836017653951564,1.0131670934031738
466,A1,-0.5975247085682314,-0.2514298096071928,-0.5352858636749691,-0.24626223324873828,1.1,0.4,1.0131670934031738,0.42836017653951564,-0.42836017653951564,1.0131670934031738
467,A1,-0.6478229563488209,-0.020209644012681716,-0.5702025706295935,-0.02020689305575455,1.1,0.4,1.0131670934031738,0.42836017653951564,-0.42836017653951564,1.0131670934031738
468,A1,-0.5863663094124812,0.22377911471417067,-0.5272771883951908,0.2201170490487449,1.1,0.4,1.0131670934031738,0.42836017653951564,-0.42836017653951564,1.0131670934031738
469,A1,-0.43993051839427555,0.4488799002994241,-0.4135868473487527,0.4209778469935646,1.1,0.4,1.0131670934031738,0.42836017653951564,-0.42836017653951564,1.0131670934031738
470,A1,-0.23870243914072933,0.6036850365703292,-0.23426977519820308,0.5396665660650483,1.1,0.4,1.0131670934031738,0.42836017653951564,-0.42836017653951564,1.0131670934031738
471,A1,-0.006182761697680089,0.6471242484087718,-0.006182682917017689,0.5697308464203746,1.1,0.4,1.0131670934031738,0.42836017653951564,-0.42836017653951564,1.0131670934031738
472,A1,0.23778591507217106,0.5798809608356825,0.23340336631638253,0.5225789041563867,1.1,0.4,1.0131670934031738,0.42836017653951564,-0.42836017653951564,1.0131670934031738
473,A1,0.460328601881542,0.4294790421977392,0.4303519931410633,0.4048858447178687,1.1,0.4,1.0131670934031738,0.42836017653951564,-0.42836017653951564,1.0131670934031738
474,A1,0.6094554499526909,0.2258713586968535,0.5437436625041796,0.22210700128670544,1.1,0.4,1.0131670934031738,0.42836017653951564,-0.42836017653951564,1.0131670934031738
475,A1,0.6460449803775915,-0.00788662634438686,0.5690014532784026,-0.007886462835359249,1.1,0.4,1.0131670934031738,0.42836017653951564,-0.42836017653951564,1.0131670934031738
476,A1,0.5731153019478341,-0.2517278676057106,0.5176434960556879,-0.2465421949362503,1.1,0.4,1.0131670934031738,0.42836017653951564,-0.42836017653951564,1.0131670934031738
477,A1,0.41885049817046677,-0.4715262983997459,0.39596159689408106,-0.43943171027899014,1.1,0.4,1.0131670934031738,0.42836017653951564,-0.42836017653951564,1.0131670934031738
478,A1,0.21294021523228576,-0.6148319282009671,0.20977905083878942,-0.5475194717257291,1.1,0.4,1.0131670934031738,0.42836017653951564,-0.42836017653951564,1.0131670934031738
479,A1,-0.021994306372042777,-0.644589703001594,-0.021990760479840124,-0.5680165254887012,1.1,0.4,1.0131670934031738,0.42836017653951564,-0.42836017653951564,1.0131670934031738
480,A1,-0.26559597401278734,-0.5660756860929747,-0.2595221439763805,-0.5124714173040765,1.1,0.4,1.0131670934031738,0.42836017653951564,-0.42836017653951564,1.0131670934031738
481,A1,-0.4824616430741394,-0.4080502249125402,-0.4482128908495182,-0.3868158948755608,1.1,0.4,1.0131670934031738,0.42836017653951564,-0.42836017653951564,1.0131670934031738
482,A1,-0.6198110768650262,-0.1999125828416333,-0.5509964756178194,-0.19729130712891776,1.1,0.4,1.0131670934031738,0.42836017653951564,-0.42836017653951564,1.0131670934031738
483,A1,-0.6427632368285539,0.03613588737078155,-0.5667780719544082,0.03612016680628803,1.1,0.4,1.0131670934031738,0.42836017653951564,-0.42836017653951564,1.0131670934031738
484,A1,-0.5587684507369244,0.2793809193774813,-0.5070631023850876,0.27233201057432277,1.1,0.4,1.0131670934031738,0.42836017653951564,-0.42836017653951564,1.0131670934031738
485,A1,-0.397083461488517,0.4931234716485796,-0.37745069745065407,0.45669197269610534,1.1,0.4,1.0131670934031738,0.42836017653951564,-0.42836017653951564,1.0131670934031738
486,A1,-0.1867919719907966,0.6243901259520002,-0.1846494019101993,0.5541772910516082,1.1,0.4,1.0131670934031738,0.42836017653951564,-0.42836017653951564,1.0131670934031738
487,A1,0.050306784397066345,0.6405706456049716,0.05026438897070466,0.5652879736209926,1.1,0.4,1.0131670934031738,0.42836017653951564,-0.42836017653951564,1.0131670934031738
488,A1,0.2930730810510888,0.5511999106362091,0.2849608172002232,0.5014189794225898,1.1,0.4,1.0131670934031738,0.42836017653951564,-0.42836017653951564,1.0131670934031738
489,A1,0.5035008454422676,0.3859553439960389,0.46486593102373225,0.3678681378250891,1.1,0.4,1.0131670934031738,0.42836017653951564,-0.42836017653951564,1.0131670934031738
490,A1,0.6285669246194932,0.17358183967535143,0.557064642658283,0.1718592199854284,1.1,0.4,1.0131670934031738,0.42836017653951564,-0.42836017653951564,1.0131670934031738
491,A1,0.6380172106526718,-0.06450220228585116,0.5635479822996136,-0.06441289636965845,1.1,0.4,1.0131670934031738,0.42836017653951564,-0.42836017653951564,1.0131670934031738
492,A1,0.5433763515593943,-0.306662540178877,0.4955394827282312,-0.2973978484641747,1.1,0.4,1.0131670934031738,0.42836017653951564,-0.42836017653951564,1.0131670934031738
493,A1,0.3746709025116882,-0.5135830940165708,0.3580705297487807,-0.4727322670926692,1.1,0.4,1.0131670934031738,0.42836017653951564,-0.42836017653951564,1.0131670934031738
494,A1,0.16028560047116555,-0.632339932344958,0.15892690376916688,-0.5596613367153589,1.1,0.4,1.0131670934031738,0.42836017653951564,-0.42836017653951564,1.0131670934031738
495,A1,-0.07871711984235971,-0.635108406365474,-0.07855493462292577,-0.5615597208343669,1.1,0.4,1.0131670934031738,0.42836017653951564,-0.42836017653951564,1.0131670934031738
496,A1,-0.32013909593847656,-0.5353040244669266,-0.3096326871052905,-0.48942506544497727,1.1,0.4,1.0131670934031738,0.42836017653951564,-0.42836017653951564,1.0131670934031738
497,A1,-0.523359857053956,-0.3632350584847189,-0.48028899384156504,-0.3480603731852901,1.1,0.4,1.0131670934031738,0.42836017653951564,-0.42836017653951564,1.0131670934031738
498,A1,-0.6357082067880538,-0.14690663843700516,-0.5619702362809278,-0.14585885777398822,1.1,0.4,1.0131670934031738,0.42836017653951564,-0.42836017653951564,1.0131670934031738
499,A1,-0.6318498769377601,0.09294627464527297,-0.5593246845556606,0.09267954173289358,1.1,0.4,1.0131670934031738,0.42836017653951564,-0.42836017653951564,1.0131670934031738
500,A1,-0.526989140061602,0.3334922825346256,-0.4830762122034849,0.32165524879986507,1.1,0.4,1.0131670934031738,0.42836017653951564,-0.42836017653951564,1.0131670934031738
501,A1,-0.3516526226496476,0.5328211250459594,-0.3378403595737833,0.4875346186677691,1.1,0.4,1.0131670934031738,0.42836017653951564,-0.42836017653951564,1.0131670934031738
502,A1,-0.1334483198220021,0.6386713885982476,-0.13266175293885354,0.5639942376928972,1.1,0.4,1.0131670934031738,0.42836017653951564,-0.42836017653951564,1.0131670934031738
503,A1,0.10718414859457082,0.6282474144083804,0.1067755664662394,0.5568442439597484,1.1,0.4,1.0131670934031738,0.42836017653951564,-0.42836017653951564,1.0131670934031738
504,A1,0.3467113889706881,0.518437863629401,0.3334558154316809,0.4764934517091812,1.1,0.4,1.0131670934031738,0.42836017653951564,-0.42836017653951564,1.0131670934031738
505,A1,0.5419572783933694,0.33992829352739373,0.49446812361969394,0.32741337673859494,1.1,0.4,1.0131670934031738,0.42836017653951564,-0.42836017653951564,1.0131670934031738
506,A1,0.64122968344943,0.11991400652466544,0.5657362485292702,0.11934253070328543,1.1,0.4,1.0131670934031738,0.42836017653951564,-0.42836017653951564,1.0131670934031738
507,A1,0.6243069380759482,-0.12142495434277474,0.5541196485524035,-0.12083168897736267,1.1,0.4,1.0131670934031738,0.42836017653951564,-0.42836017653951564,1.0131670934031738
508,A1,0.5096563100995158,-0.35978548159011275,0.4696773691800146,-0.3450250664789819,1.1,0.4,1.0131670934031738,0.42836017653951564,-0.42836017653951564,1.0131670934031738
509,A1,0.32806665658187006,-0.5507591245343132,0.316782513505119,-0.5010889432773752,1.1,0.4,1.0131670934031738,0.42836017653951564,-0.42836017653951564,1.0131670934031738
510,A1,0.10630707024463729,-0.6433838416064903,0.10590840671789555,-0.5671991671054462,1.1,0.4,1.0131670934031738,0.42836017653951564,-0.42836017653951564,1.0131670934031738
511,A1,-0.13566262275302376,-0.6200344753156225,-0.1348364436641924,-0.5511520317927928,1.1,0.4,1.0131670934031738,0.42836017653951564,-0.42836017653951564,1.0131670934031738
512,A1,-0.3727034293509441,-0.5006505392628037,-0.35635410818978286,-0.4626286185580625,1.1,0.4,1.0131670934031738,0.42836017653951564,-0.42836017653951564,1.0131670934031738
513,A1,-0.5592179327346863,-0.3160721840948407,-0.5073969406130758,-0.30595106408263384,1.1,0.4,1.0131670934031738,0.42836017653951564,-0.42836017653951564,1.0131670934031738
514,A1,-0.6451351353455026,-0.092630907263583,-0.5683858635656142,-0.09236687407020881,1.1,0.4,1.0131670934031738,0.42836017653951564,-0.42836017653951564,1.0131670934031738
515,A1,-0.6154361438033441,0.1498907915310811,-0.5479424170717431,0.14877824421566244,1.1,0.4,1.0131670934031738,0.42836017653951564,-0.42836017653951564,1.0131670934031738
516,A1,-0.49142655109942723,0.38545393176395104,-0.4553479344226211,0.36743450023983365,1.1,0.4,1.0131670934031738,0.42836017653951564,-0.42836017653951564,1.0131670934031738
517,A1,-0.3039492358166622,0.5673254662002178,-0.2949225322747678,0.513392381133876,1.1,0.4,1.0131670934031738,0.42836017653951564,-0.42836017653951564,1.0131670934031738
518,A1,-0.07888895378738081,0.646485334559444,-0.07872570589485776,0.5692991626077735,1.1,0.4,1.0131670934031738,0.42836017653951564,-0.42836017653951564,1.0131670934031738
519,A1,0.16410279518085813,0.6105181351314979,0.16264541077680533,0.5444917246567733,1.1,0.4,1.0131670934031738,0.42836017653951564,-0.42836017653951564,1.0131670934031738
520,A1,0.39802554939038187,0.48199028117888987,0.3782582795954478,0.44783614353815016,1.1,0.4,1.0131670934031738,0.42836017653951564,-0.42836017653951564,1.0131670934031738
521,A1,0.5750740112001828,0.2917020604443946,0.5190759056129393,0.2837006355765864,1.1,0.4,1.0131670934031738,0.42836017653951564,-0.42836017653951564,1.0131670934031738
522,A1,0.6474366808854412,0.06508470177799552,0.5699418278659119,0.0649929572292825,1.1,0.4,1.0131670934031738,0.42836017653951564,-0.42836017653951564,1.0131670934031738
523,A1,0.6052866997803585,-0.17829165643422729,0.5408007795344765,-0.17642619912266722,1.1,0.4,1.0131670934031738,0.42836017653951564,-0.42836017653951564,1.0131670934031738
524,A1,0.4723475961087346,-0.41040673675937833,0.4400941759774767,-0.3888179813361468,1.1,0.4,1.0131670934031738,0.42836017653951564,-0.42836017653951564,1.0131670934031738
525,A1,0.279334797971875,-0.582456402928958,0.2722893092137199,-0.5244485017159002,1.1,0.4,1.0131670934031738,0.42836017653951564,-0.42836017653951564,1.0131670934031738
526,A1,0.05122171519991514,-0.6479918606877597,0.051176965970200515,-0.5703165479585087,1.1,0.4,1.0131670934031738,0.42836017653951564,-0.42836017653951564,1.0131670934031738
527,A1,-0.19245007930569275,-0.5997481333926059,-0.19010883169681775,-0.5368703200790576,1.1,0.4,1.0131670934031738,0.42836017653951564,-0.42836017653951564,1.0131670934031738
528,A1,-0.42258587752842935,-0.4625042890215604,-0.39910665622918146,-0.4321230757689365,1.1,0.4,1.0131670934031738,0.42836017653951564,-0.42836017653951564,1.0131670934031738
529,A1,-0.5894660478727596,-0.2668514829488249,-0.5295114748240586,-0.26069271017354034,1.1,0.4,1.0131670934031738,0.42836017653951564,-0.42836017653951564,1.0131670934031738
530,A1,-0.6481539772236219,-0.037303646602588836,-0.5704259241998555,-0.03728635278238354,1.1,0.4,1.0131670934031738,0.42836017653951564,-0.42836017653951564,1.0131670934031738
531,A1,-0.5939087642837633,0.20657044392083357,-0.5327010074740879,0.2036815303349298,1.1,0.4,1.0131670934031738,0.42836017653951564,-0.42836017653951564,1.0131670934031738
532,A1,-0.4524660751033548,0.43455132167372934,-0.4239240110255008,0.4091178848888548,1.1,0.4,1.0131670934031738,0.42836017653951564,-0.42836017653951564,1.0131670934031738
533,A1,-0.2542560486780586,0.5960969424943183,-0.24891522127118992,0.534266418347323,1.1,0.4,1.0131670934031738,0.42836017653951564,-0.42836017653951564,1.0131670934031738
534,A1,-0.02333425395674532,0.6479265223069809,-0.023330019809769502,0.5702724599596923,1.1,0.4,1.0131670934031738,0.42836017653951564,-0.42836017653951564,1.0131670934031738
535,A1,0.22064480326425503,0.5877749421096226,0.21713255045958396,0.5282934358128079,1.1,0.4,1.0131670934031738,0.42836017653951564,-0.42836017653951564,1.0131670934031738
536,A1,0.44629142446179626,0.44223858717909603,0.41884578839745135,0.4154982835242106,1.1,0.4,1.0131670934031738,0.42836017653951564,-0.42836017653951564,1.0131670934031738
537,A1,0.6023436880971031,0.24155233237146737,0.5387151838076687,0.2369614552842881,1.1,0.4,1.0131670934031738,0.42836017653951564,-0.42836017653951564,1.0131670934031738
538,A1,0.6473133477692103,0.009317417658597754,0.569858551647286,0.009317148039684019,1.1,0.4,1.0131670934031738,0.42836017653951564,-0.42836017653951564,1.0131670934031738
539,A1,0.581353027602547,-0.23466488198801042,0.523648142800619,-0.23045021649997963,1.1,0.4,1.0131670934031738,0.42836017653951564,-0.42836017653951564,1.0131670934031738
540,A1,0.43182737138377236,-0.4577945869200791,0.40684733771516723,-0.4282850353106116,1.1,0.4,1.0131670934031738,0.42836017653951564,-0.42836017653951564,1.0131670934031738
541,A1,0.22874408127680917,-0.6082015017820289,0.22483625917952807,-0.5428598509588385,1.1,0.4,1.0131670934031738,0.42836017653951564,-0.42836017653951564,1.0131670934031738
542,A1,-0.004742842388378105,-0.6463186369958734,-0.0047428068259901405,-0.5691864812881928,1.1,0.4,1.0131670934031738,0.42836017653951564,-0.42836017653951564,1.0131670934031738
543,A1,-0.24862207741497716,-0.5746493832818643,-0.24362295826043825,-0.518765620981753,1.1,0.4,1.0131670934031738,0.42836017653951564,-0.42836017653951564,1.0131670934031738
544,A1,-0.4690492974933862,-0.42123788295805487,-0.43743084501722196,-0.39797276915060315,1.1,0.4,1.0131670934031738,0.42836017653951564,-0.42836017653951564,1.0131670934031738
545,A1,-0.6136662234622652,-0.21583495977852216,-0.5467026981906553,-0.212544718442233,1.1,0.4,1.0131670934031738,0.42836017653951564,-0.42836017653951564,1.0131670934031738
546,A1,-0.6449468767959553,0.018842349709265488,-0.5682584106554273,0.018840120133404185,1.1,0.4,1.0131670934031738,0.42836017653951564,-0.42836017653951564,1.0131670934031738
547,A1,-0.5676703650392957,0.26250746286335114,-0.5136463294105529,0.25663934793523274,1.1,0.4,1.0131670934031738,0.42836017653951564,-0.42836017653951564,1.0131670934031738
548,A1,-0.41047548221757657,0.4800441745456042,-0.3888763323358843,0.4462789874713047,1.1,0.4,1.0131670934031738,0.42836017653951564,-0.42836017653951564,1.0131670934031738
549,A1,-0.20282855746695017,0.6187343189546519,-0.20009216150650627,0.5502461734471528,1.1,0.4,1.0131670934031738,0.42836017653951564,-0.42836017653951564,1.0131670934031738
550,A1,0.03297675431170993,0.6432028298347706,0.03296480580584891,0.5670763769113943,1.1,0.4,1.0131670934031738,0.42836017653951564,-0.42836017653951564,1.0131670934031738
551,A1,0.2763117934080658,0.5604223144983357,0.26948813744503164,0.5082907056863635,1.1,0.4,1.0131670934031738,0.42836017653951564,-0.42836017653951564,1.0131670934031738
552,A1,0.49076800934302334,0.399545430752842,0.45482577935988955,0.37955994801533055,1.1,0.4,1.0131670934031738,0.42836017653951564,-0.42836017653951564,1.0131670934031738
553,A1,0.6234028792180689,0.18972839816162715,0.5534928658672407,0.18748416426910597,1.1,0.4,1.0131670934031738,0.42836017653951564,-0.42836017653951564,1.0131670934031738
554,A1,0.6410915078347827,-0.047141515964600395,0.5656422897125563,-0.04710662576155062,1.1,0.4,1.0131670934031738,0.42836017653951564,-0.42836017653951564,1.0131670934031738
555,A1,0.5529115520465879,-0.2900255141823478,0.5026991782698265,-0.28215829575268037,1.1,0.4,1.0131670934031738,0.42836017653951564,-0.42836017653951564,1.0131670934031738
556,A1,0.38845288792309696,-0.5012098091372685,0.37002570991619066,-0.46306807681542156,1.1,0.4,1.0131670934031738,0.42836017653951564,-0.42836017653951564,1.0131670934031738
557,A1,0.17653794986576485,-0.6276696158587373,0.17472655465492878,-0.5564454783352469,1.1,0.4,1.0131670934031738,0.42836017653951564,-0.42836017653951564,1.0131670934031738
558,A1,-0.06133188781421664,-0.6386181457203874,-0.06125510132898223,-0.5639579297251963,1.1,0.4,1.0131670934031738,0.42836017653951564,-0.42836017653951564,1.0131670934031738
559,A1,-0.3036387713075467,-0.5451443704421197,-0.2946390458035858,-0.4968721789974649,1.1,0.4,1.0131670934031738,0.42836017653951564,-0.42836017653951564,1.0131670934031738
560,A1,-0.5113588399528315,-0.37720290771190457,-0.4710032648228679,-0.3602758909836724,1.1,0.4,1.0131670934031738,0.42836017653951564,-0.42836017653951564,1.0131670934031738
561,A1,-0.6315328530686877,-0.16326063562095414,-0.5591068011068236,-0.1618254171863421,1.1,0.4,1.0131670934031738,0.42836017653951564,-0.42836017653951564,1.0131670934031738
562,A1,-0.6357881768538691,0.07554290045712059,-0.5620249484976299,0.07539952675224969,1.1,0.4,1.0131670934031738,0.42836017653951564,-0.42836017653951564,1.0131670934031738
563,A1,-0.5371270288988225,0.31714142552160857,-0.49081015571101566,0.3069199007289545,1.1,0.4,1.0131670934031738,0.42836017653951564,-0.42836017653951564,1.0131670934031738
564,A1,-0.3658004360147433,0.5212046686769033,-0.35031294914837907,0.47862924350948616,1.1,0.4,1.0131670934031738,0.42836017653951564,-0.42836017653951564,1.0131670934031738
565,A1,-0.14989984522345876,0.6349915162055441,-0.14878709749294206,0.5614796866537494,1.1,0.4,1.0131670934031738,0.42836017653951564,-0.42836017653951564,1.0131670934031738
566,A1,0.08976934659553323,0.6326072094807829,0.08952898485982991,0.5598448696316387,1.1,0.4,1.0131670934031738,0.42836017653951564,-0.42836017653951564,1.0131670934031738
567,A1,0.3305230685559215,0.5288657475614058,0.3189906989487718,0.4845135849181109,1.1,0.4,1.0131670934031738,0.42836017653951564,-0.42836017653951564,1.0131670934031738
568,A1,0.5307372040478896,0.3542503084296749,0.4859444115384328,0.34013953267460606,1.1,0.4,1.0131670934031738,0.42836017653951564,-0.42836017653951564,1.0131670934031738
569,A1,0.6380451172584723,0.13645894775645037,0.5635670258494437,0.1356182066830276,1.1,0.4,1.0131670934031738,0.42836017653951564,-0.42836017653951564,1.0131670934031738
570,A1,0.6290810044744665,-0.10400576640712356,0.557419091193629,-0.10363236494758016,1.1,0.4,1.0131670934031738,0.42836017653951564,-0.42836017653951564,1.0131670934031738
571,A1,0.5203667022879348,-0.343773042286636,0.4779829844018527,-0.3308416378158057,1.1,0.4,1.0131670934031738,0.42836017653951564,-0.42836017653951564,1.0131670934031738
572,A1,0.34255724862119863,-0.5399467361438476,0.32975848514356987,-0.4929476468554881,1.1,0.4,1.0131670934031738,0.42836017653951564,-0.42836017653951564,1.0131670934031738
573,A1,0.12294130488618868,-0.6406937374760119,0.12232562548355883,-0.5653717255958602,1.1,0.4,1.0131670934031738,0.42836017653951564,-0.42836017653951564,1.0131670934031738
574,A1,-0.11824643376679078,-0.6252154544417383,-0.1176983829015575,-0.5547488893039443,1.1,0.4,1.0131670934031738,0.42836017653951564,-0.42836017653951564,1.0131670934031738
575,A1,-0.3568804606599626,-0.5116360196665896,-0.3424633054521015,-0.47121892569868695,1.1,0.4,1.0131670934031738,0.42836017653951564,-0.42836017653951564,1.0131670934031738
576,A1,-0.5488239739831995,-0.33072586732493653,-0.4996382850607804,-0.319172850129633,1.1,0.4,1.0131670934031738,0.42836017653951564,-0.42836017653951564,1.0131670934031738
577,A1,-0.6429380074561272,-0.10935028486451029,-0.5668966879721263,-0.10891650804196153,1.1,0.4,1.0131670934031738,0.42836017653951564,-0.42836017653951564,1.0131670934031738
578,A1,-0.6210165642255273,0.1324853434629092,-0.551835422840813,0.1317156035579422,1.1,0.4,1.0131670934031738,0.42836017653951564,-0.42836017653951564,1.0131670934031738
579,A1,-0.5026797722034488,0.369834234361494,-0.46422204636693726,0.3538467104453234,1.1,0.4,1.0131670934031738,0.42836017653951564,-0.42836017653951564,1.0131670934031738
580,A1,-0.3187606620569776,0.5573600808674393,-0.3083858756298613,0.5060160956943425,1.1,0.4,1.0131670934031738,0.42836017653951564,-0.42836017653951564,1.0131670934031738
581,A1,-0.09568927717503428,0.6447790850169598,-0.0953982852711684,0.5681447909661078,1.1,0.4,1.0131670934031738,0.42836017653951564,-0.42836017653951564,1.0131670934031738
582,A1,0.14671619955441162,0.6164904328156099,0.14567246526654293,0.5486797391935337,1.1,0.4,1.0131670934031738,0.42836017653951564,-0.42836017653951564,1.0131670934031738
583,A1,0.3826230981675756,0.4935039736294013,0.36498330909374116,0.4569930619725246,1.1,0.4,1.0131670934031738,0.42836017653951564,-0.42836017653951564,1.0131670934031738
584,A1,0.5655467071190623,0.3066660175867476,0.5120812567356644,0.2974010183077579,1.1,0.4,1.0131670934031738,0.42836017653951564,-0.42836017653951564,1.0131670934031738
585,A1,0.6462186311784603,0.08196170775614892,0.5691188708322199,0.08177866760901219,1.1,0.4,1.0131670934031738,0.42836017653951564,-0.42836017653951564,1.0131670934031738
586,A1,0.6116432366561393,-0.1609324050178524,0.5452827809976799,-0.15955730659142225,1.1,0.4,1.0131670934031738,0.42836017653951564,-0.42836017653951564,1.0131670934031738
587,A1,0.48411457428654747,-0.39523564088259455,0.44953277772384725,-0.3758650299154124,1.1,0.4,1.0131670934031738,0.42836017653951564,-0.42836017653951564,1.0131670934031738
588,A1,0.29444620722632897,-0.5733760198973814,0.2862219476106973,-0.5178343276233214,1.1,0.4,1.0131670934031738,0.42836017653951564,-0.42836017653951564,1.0131670934031738
589,A1,0.06817105472997834,-0.6472587845905097,0.06806564705470362,-0.5698217061024503,1.1,0.4,1.0131670934031738,0.42836017653951564,-0.42836017653951564,1.0131670934031738
590,A1,-0.17512705283507324,-0.6064812143184863,-0.17335839504768566,-0.5416453937833008,1.1,0.4,1.0131670934031738,0.42836017653951564,-0.42836017653951564,1.0131670934031738
591,A1,-0.40766033773033306,-0.47451745656741057,-0.3864842951688028,-0.4418420996945488,1.1,0.4,1.0131670934031738,0.42836017653951564,-0.42836017653951564,1.0131670934031738
592,A1,-0.5808407298098974,-0.2821053949824227,-0.5232762211015828,-0.274852549817434,1.1,0.4,1.0131670934031738,0.42836017653951564,-0.42836017653951564,1.0131670934031738
593,A1,-0.6479021347426193,-0.05432086456297602,-0.5702560032628168,-0.05426749833878381,1.1,0.4,1.0131670934031738,0.42836017653951564,-0.42836017653951564,1.0131670934031738
594,A1,-0.6010106524902582,0.18929291867221165,-0.5377683344653208,0.1870639577381357,1.1,0.4,1.0131670934031738,0.42836017653951564,-0.42836017653951564,1.0131670934031738
595,A1,-0.4647184303936066,0.4198855850309672,-0.4339220455809001,0.3968340391682753,1.1,0.4,1.0131670934031738,0.42836017653951564,-0.42836017653951564,1.0131670934031738
596,A1,-0.2696476386097486,0.5879341140769848,-0.2632969320670615,0.5284081741971186,1.1,0.4,1.0131670934031738,0.42836017653951564,-0.42836017653951564,1.0131670934031738
597,A1,-0.04041476858035678,0.6481516942843318,-0.040392779078731456,0.5704243840944387,1.1,0.4,1.0131670934031738,0.42836017653951564,-0.42836017653951564,1.0131670934031738
598,A1,0.20342245529946337,0.5952378732163451,0.20066221371808893,0.5336522806035876,1.1,0.4,1.0131670934031738,0.42836017653951564,-0.42836017653951564,1.0131670934031738
599,A1,0.43189973695867057,0.45472322873402116,0.4069077232179629,0.4257737549496697,1.1,0.4,1.0131670934031738,0.42836017653951564,-0.42836017653951564,1.0131670934031738
600,A1,0.5946500360521796,0.257076893596773,0.533231718621013,0.25155942641398404,1.1,0.4,1.0131670934031738,0.42836017653951564,-0.42836017653951564,1.0131670934031738
601,A1,0.6480108707745043,0.026456499753059304,0.5703293746670307,0.026450328770393657,1.1,0.4,1.0131670934031738,0.42836017653951564,-0.42836017653951564,1.0131670934031738
602,A1,0.5891692223154592,-0.21750778889818273,0.5292978403582831,-0.21414140788204422,1.1,0.4,1.0131670934031738,0.42836017653951564,-0.42836017653951564,1.0131670934031738
603,A1,0.44453750317560586,-0.4436911441389727,0.41739849894244424,-0.4166993470308172,1.1,0.4,1.0131670934031738,0.42836017653951564,-0.42836017653951564,1.0131670934031738
604,A1,0.2443970181063422,-0.6009829609485278,0.23964459394488402,-0.5377486508798363,1.1,0.4,1.0131670934031738,0.42836017653951564,-0.42836017653951564,1.0131670934031738
605,A1,0.012449909672148957,-0.6474834381623729,0.012449266465653735,-0.5699733959628978,1.1,0.4,1.0131670934031738,0.42836017653951564,-0.42836017653951564,1.0131670934031738
606,A1,-0.23154071739748613,-0.5828110588858804,-0.22748984613292278,-0.52470556306471,1.1,0.4,1.0131670934031738,0.42836017653951564,-0.42836017653951564,1.0131670934031738
607,A1,-0.4552481938108937,-0.43416681957230185,-0.42620345654525293,-0.40879768941316547,1.1,0.4,1.0131670934031738,0.42836017653951564,-0.42836017653951564,1.0131670934031738
608,A1,-0.6069279676723094,-0.2316117788851939,-0.5419610023650777,-0.22755722898339592,1.1,0.4,1.0131670934031738,0.42836017653951564,-0.42836017653951564,1.0131670934031738
609,A1,-0.6465735082842669,0.0016010143786498454,-0.5693587561013157,0.0016010130107194586,1.1,0.4,1.0131670934031738,0.42836017653951564,-0.42836017653951564,1.0131670934031738
610,A1,-0.5761697458069027,0.24551271097644992,-0.5198759503498083,0.24069593156415062,1.1,0.4,1.0131670934031738,0.42836017653951564,-0.42836017653951564,1.0131670934031738
611,A1,-0.4236166538089652,0.46655935124731207,-0.3999728874868771,0.4354151480988723,1.1,0.4,1.0131670934031738,0.42836017653951564,-0.42836017653951564,1.0131670934031738
612,A1,-0.21872485814754164,0.6124807567179453,-0.21530236339639397,0.5458710096733623,1.1,0.4,1.0131670934031738,0.42836017653951564,-0.42836017653951564,1.0131670934031738
613,A1,0.015692132346326798,0.6452855026376706,0.01569084444717407,0.5684876441263648,1.1,0.4,1.0131670934031738,0.42836017653951564,-0.42836017653951564,1.0131670934031738
614,A1,0.25941491486008766,0.5692516411376812,0.2537482013576599,0.5148094677111723,1.1,0.4,1.0131670934031738,0.42836017653951564,-0.42836017653951564,1.0131670934031738
615,A1,0.47761320209879543,0.4128923877272117,0.44433006896620353,0.39092581153901984,1.1,0.4,1.0131670934031738,0.42836017653951564,-0.42836017653951564,1.0131670934031738
616,A1,0.6176376541308282,0.2057398614290875,0.5494810853910606,0.20288527100262546,1.1,0.4,1.0131670934031738,0.42836017653951564,-0.42836017653951564,1.0131670934031738
617,A1,0.6436241246696341,-0.02981913442719411,0.5673621253156783,-0.02981029936918335,1.1,0.4,1.0131670934031738,0.42836017653951564,-0.42836017653951564,1.0131670934031738
618,A1,0.5620630903126538,-0.2732381545274127,0.5095065564778718,-0.2666353640776769,1.1,0.4,1.0131670934031738,0.42836017653951564,-0.42836017653951564,1.0131670934031738
619,A1,0.40199930526855365,-0.48839849530197876,0.3816583446057356,-0.45294441431419347,1.1,0.4,1.0131670934031738,0.42836017653951564,-0.42836017653951564,1.0131670934031738
620,A1,0.1926603263990446,-0.6223956115970065,0.19031147207013419,-0.5527937895566758,1.1,0.4,1.0131670934031738,0.42836017653951564,-0.42836017653951564,1.0131670934031738
621,A1,-0.04397752428586835,-0.6415943327899207,-0.043949195025531636,-0.5659841379629846,1.1,0.4,1.0131670934031738,0.42836017653951564,-0.42836017653951564,1.0131670934031738
622,A1,-0.28697294343781676,-0.5546104190323518,-0.2793463370215111,-0.5039676460711151,1.1,0.4,1.0131670934031738,0.42836017653951564,-0.42836017653951564,1.0131670934031738
623,A1,-0.4989041861741348,-0.3909425888969096,-0.4612549206742794,-0.37217254124625293,1.1,0.4,1.0131670934031738,0.42836017653951564,-0.42836017653951564,1.0131670934031738
624,A1,-0.6267522027688762,-0.17948973260918427,-0.5558118019931778,-0.1775867378738095,1.1,0.4,1.0131670934031738,0.42836017653951564,-0.42836017653951564,1.0131670934031738
625,A1,-0.63920131429131,0.058162602585985074,-0.5643554915835504,0.05809710534913062,1.1,0.4,1.0131670934031738,0.42836017653951564,-0.42836017653951564,1.0131670934031738
626,A1,-0.5468999267500366,0.30060949336749143,-0.49819316648181183,0.29187028327492925,1.1,0.4,1.0131670934031738,0.42836017653951564,-0.42836017653951564,1.0131670934031738
627,A1,-0.37972731636741364,0.5091194793013503,-0.3624706338882091,0.4692588560722199,1.1,0.4,1.0131670934031738,0.42836017653951564,-0.42836017653951564,1.0131670934031738
628,A1,-0.1662315121506955,0.6307056159831327,-0.16471709526880712,0.5585378956806679,1.1,0.4,1.0131670934031738,0.42836017653951564,-0.42836017653951564,1.0131670934031738
629,A1,0.07236945095046948,0.6364504603307299,0.07224337398881518,0.5624778664885055,1.1,0.4,1.0131670934031738,0.42836017653951564,-0.42836017653951564,1.0131670934031738
630,A1,0.31413772743047264,0.5389378806581184,0.30419664811144637,0.4921835608815384,1.1,0.4,1.0131670934031738,0.42836017653951564,-0.42836017653951564,1.0131670934031738
631,A1,0.5190338708191254,0.36835845791142424,0.47695400699558055,0.3525550386954821,1.1,0.4,1.0131670934031738,0.42836017653951564,-0.42836017653951564,1.0131670934031738
632,A1,0.6342546435702019,0.15288906118188883,0.5609749113177996,0.1517088312198965,1.1,0.4,1.0131670934031738,0.42836017653951564,-0.42836017653951564,1.0131670934031738
633,A1,0.6333473420959166,-0.08659291647567657,0.5603528146713694,-0.08637712948996461,1.1,0.4,1.0131670934031738,0.42836017653951564,-0.42836017653951564,1.0131670934031738
634,A1,0.5307305100835809,-0.3275472958388993,0.48593929828341764,-0.31631519437222866,1.1,0.4,1.0131670934031738,0.42836017653951564,-0.42836017653951564,1.0131670934031738
635,A1,0.35684087390876906,-0.528637189681544,0.3424283610055262,-0.48433866241306955,1.1,0.4,1.0131670934031738,0.42836017653951564,-0.42836017653951564,1.0131670934031738
636,A1,0.13946575228260633,-0.6373986679922949,0.1385684972113846,-0.5631257331985814,1.1,0.4,1.0131670934031738,0.42836017653951564,-0.42836017653951564,1.0131670934031738
637,A1,-0.10082759692998419,-0.6298976882536219,-0.10048730268012482,-0.5579817619477683,1.1,0.4,1.0131670934031738,0.42836017653951564,-0.42836017653951564,1.0131670934031738
638,A1,-0.340827594434123,-0.5222840012085641,-0.3282160364664087,-0.47946088617016985,1.1,0.4,1.0131670934031738,0.42836017653951564,-0.42836017653951564,1.0131670934031738
639,A1,-0.5379196375186279,-0.34517931311769,-0.49141159508919285,-0.33209340038916657,1.1,0.4,1.0131670934031738,0.42836017653951564,-0.42836017653951564,1.0131670934031738
640,A1,-0.6401376450794464,-0.1259649475846967,-0.564993266509882,-0.12530291344754058,1.1,0.4,1.0131670934031738,0.42836017653951564,-0.42836017653951564,1.0131670934031738
641,A1,-0.626107363747486,0.1150678267732165,-0.5553660112872202,0.1145626462910913,1.1,0.4,1.0131670934031738,0.42836017653951564,-0.42836017653951564,1.0131670934031738
642,A1,-0.5136044920407011,0.35396778599436113,-0.47274888300823525,0.33988967264050646,1.1,0.4,1.0131670934031738,0.42836017653951564,-0.42836017653951564,1.0131670934031738
643,A1,-0.3333784115308053,0.5468718266912046,-0.3215531553901693,0.4981720404615534,1.1,0.4,1.0131670934031738,0.42836017653951564,-0.42836017653951564,1.0131670934031738
644,A1,-0.11239001262211518,0.6424720846589316,-0.11191917273976039,0.5665804161344515,1.1,0.4,1.0131670934031738,0.42836017653951564,-0.42836017653951564,1.0131670934031738
645,A1,0.12930766413835515,0.6219823499870633,0.12859175682128735,0.5525067472738976,1.1,0.4,1.0131670934031738,0.42836017653951564,-0.42836017653951564,1.0131670934031738
646,A1,0.36695682429575177,0.5046980675676437,0.3513270151802792,0.46580391056956993,1.1,0.4,1.0131670934031738,0.42836017653951564,-0.42836017653951564,1.0131670934031738
647,A1,0.5554848161685939,0.3214426919218776,0.5046196733663358,0.3108108280045709,1.1,0.4,1.0131670934031738,0.42836017653951564,-0.42836017653951564,1.0131670934031738
648,A1,0.6444030288930604,0.0987443308391085,0.5678900670248097,0.09842464396439717,1.1,0.4,1.0131670934031738,0.42836017653951564,-0.42836017653951564,1.0131670934031738
649,A1,0.6175287264444882,-0.14354087892113432,0.5494050416313853,-0.142563098611994,1.1,0.4,1.0131670934031738,0.42836017653951564,-0.42836017653951564,1.0131670934031738
650,A1,0.49557075504126624,-0.37978348087218416,0.4586266659866,-0.3625194182285406,1.1,0.4,1.0131670934031738,0.42836017653951564,-0.42836017653951564,1.0131670934031738
651,A1,0.3093765641434516,-0.5637501448765695,0.2998698279606522,-0.5107545829100911,1.1,0.4,1.0131670934031738,0.42836017653951564,-0.42836017653951564,1.0131670934031738
652,A1,0.08503131869047045,-0.6459320286534666,0.08482697496450693,-0.5689250661951856,1.1,0.4,1.0131670934031738,0.42836017653951564,-0.42836017653951564,1.0131670934031738
653,A1,-0.15776094212615205,-0.6127526536522937,-0.15646503007848095,-0.5460618597446163,1.1,0.4,1.0131670934031738,0.42836017653951564,-0.42836017653951564,1.0131670934031738
654,A1,-0.3924363743855548,-0.4862285193491057,-0.37345870292808525,-0.45121793347098116,1.1,0.4,1.0131670934031738,0.42836017653951564,-0.42836017653951564,1.0131670934031738
655,A1,-0.5716598621911924,-0.2971843262296875,-0.5165772457930324,-0.2887337768595359,1.1,0.4,1.0131670934031738,0.42836017653951564,-0.42836017653951564,1.0131670934031738
656,A1,-0.6470611182668154,-0.07125444126389638,-0.5696882063619846,-0.07113409475994094,1.1,0.4,1.0131670934031738,0.42836017653951564,-0.42836017653951564,1.0131670934031738
657,A1,-0.6076603575751862,0.17196101661990443,-0.5424780681103654,0.17028583200287956,1.1,0.4,1.0131670934031738,0.42836017653951564,-0.42836017653951564,1.0131670934031738
658,A1,-0.476677258443416,0.4049040024826701,-0.4435785956332699,0.38413717962948074,1.1,0.4,1.0131670934031738,0.42836017653951564,-0.42836017653951564,1.0131670934031738
659,A1,-0.2848701663521458,0.5792065552879118,-0.2774065122336433,0.522088498390985,1.1,0.4,1.0131670934031738,0.42836017653951564,-0.42836017653951564,1.0131670934031738
660,A1,-0.057417228350859384,0.6477927889676367,-0.05735421492340865,0.5701822112481568,1.1,0.4,1.0131670934031738,0.42836017653951564,-0.42836017653951564,1.0131670934031738
661,A1,0.18613394944158096,0.6022581153103661,0.18401373776042412,0.5386544426458971,1.1,0.4,1.0131670934031738,0.42836017653951564,-0.42836017653951564,1.0131670934031738
662,A1,0.41717477597857366,0.46692279881149873,0.39454766693872073,0.4357096443483466,1.1,0.4,1.0131670934031738,0.42836017653951564,-0.42836017653951564,1.0131670934031738
663,A1,0.5863833730943345,0.27243816566902046,0.5272895079003255,0.2658920915756611,1.1,0.4,1.0131670934031738,0.42836017653951564,-0.42836017653951564,1.0131670934031738
664,A1,0.6481299613891739,0.04352329088898535,0.5704097225534036,0.04349582997544065,1.1,0.4,1.0131670934031738,0.42836017653951564,-0.42836017653951564,1.0131670934031738
665,A1,0.5965522420553553,-0.20027226582145624,0.5345916777836044,-0.19763696531522215,1.1,0.4,1.0131670934031738,0.42836017653951564,-0.42836017653951564,1.0131670934031738
666,A1,0.45697089098437776,-0.42923705516938815,0.42761219112032905,-0.4046835074190006,1.1,0.4,1.0131670934031738,0.42836017653951564,-0.42836017653951564,1.0131670934031738
667,A1,0.25989230210051273,-0.5931840466386639,0.25419479638425746,-0.532181742843212,1.1,0.4,1.0131670934031738,0.42836017653951564,-0.42836017653951564,1.0131670934031738
668,A1,0.029576337695424337,-0.6480759574132791,0.029567716648679004,-0.5703732885804293,1.1,0.4,1.0131670934031738,0.42836017653951564,-0.42836017653951564,1.0131670934031738
669,A1,-0.21436816505422607,-0.5905490792693417,-0.21114375078685343,-0.5302903962777421,1.1,0.4,1.0131670934031738,0.42836017653951564,-0.42836017653951564,1.0131670934031738
670,A1,-0.4410791880417037,-0.4468272050940652,-0.4145385798035158,-0.41928747691062024,1.1,0.4,1.0131670934031738,0.42836017653951564,-0.42836017653951564,1.0131670934031738
671,A1,-0.5996029056332491,-0.24723645505480932,-0.5367669432196963,-0.24231913626459425,1.1,0.4,1.0131670934031738,0.42836017653951564,-0.42836017653951564,1.0131670934031738
672,A1,-0.6476344716860107,-0.015580192407001286,-0.5700753544973496,-0.0155789318716532,1.1,0.4,1.0131670934031738,0.42836017653951564,-0.42836017653951564,1.0131670934031738
673,A1,-0.584254983943702,0.2284135183705827,-0.5257511596476411,0.22452238335569152,1.1,0.4,1.0131670934031738,0.42836017653951564,-0.42836017653951564,1.0131670934031738
674,A1,-0.4364973265022316,0.4526895501109577,-0.41073688140339265,0.4241073076213594,1.1,0.4,1.0131670934031738,0.42836017653951564,-0.42836017653951564,1.0131670934031738
675,A1,-0.23447441112057527,0.6056348911830258,-0.23026985311177892,0.5410470905794745,1.1,0.4,1.0131670934031738,0.42836017653951564,-0.42836017653951564,1.0131670934031738
676,A1,-0.0015388105388217943,0.6468095430873398,-0.0015388093242203593,0.569518254207844,1.1,0.4,1.0131670934031738,0.42836017653951564,-0.42836017653951564,1.0131670934031738
677,A1,0.24239986894462676,0.5776763188895948,0.2377612412437556,0.5209744791801236,1.1,0.4,1.0131670934031738,0.42836017653951564,-0.42836017653951564,1.0131670934031738
678,A1,0.4640565855890466,0.42598675153472865,0.4333846641854258,0.4019619316939814,1.1,0.4,1.0131670934031738,0.42836017653951564,-0.42836017653951564,1.0131670934031738
679,A1,0.611275564560857,0.22160987073312854,0.5450243782696481,0.218051925393924,1.1,0.4,1.0131670934031738,0.42836017653951564,-0.42836017653951564,1.0131670934031738
680,A1,0.6456055264218539,-0.012543703431598524,0.5687042037935311,-0.012543045578771748,1.1,0.4,1.0131670934031738,0.42836017653951564,-0.42836017653951564,1.0131670934031738
681,A1,0.5708194439451922,-0.2563184341672294,0.5159608274122359,-0.25084882847991663,1.1,0.4,1.0131670934031738,0.42836017653951564,-0.42836017653951564,1.0131670934031738
682,A1,0.4153008833667639,-0.4751688495523684,0.39296431039699253,-0.4423661739386836,1.1,0.4,1.0131670934031738,0.42836017653951564,-0.42836017653951564,1.0131670934031738
683,A1,0.20864645581261893,-0.6165211120447236,0.20567057253859083,-0.5487011820964495,1.1,0.4,1.0131670934031738,0.42836017653951564,-0.42836017653951564,1.0131670934031738
684,A1,-0.026663079052785338,-0.6440270645731593,-0.026656762412223717,-0.5676352964871834,1.1,0.4,1.0131670934031738,0.42836017653951564,-0.42836017653951564,1.0131670934031738
685,A1,-0.2701601103060418,-0.5636907080020962,-0.2637738121341326,-0.5107106500139141,1.1,0.4,1.0131670934031738,0.42836017653951564,-0.42836017653951564,1.0131670934031738
686,A1,-0.48601505075638496,-0.40444502811236493,-0.4510479102022228,-0.38374586318214515,1.1,0.4,1.0131670934031738,0.42836017653951564,-0.42836017653951564,1.0131670934031738
687,A1,-0.6213683458641743,-0.19558771836374228,-0.5520800316189269,-0.19313125941233622,1.1,0.4,1.0131670934031738,0.42836017653951564,-0.42836017653951564,1.0131670934031738
688,A1,-0.6420790613384478,0.04081486306413387,-0.5663134991306054,0.04079221430115316,1.1,0.4,1.0131670934031738,0.42836017653951564,-0.42836017653951564,1.0131670934031738
689,A1,-0.5562964417496564,0.28391547966127567,-0.5052243779888835,0.27652505968566593,1.1,0.4,1.0131670934031738,0.42836017653951564,-0.42836017653951564,1.0131670934031738
690,A1,-0.39342439117887157,0.4965840947222504,-0.37430860575660857,0.45942648941403874,1.1,0.4,1.0131670934031738,0.42836017653951564,-0.42836017653951564,1.0131670934031738
691,A1,-0.18243715001789002,0.6258147013542064,-0.18043970086812186,0.5551635822715582,1.1,0.4,1.0131670934031738,0.42836017653951564,-0.42836017653951564,1.0131670934031738
692,A1,0.05499440284706139,0.6397666551319744,0.05493902843183387,0.5647406500670638,1.1,0.4,1.0131670934031738,0.42836017653951564,-0.42836017653951564,1.0131670934031738
693,A1,0.2975748203124437,0.548642951037096,0.2890916761754572,0.4995024401110358,1.1,0.4,1.0131670934031738,0.42836017653951564,-0.42836017653951564,1.0131670934031738
694,A1,0.5068651267056217,0.3822440739524677,0.467499061990566,0.3646547303225932,1.1,0.4,1.0131670934031738,0.42836017653951564,-0.42836017653951564,1.0131670934031738
695,A1,0.6298582304626474,0.16919819249032314,0.5579545884910687,0.16760186631983745,1.1,0.4,1.0131670934031738,0.42836017653951564,-0.42836017653951564,1.0131670934031738
696,A1,0.637095193717578,-0.06919683027884999,0.562918458414902,-0.06908659861389023,1.1,0.4,1.0131670934031738,0.42836017653951564,-0.42836017653951564,1.0131670934031738
697,A1,0.5407365107564609,-0.3111281185347063,0.493545275512867,-0.30146304078334685,1.1,0.4,1.0131670934031738,0.42836017653951564,-0.42836017653951564,1.0131670934031738
698,A1,0.3709090708841463,-0.5168475741478815,0.35478661154792496,-0.4752632999825737,1.1,0.4,1.0131670934031738,0.42836017653951564,-0.42836017653951564,1.0131670934031738
699,A1,0.15587424891708399,-0.6334975918010706,0.15462398428747987,-0.5604558780007773,1.1,0.4,1.0131670934031738,0.42836017653951564,-0.42836017653951564,1.0131670934031738
700,A1,-0.08341704611205825,-0.6340702101013995,-0.08322409997561325,-0.560848504666217,1.1,0.4,1.0131670934031738,0.42836017653951564,-0.42836017653951564,1.0131670934031738
701,A1,-0.3245650839441313,-0.5325833591542914,-0.31362884246693384,-0.48735334634242833,1.1,0.4,1.0131670934031738,0.42836017653951564,-0.42836017653951564,1.0131670934031738
702,A1,-0.5265211882059915,-0.35942426704704866,-0.48271738173237816,-0.34470681209506426,1.1,0.4,1.0131670934031738,0.42836017653951564,-0.42836017653951564,1.0131670934031738
703,A1,-0.6367320374683992,-0.14246869602905599,-0.5626703273839306,-0.14151254684103534,1.1,0.4,1.0131670934031738,0.42836017653951564,-0.42836017653951564,1.0131670934031738
704,A1,-0.6306973996871716,0.09764970500871534,-0.5585322425520902,0.09734050585377432,1.1,0.4,1.0131670934031738,0.42836017653951564,-0.42836017653951564,1.0131670934031738
705,A1,-0.5241896924864892,0.3378751674088881,-0.48092715040580986,0.3255791143006779,1.1,0.4,1.0131670934031738,0.42836017653951564,-0.42836017653951564,1.0131670934031738
706,A1,-0.3477944362359079,0.5358760839592764,-0.3344180877603279,0.4898599737697691,1.1,0.4,1.0131670934031738,0.42836017653951564,-0.42836017653951564,1.0131670934031738
707,A1,-0.12898489711391808,0.6395613969098932,-0.1282743138561952,0.5646008390560426,1.1,0.4,1.0131670934031738,0.42836017653951564,-0.42836017653951564,1.0131670934031738
708,A1,0.11188920136443734,0.6269825987683288,0.1114246069151739,0.5559710021137014,1.1,0.4,1.0131670934031738,0.42836017653951564,-0.42836017653951564,1.0131670934031738
709,A1,0.3510475817381145,0.5155616599389586,0.3373042661614527,0.4742672337136011,1.1,0.4,1.0131670934031738,0.42836017653951564,-0.42836017653951564,1.0131670934031738
710,A1,0.5449027788997554,0.33602423967752126,0.49669021020913107,0.32392339227980055,1.1,0.4,1.0131670934031738,0.42836017653951564,-0.42836017653951564,1.0131670934031738
711,A1,0.6419860581016509,0.11542621571078909,0.5662503197255462,0.11491631698109257,1.1,0.4,1.0131670934031738,0.42836017653951564,-0.42836017653951564,1.0131670934031738
712,A1,0.6229317644042411,-0.1261296560628608,0.5531659939166691,-0.12546503252016428,1.1,0.4,1.0131670934031738,0.42836017653951564,-0.42836017653951564,1.0131670934031738
713,A1,0.5067053587461557,-0.36407132513199053,0.4673742028522307,-0.3487951154201155,1.1,0.4,1.0131670934031738,0.42836017653951564,-0.42836017653951564,1.0131670934031738
714,A1,0.3241182254179385,-0.5535922293272199,0.3132258818614759,-0.5032076699297303,1.1,0.4,1.0131670934031738,0.42836017653951564,-0.42836017653951564,1.0131670934031738
715,A1,0.10179602997709983,-0.6440069463718158,0.10144586320059906,-0.5676216604123516,1.1,0.4,1.0131670934031738,0.42836017653951564,-0.42836017653951564,1.0131670934031738
716,A1,-0.14036490430516102,-0.6185509557024779,-0.13945027430867596,-0.5501183143440517,1.1,0.4,1.0131670934031738,0.42836017653951564,-0.42836017653951564,1.0131670934031738
717,A1,-0.37693520734563524,-0.49762682945046804,-0.3600429153176493,-0.4602487371046967,1.1,0.4,1.0131670934031738,0.42836017653951564,-0.42836017653951564,1.0131670934031738
718,A1,-0.5619358642910448,-0.3120808284475769,-0.5094123518349564,-0.3023289195044666,1.1,0.4,1.0131670934031738,0.42836017653951564,-0.42836017653951564,1.0131670934031738
719,A1,-0.645625501184232,-0.08809774766263079,-0.5687177180754251,-0.08787053787366145,1.1,0.4,1.0131670934031738,0.42836017653951564,-0.42836017653951564,1.0131670934031738
720,A1,-0.613846316505548,0.15458848466270853,-0.5468289519015958,0.15336871195721546,1.1,0.4,1.0131670934031738,0.42836017653951564,-0.42836017653951564,1.0131670934031738
721,A1,-0.48833205125721274,0.3896278784861664,-0.4528916002500653,0.3710393807288462,1.1,0.4,1.0131670934031738,0.42836017653951564,-0.42836017653951564,1.0131670934031738
722,A1,-0.29991637161994966,0.5699256167475404,-0.2912360791656235,0.5153046484946074,1.1,0.4,1.0131670934031738,0.42836017653951564,-0.42836017653951564,1.0131670934031738
723,A1,-0.07433482162158828,0.6468436512184884,-0.0741982071099072,0.5695412988834616,1.1,0.4,1.0131670934031738,0.42836017653951564,-0.42836017653951564,1.0131670934031738
724,A1,0.1687936295029933,0.6088240594593405,0.16720864102142935,0.5432987944670155,1.1,0.4,1.0131670934031738,0.42836017653951564,-0.42836017653951564,1.0131670934031738
725,A1,0.402137860327173,0.4788269374527224,0.3817767110460462,0.4453036519772942,1.1,0.4,1.0131670934031738,0.42836017653951564,-0.42836017653951564,1.0131670934031738
726,A1,0.5775539516342307,0.28762906741329364,0.5208853184773583,0.27995114983157043,1.1,0.4,1.0131670934031738,0.42836017653951564,-0.42836017653951564,1.0131670934031738
727,A1,0.6476637880823835,0.060510765789925564,0.5700951431472503,0.06043701934448169,1.1,0.4,1.0131670934031738,0.42836017653951564,-0.42836017653951564,1.0131670934031738
728,A1,0.6034904514216902,-0.18297325693967667,0.5395286374132924,-0.18095830274376687,1.1,0.4,1.0131670934031738,0.42836017653951564,-0.42836017653951564,1.0131670934031738
729,A1,0.4691173308661891,-0.4144535799885561,0.43748585885638636,-0.3922476099496865,1.1,0.4,1.0131670934031738,0.42836017653951564,-0.42836017653951564,1.0131670934031738
730,A1,0.27522302057726533,-0.584813890600329,0.2684781395499898,-0.5261554576787583,1.1,0.4,1.0131670934031738,0.42836017653951564,-0.42836017653951564,1.0131670934031738
731,A1,0.046629171551652304,-0.6480887389892385,0.04659540596490744,-0.5703819119185248,1.1,0.4,1.0131670934031738,0.42836017653951564,-0.42836017653951564,1.0131670934031738
732,A1,-0.1971199644569596,-0.5978518001532951,-0.1946059156702991,-0.5355191925342258,1.1,0.4,1.0131670934031738,0.42836017653951564,-0.42836017653951564,1.0131670934031738
733,A1,-0.4265634057929999,-0.45920899936935267,-0.4024453018708424,-0.42943930481853526,1.1,0.4,1.0131670934031738,0.42836017653951564,-0.42836017653951564,1.0131670934031738
734,A1,-0.5916990331753189,-0.2627022316991822,-0.5311164699439694,-0.2568212794679855,1.1,0.4,1.0131670934031738,0.42836017653951564,-0.42836017653951564,1.0131670934031738
735,A1,-0.6481217387236962,-0.03269372441441995,-0.5704041752479747,-0.032682080840759194,1.1,0.4,1.0131670934031738,0.42836017653951564,-0.42836017653951564,1.0131670934031738
736,A1,-0.5919144422196514,0.21122602435629972,-0.5312710976987192,0.2081397088856767,1.1,0.4,1.0131670934031738,0.42836017653951564,-0.42836017653951564,1.0131670934031738
737,A1,-0.44910763142137305,0.4384556850740494,-0.4211652011066145,0.4123635449928892,1.1,0.4,1.0131670934031738,0.42836017653951564,-0.42836017653951564,1.0131670934031738
738,A1,-0.2500706017161372,0.5982035742042044,-0.24498502791754795,0.5357700372745163,1.1,0.4,1.0131670934031738,0.42836017653951564,-0.42836017653951564,1.0131670934031738
739,A1,-0.018708220911022727,0.6477664012062309,-0.01870603860617504,0.5701644020846457,1.1,0.4,1.0131670934031738,0.42836017653951564,-0.42836017653951564,1.0131670934031738
740,A1,0.2252833811698203,0.5856847320217551,0.2215479566414079,0.5267849271585727,1.1,0.4,1.0131670934031738,0.42836017653951564,-0.42836017653951564,1.0131670934031738
741,A1,0.4501187836757897,0.4388188316789713,0.4219966406841049,0.41266489566788817,1.1,0.4,1.0131670934031738,0.42836017653951564,-0.42836017653951564,1.0131670934031738
742,A1,0.6043223174277754,0.23733193739083247,0.5401180898951334,0.2329740745786204,1.1,0.4,1.0131670934031738,0.42836017653951564,-0.42836017653951564,1.0131670934031738
743,A1,0.6470266909491547,0.004676585639449754,0.5696649517900905,0.004676551546732148,1.1,0.4,1.0131670934031738,0.42836017653951564,-0.42836017653951564,1.0131670934031738
744,A1,0.5791690318649794,-0.23928365117942507,0.5220612024328669,-0.2348190141209581,1.1,0.4,1.0131670934031738,0.42836017653951564,-0.42836017653951564,1.0131670934031738
745,A1,0.42834811670378503,-0.4615411268513046,0.40393988197188835,-0.43133943929957386,1.1,0.4,1.0131670934031738,0.42836017653951564,-0.42836017653951564,1.0131670934031738
746,A1,0.22448995776025807,-0.6100506851381331,0.22079334473912185,-0.5441627764409339,1.1,0.4,1.0131670934031738,0.42836017653951564,-0.42836017653951564,1.0131670934031738
747,A1,-0.00939711165037041,-0.6459068946760624,-0.00939683505394325,-0.5689080672332187,1.1,0.4,1.0131670934031738,0.42836017653951564,-0.42836017653951564,1.0131670934031738
748,A1,-0.2532181241735689,-0.5723737029696777,-0.24794135405643591,-0.5171004036904052,1.1,0.4,1.0131670934031738,0.42836017653951564,-0.42836017653951564,1.0131670934031738
749,A1,-0.4727112412372832,-0.4177009108095542,-0.440387342338163,-0.39499180724774086,1.1,0.4,1.0131670934031738,0.42836017653951564,-0.42836017653951564,1.0131670934031738
750,A1,-0.6153847238926097,-0.21154830155751664,-0.5479064345071135,-0.20844800365869376,1.1,0.4,1.0131670934031738,0.42836017653951564,-0.42836017653951564,1.0131670934031738
751,A1,-0.6444115933530162,0.023508639020030808,-0.5678958694256749,0.023504309246192446,1.1,0.4,1.0131670934031738,0.42836017653951564,-0.42836017653951564,1.0131670934031738
752,A1,-0.5653050973235411,0.26707776756465795,-0.5119029815501541,0.2609036038865623,1.1,0.4,1.0131670934031738,0.42836017653951564,-0.42836017653951564,1.0131670934031738
753,A1,-0.40688254210094443,0.4836177975560898,-0.38582248014648124,0.4491363009875646,1.1,0.4,1.0131670934031738,0.42836017653951564,-0.42836017653951564,1.0131670934031738
754,A1,-0.19851053559827592,0.6203211063218843,-0.1959434610291141,0.5513515617837492,1.1,0.4,1.0131670934031738,0.42836017653951564,-0.42836017653951564,1.0131670934031738
755,A1,0.03765358545879888,0.6425456348539367,0.037635800554524784,0.5666303536525535,1.1,0.4,1.0131670934031738,0.42836017653951564,-0.42836017653951564,1.0131670934031738
756,A1,0.28085323297898546,0.557969550274428,0.27369458312486894,0.5064693692182534,1.1,0.4,1.0131670934031738,0.42836017653951564,-0.42836017653951564,1.0131670934031738
757,A1,0.49424965367500495,0.39589823876331864,0.45758281113638305,0.3764338778447813,1.1,0.4,1.0131670934031738,0.42836017653951564,-0.42836017653951564,1.0131670934031738
758,A1,0.6248571291193477,0.18538016411465352,0.5545007879774256,0.18328537550953844,1.1,0.4,1.0131670934031738,0.42836017653951564,-0.42836017653951564,1.0131670934031738
759,A1,0.6403141074552352,-0.051827344261002245,0.5651133870491553,-0.051780990044081175,1.1,0.4,1.0131670934031738,0.42836017653951564,-0.42836017653951564,1.0131670934031738
760,A1,0.5503733737631419,-0.29453486541772017,0.5007999948790506,-0.2863033405911481,1.1,0.4,1.0131670934031738,0.42836017653951564,-0.42836017653951564,1.0131670934031738
761,A1,0.38475312566845477,-0.504595897635731,0.3668281526166924,-0.4657239049759385,1.1,0.4,1.0131670934031738,0.42836017653951564,-0.42836017653951564,1.0131670934031738
762,A1,0.17216063901094442,-0.6289907073473983,0.17047965929931055,-0.5573568476998443,1.1,0.4,1.0131670934031738,0.42836017653951564,-0.42836017653951564,1.0131670934031738
763,A1,-0.06602509677956742,-0.6377223143262557,-0.06592932241713904,-0.5633467075710927,1.1,0.4,1.0131670934031738,0.42836017653951564,-0.42836017653951564,1.0131670934031738
764,A1,-0.30811271507152166,-0.5425228500983154,-0.2987191911484879,-0.4948952942568463,1.1,0.4,1.0131670934031738,0.42836017653951564,-0.42836017653951564,1.0131670934031738
765,A1,-0.5146458902560987,-0.3734522213650098,-0.4735571393549013,-0.35700763790923384,1.1,0.4,1.0131670934031738,0.42836017653951564,-0.42836017653951564,1.0131670934031738
766,A1,-0.632720365241282,-0.15885537100761768,-0.559922554481643,-0.15753248269538808,1.1,0.4,1.0131670934031738,0.42836017653951564,-0.42836017653951564,1.0131670934031738
767,A1,-0.634775749153151,0.08024179667714104,-0.5613319243022049,0.0800700202261871,1.1,0.4,1.0131670934031738,0.42836017653951564,-0.42836017653951564,1.0131670934031738
768,A1,-0.5344242261800632,0.3215765518526579,-0.4887557232647797,0.31093175158306036,1.1,0.4,1.0131670934031738,0.42836017653951564,-0.42836017653951564,1.0131670934031738
769,A1,-0.36200043552448224,0.5243893069005666,-0.3469748539656802,0.4810805810862303,1.1,0.4,1.0131670934031738,0.42836017653951564,-0.42836017653951564,1.0131670934031738
770,A1,-0.14546774163256848,0.6360452237313572,-0.14445027856585071,0.5622007760477388,1.1,0.4,1.0131670934031738,0.42836017653951564,-0.42836017653951564,1.0131670934031738
771,A1,0.09447215480262033,0.6314800730049461,0.09419210026979769,0.5590705190422749,1.1,0.4,1.0131670934031738,0.42836017653951564,-0.42836017653951564,1.0131670934031738
772,A1,0.3349158826868788,0.526083708085267,0.32293097526436104,0.482381770657675,1.1,0.4,1.0131670934031738,0.42836017653951564,-0.42836017653951564,1.0131670934031738
773,A1,0.5338161780168107,0.3504025669135933,0.4882927894374673,0.3367325130470295,1.1,0.4,1.0131670934031738,0.42836017653951564,-0.42836017653951564,1.0131670934031738
774,A1,0.638964984939507,0.13200111601179917,0.5641944109689466,0.1312397466558795,1.1,0.4,1.0131670934031738,0.42836017653951564,-0.42836017653951564,1.0131670934031738
775,A1,0.6278410925222372,-0.10871062482695967,0.5565638491143534,-0.10828439221416158,1.1,0.4,1.0131670934031738,0.42836017653951564,-0.42836017653951564,1.0131670934031738
776,A1,0.5175074559351396,-0.34811997158268815,0.4757739706068979,-0.33470718522991255,1.1,0.4,1.0131670934031738,0.42836017653951564,-0.42836017653951564,1.0131670934031738
777,A1,0.3386633019625481,-0.5429169280426254,0.32628352430723134,-0.4951927960617529,1.1,0.4,1.0131670934031738,0.42836017653951564,-0.42836017653951564,1.0131670934031738
778,A1,0.11845885640559256,-0.6414799139342577,0.1179078576284065,-0.5659063667837257,1.1,0.4,1.0131670934031738,0.42836017653951564,-0.42836017653951564,1.0131670934031738
779,A1,-0.12295138977754479,-0.6238647394817181,-0.12233555945679635,-0.5538131513294597,1.1,0.4,1.0131670934031738,0.42836017653951564,-0.42836017653951564,1.0131670934031738
780,A1,-0.36117786246808636,-0.508701578974947,-0.34625110535051934,-0.46893291511747276,1.1,0.4,1.0131670934031738,0.42836017653951564,-0.42836017653951564,1.0131670934031738
781,A1,-0.5516824123005322,-0.3267872139956962,-0.5017800826476717,-0.3156309983811764,1.1,0.4,1.0131670934031738,0.42836017653951564,-0.42836017653951564,1.0131670934031738
782,A1,-0.6435908180516502,-0.104844336430829,-0.5673395396639466,-0.10446185672866795,1.1,0.4,1.0131670934031738,0.42836017653951564,-0.42836017653951564,1.0131670934031738
783,A1,-0.6195570517639531,0.1371883496150124,-0.5508195470445156,0.13633412221980673,1.1,0.4,1.0131670934031738,0.42836017653951564,-0.42836017653951564,1.0131670934031738
784,A1,-0.4996721308063083,0.37407840475451937,-0.4618592662110633,0.3575538892499129,1.1,0.4,1.0131670934031738,0.42836017653951564,-0.42836017653951564,1.0131670934031738
785,A1,-0.31477876318690257,0.5601039515169168,-0.30477825174615636,0.5080545565811213,1.1,0.4,1.0131670934031738,0.42836017653951564,-0.42836017653951564,1.0131670934031738
786,A1,-0.09116095590535955,0.6452990241049215,-0.09090926695045888,0.5684967956798008,1.1,0.4,1.0131670934031738,0.42836017653951564,-0.42836017653951564,1.0131670934031738
787,A1,0.1514151099999388,0.6149241557278984,0.15026848282850147,0.5475840482475101,1.1,0.4,1.0131670934031738,0.42836017653951564,-0.42836017653951564,1.0131670934031738
788,A1,0.38681028155498365,0.49042510472413103,0.36860714667585154,0.45455376780299783,1.1,0.4,1.0131670934031738,0.42836017653951564,-0.42836017653951564,1.0131670934031738
789,A1,0.568173363628004,0.3026422972966296,0.5140165249219083,0.29372881091740155,1.1,0.4,1.0131670934031738,0.42836017653951564,-0.42836017653951564,1.0131670934031738
790,A1,0.64660635381565,0.07741215624617717,0.5693809537015998,0.07725789157221777,1.1,0.4,1.0131670934031738,0.42836017653951564,-0.42836017653951564,1.0131670934031738
791,A1,0.6099722499739229,-0.16562497239917365,0.5441075646020748,-0.16412695309764663,1.1,0.4,1.0131670934031738,0.42836017653951564,-0.42836017653951564,1.0131670934031738
792,A1,0.48096642912276294,-0.39936204044849233,0.4470172572073987,-0.3794029670481677,1.1,0.4,1.0131670934031738,0.42836017653951564,-0.42836017653951564,1.0131670934031738
793,A1,0.2903820532415099,-0.5758829925663036,0.28248641653638357,-0.5196666670019632,1.1,0.4,1.0131670934031738,0.42836017653951564,-0.42836017653951564,1.0131670934031738
794,A1,0.06360143634938334,-0.6475150978024344,0.06351581592334493,-0.5699947699603694,1.1,0.4,1.0131670934031738,0.42836017653951564,-0.42836017653951564,1.0131670934031738
795,A1,-0.179810925682638,-0.6047075904577336,-0.17789778371278078,-0.5403909113818611,1.1,0.4,1.0131670934031738,0.42836017653951564,-0.42836017653951564,1.0131670934031738
796,A1,-0.41172212664702834,-0.47130196294905696,-0.38993393994249514,-0.4392506762116559,1.1,0.4,1.0131670934031738,0.42836017653951564,-0.42836017653951564,1.0131670934031738
797,A1,-0.5832257337579121,-0.2780021595402259,-0.5250060059513181,-0.27105502740680965,1.1,0.4,1.0131670934031738,0.42836017653951564,-0.42836017653951564,1.0131670934031738
798,A1,-0.6480279884608106,-0.04973236887646232,-0.5703409242749715,-0.04969140823551698,1.1,0.4,1.0131670934031738,0.42836017653951564,-0.42836017653951564,1.0131670934031738
799,A1,-0.5991364769008157,0.19396563936104805,-0.536434818223338,0.19156919545855983,1.1,0.4,1.0131670934031738,0.42836017653951564,-0.42836017653951564,1.0131670934031738
800,A1,-0.4614374911934377,0.4238789183844256,-0.4312550816698727,0.4001931723059464,1.1,0.4,1.0131670934031738,0.42836017653951564,-0.42836017653951564,1.0131670934031738
801,A1,-0.2655066396719292,0.5901950561026812,-0.2594388245276317,0.5300358794527769,1.1,0.4,1.0131670934031738,0.42836017653951564,-0.42836017653951564,1.0131670934031738
802,A1,-0.03580861686792772,0.6481481720604256,-0.035793319430264356,0.5704220079409843,1.1,0.4,1.0131670934031738,0.42836017653951564,-0.42836017653951564,1.0131670934031738
803,A1,0.20808145861321273,0.5932652404288525,0.2051294121108664,0.5322399386238861,1.1,0.4,1.0131670934031738,0.42836017653951564,-0.42836017653951564,1.0131670934031738
804,A1,0.43582076431017713,0.45137872042338845,0.4101743022422438,0.4230316555743972,1.1,0.4,1.0131670934031738,0.42836017653951564,-0.42836017653951564,1.0131670934031738
805,A1,0.5967850202551015,0.25289941637538427,0.5347579100170682,0.24764221516499177,1.1,0.4,1.0131670934031738,0.42836017653951564,-0.42836017653951564,1.0131670934031738
806,A1,0.6478791803730615,0.02183395060182433,0.570240513265762,0.021830481692812743,1.1,0.4,1.0131670934031738,0.42836017653951564,-0.42836017653951564,1.0131670934031738
807,A1,0.587100232358082,-0.2221504012482075,0.5278068601103338,-0.2185666947752537,1.1,0.4,1.0131670934031738,0.42836017653951564,-0.42836017653951564,1.0131670934031738
808,A1,0.4411312743766564,-0.4475360226358125,0.41458171457490567,-0.41987150924795164,1.1,0.4,1.0131670934031738,0.42836017653951564,-0.42836017653951564,1.0131670934031738
809,A1,0.24018431690859596,-0.6029902930729126,0.23566983699587185,-0.5391739750577623,1.1,0.4,1.0131670934031738,0.42836017653951564,-0.42836017653951564,1.0131670934031738
810,A1,0.007812264610651765,-0.6472249021284989,0.007812105683178787,-0.5697988247248815,1.1,0.4,1.0131670934031738,0.42836017653951564,-0.42836017653951564,1.0131670934031738
811,A1,-0.23616415674277413,-0.5806478140406445,-0.23186937742206837,-0.5231361150013984,1.1,0.4,1.0131670934031738,0.42836017653951564,-0.42836017653951564,1.0131670934031738
812,A1,-0.4590131017481159,-0.4307006896435705,-0.4292795208276721,-0.40590671892548086,1.1,0.4,1.0131670934031738,0.42836017653951564,-0.42836017653951564,1.0131670934031738
813,A1,-0.6088061581519744,-0.22736507928000813,-0.5432861770299197,-0.22352656234542218,1.1,0.4,1.0131670934031738,0.42836017653951564,-0.42836017653951564,1.0131670934031738
814,A1,-0.6461895545750819,0.006252405234100228,-0.5690992117074619,0.00625232376117527,1.1,0.4,1.0131670934031738,0.42836017653951564,-0.42836017653951564,1.0131670934031738
815,A1,-0.5739143476735674,0.2501140874876331,-0.5182281916858485,0.24502590333913912,1.1,0.4,1.0131670934031738,0.42836017653951564,-0.42836017653951564,1.0131670934031738
816,A1,-0.42009241147882603,0.4702405019729067,-0.39700828085143225,0.43839361546337285,1.1,0.4,1.0131670934031738,0.42836017653951564,-0.42836017653951564,1.0131670934031738
817,A1,-0.21444535945354956,0.6142285224187032,-0.211217502527664,0.5470968138788661,1.1,0.4,1.0131670934031738,0.42836017653951564,-0.42836017653951564,1.0131670934031738
818,A1,0.020355864665526774,0.6447776553987736,0.020353053571100992,0.5681438228114501,1.1,0.4,1.0131670934031738,0.42836017653951564,-0.42836017653951564,1.0131670934031738
819,A1,0.26399123236785954,0.5669061879720098,0.2580248621969693,0.5130835463366606,1.1,0.4,1.0131670934031738,0.42836017653951564,-0.42836017653951564,1.0131670934031738
820,A1,0.48120685814615055,0.40931178979262917,0.44720962196036934,0.3878881723389072,1.1,0.4,1.0131670934031738,0.42836017653951564,-0.42836017653951564,1.0131670934031738
821,A1,0.6192539188042039,0.2014287395209661,0.5506083500261587,0.1987480122856845,1.1,0.4,1.0131670934031738,0.42836017653951564,-0.42836017653951564,1.0131670934031738
822,A1,0.6429939952290942,-0.034493744094191536,0.5669346816447153,-0.03448007017169017,1.1,0.4,1.0131670934031738,0.42836017653951564,-0.42836017653951564,1.0131670934031738
823,A1,0.5596296746055898,-0.27778631279189314,0.5077026149800281,-0.2708550273996089,1.1,0.4,1.0131670934031738,0.42836017653951564,-0.42836017653951564,1.0131670934031738
824,A1,0.3983640753789939,-0.4919009826265174,0.3785483323613362,-0.4557239152388401,1.1,0.4,1.0131670934031738,0.42836017653951564,-0.42836017653951564,1.0131670934031738
825,A1,0.1883187368261648,-0.6238795050758912,0.18612369431285505,-0.5538233880992016,1.1,0.4,1.0131670934031738,0.42836017653951564,-0.42836017653951564,1.0131670934031738
826,A1,-0.04866148191747052,-0.6408436109332074,-0.048623109109244486,-0.565473684083503,1.1,0.4,1.0131670934031738,0.42836017653951564,-0.42836017653951564,1.0131670934031738
827,A1,-0.2914897412708983,-0.5520911252969312,-0.2835053933773405,-0.5020858258368984,1.1,0.4,1.0131670934031738,0.42836017653951564,-0.42836017653951564,1.0131670934031738
828,A1,-0.5023119083657258,-0.38725441644508013,-0.4639334086840404,-0.3689908735671182,1.1,0.4,1.0131670934031738,0.42836017653951564,-0.42836017653951564,1.0131670934031738
829,A1,-0.6281030589517168,-0.1751188140178203,-0.5567446415895285,-0.17335040382129108,1.1,0.4,1.0131670934031738,0.42836017653951564,-0.42836017653951564,1.0131670934031738
830,A1,-0.6383317598711389,0.06285430817883589,-0.5637625969362647,0.06277166668651309,1.1,0.4,1.0131670934031738,0.42836017653951564,-0.42836017653951564,1.0131670934031738
831,A1,-0.544296829483826,0.30509163263484146,-0.49623361185386083,0.2959652124654287,1.1,0.4,1.0131670934031738,0.42836017653951564,-0.42836017653951564,1.0131670934031738
832,A1,-0.3759878555096886,0.5124289316406124,-0.3592180884624127,0.4718355432096331,1.1,0.4,1.0131670934031738,0.42836017653951564,-0.42836017653951564,1.0131670934031738
833,A1,-0.16183238999841013,0.631922969667958,-0.16043425310810708,0.5593749086028845,1.1,0.4,1.0131670934031738,0.42836017653951564,-0.42836017653951564,1.0131670934031738
834,A1,0.0770672286970571,0.6354638952562246,0.07691501369683841,0.5618030579579165,1.1,0.4,1.0131670934031738,0.42836017653951564,-0.42836017653951564,1.0131670934031738
835,A1,0.3185818179535839,0.5362530424505201,0.30822403100676554,0.49014642333981806,1.1,0.4,1.0131670934031738,0.42836017653951564,-0.42836017653951564,1.0131670934031738
836,A1,0.522241654044191,0.36456932674138576,0.47942827322588444,0.34923245513121615,1.1,0.4,1.0131670934031738,0.42836017653951564,-0.42836017653951564,1.0131670934031738
837,A1,0.6353382262129081,0.14846285173027357,0.5617170468422935,0.14738161605438221,1.1,0.4,1.0131670934031738,0.42836017653951564,-0.42836017653951564,1.0131670934031738
838,A1,0.6322456427359552,-0.09129500979173927,0.5595965771570476,-0.09104221132823435,1.1,0.4,1.0131670934031738,0.42836017653951564,-0.42836017653951564,1.0131670934031738
839,A1,0.5279659798394605,-0.3319498612103263,0.48382474062511216,-0.32027172431549084,1.1,0.4,1.0131670934031738,0.42836017653951564,-0.42836017653951564,1.0131670934031738
840,A1,0.3530036538072906,-0.5317400233323069,0.3390366425418543,-0.4867100497371713,1.1,0.4,1.0131670934031738,0.42836017653951564,-0.42836017653951564,1.0131670934031738
841,A1,0.1350135668523302,-0.6383484024749174,0.13419913247652643,-0.5637739499436272,1.1,0.4,1.0131670934031738,0.42836017653951564,-0.42836017653951564,1.0131670934031738
842,A1,-0.10553216373776245,-0.6286827782799058,-0.10514212928574063,-0.5571445393363501,1.1,0.4,1.0131670934031738,0.42836017653951564,-0.42836017653951564,1.0131670934031738
843,A1,-0.34518507875080057,-0.5194418124622796,-0.3320985301436885,-0.47726908666079515,1.1,0.4,1.0131670934031738,0.42836017653951564,-0.42836017653951564,1.0131670934031738
844,A1,-0.5409143727280188,-0.34129554830244124,-0.4936798008207669,-0.3286335154944697,1.1,0.4,1.0131670934031738,0.42836017653951564,-0.42836017653951564,1.0131670934031738
845,A1,-0.6409536395834469,-0.1214878970548221,-0.5655485252621215,-0.12089371223531811,1.1,0.4,1.0131670934031738,0.42836017653951564,-0.42836017653951564,1.0131670934031738
846,A1,-0.6247812074339133,0.11977293508676815,-0.5544482078044852,0.11920346615469733,1.1,0.4,1.0131670934031738,0.42836017653951564,-0.42836017653951564,1.0131670934031738
847,A1,-0.5106866613377209,0.3582765615046856,-0.4704800394777153,0.3436950803040569,1.1,0.4,1.0131670934031738,0.42836017653951564,-0.42836017653951564,1.0131670934031738
848,A1,-0.32944960882703844,0.5497554582976241,-0.3180261392678939,0.5003369097608747,1.1,0.4,1.0131670934031738,0.42836017653951564,-0.42836017653951564,1.0131670934031738
849,A1,-0.10788921215388106,0.6431546257457271,-0.10747253899461912,0.567043673188095,1.1,0.4,1.0131670934031738,0.42836017653951564,-0.42836017653951564,1.0131670934031738
850,A1,0.13401128799863027,0.6205469459735264,0.13321477199904597,0.5515087291956636,1.1,0.4,1.0131670934031738,0.42836017653951564,-0.42836017653951564,1.0131670934031738
851,A1,0.37121319994597834,0.501706592894466,0.35505243011794463,0.4634582444281655,1.1,0.4,1.0131670934031738,0.42836017653951564,-0.42836017653951564,1.0131670934031738
852,A1,0.5582544940302744,0.3174703207749153,0.5066811911282268,0.307217784026383,1.1,0.4,1.0131670934031738,0.42836017653951564,-0.42836017653951564,1.0131670934031738
853,A1,0.6449525738990637,0.09422090480283515,0.5682622680510636,0.09394307350996985,1.1,0.4,1.0131670934031738,0.42836017653951564,-0.42836017653951564,1.0131670934031738
854,A1,0.6159861019653867,-0.1482408947296423,0.5483271393313449,-0.14716447315769826,1.1,0.4,1.0131670934031738,0.42836017653951564,-0.42836017653951564,1.0131670934031738
855,A1,0.4925076142882394,-0.38398371172677703,0.45620442613714285,-0.3661620853801712,1.1,0.4,1.0131670934031738,0.42836017653951564,-0.42836017653951564,1.0131670934031738
856,A1,0.30536205689150453,-0.5664031842772878,0.2962119290470045,-0.5127128651062972,1.1,0.4,1.0131670934031738,0.42836017653951564,-0.42836017653951564,1.0131670934031738
857,A1,0.08048640577288638,-0.646349197509846,0.08031305631718998,-0.5692071406537489,1.1,0.4,1.0131670934031738,0.42836017653951564,-0.42836017653951564,1.0131670934031738
858,A1,-0.16245512542678003,-0.6111048592229498,-0.16104089916887315,-0.5449043700566432,1.1,0.4,1.0131670934031738,0.42836017653951564,-0.42836017653951564,1.0131670934031738
859,A1,-0.396576671884578,-0.4830956687949157,-0.3770160265593473,-0.44871940009585365,1.1,0.4,1.0131670934031738,0.42836017653951564,-0.42836017653951564,1.0131670934031738
860,A1,-0.5741937532373131,-0.29312907865354315,-0.5184325303705343,-0.28501226682695185,1.1,0.4,1.0131670934031738,0.42836017653951564,-0.42836017653951564,1.0131670934031738
861,A1,-0.6473466848550875,-0.06668919973196274,-0.5698810624612813,-0.06659050968293473,1.1,0.4,1.0131670934031738,0.42836017653951564,-0.42836017653951564,1.0131670934031738
862,A1,-0.6059094621230472,0.17664703937874632,-0.5412412569822239,0.17483231171768773,1.1,0.4,1.0131670934031738,0.42836017653951564,-0.42836017653951564,1.0131670934031738
863,A1,-0.47347663125435974,0.4089805454873421,-0.4410040838369916,0.3876067299846136,1.1,0.4,1.0131670934031738,0.42836017653951564,-0.42836017653951564,1.0131670934031738
864,A1,-0.28077553851594084,0.5816189712090808,-0.27362270712671105,0.5238411358273255,1.1,0.4,1.0131670934031738,0.42836017653951564,-0.42836017653951564,1.0131670934031738
865,A1,-0.052832841447024215,0.6479476721212066,-0.052783738673044735,0.5702867314563489,1.1,0.4,1.0131670934031738,0.42836017653951564,-0.42836017653951564,1.0131670934031738
866,A1,0.19080937787446353,0.6004062017324264,0.18852693546689514,0.5373385480607074,1.1,0.4,1.0131670934031738,0.42836017653951564,-0.42836017653951564,1.0131670934031738
867,A1,0.42118372254397346,0.46365630355309545,0.3979271858063504,0.4330595076394449,1.1,0.4,1.0131670934031738,0.42836017653951564,-0.42836017653951564,1.0131670934031738
868,A1,0.5886721773740731,0.268305483063785,0.5289399515151504,0.26204738099981273,1.1,0.4,1.0131670934031738,0.42836017653951564,-0.42836017653951564,1.0131670934031738
869,A1,0.6481552156482181,0.03892097233166167,0.570426759658164,0.038901331190545244,1.1,0.4,1.0131670934031738,0.42836017653951564,-0.42836017653951564,1.0131670934031738
870,A1,0.594601403178657,-0.20493455881819606,0.5331969129248393,-0.20211299059530508,1.1,0.4,1.0131670934031738,0.42836017653951564,-0.42836017653951564,1.0131670934031738
871,A1,0.4536404101472703,-0.43317455497127716,0.4248868247193451,-0.40797091255887147,1.1,0.4,1.0131670934031738,0.42836017653951564,-0.42836017653951564,1.0131670934031738
872,A1,0.25572285709949716,-0.595347298916405,0.2502906448528958,-0.5337305389620601,1.1,0.4,1.0131670934031738,0.42836017653951564,-0.42836017653951564,1.0131670934031738
873,A1,0.02495733725729557,-0.6479727636360755,0.02495215683338527,-0.5703036622919407,1.1,0.4,1.0131670934031738,0.42836017653951564,-0.42836017653951564,1.0131670934031738
874,A1,-0.21901467324748694,-0.5885014141877014,-0.21557872683394383,-0.52881695291296,1.1,0.4,1.0131670934031738,0.42836017653951564,-0.42836017653951564,1.0131670934031738
875,A1,-0.444941395372788,-0.44343459364039456,-0.4177319681966878,-0.4164873208745477,1.1,0.4,1.0131670934031738,0.42836017653951564,-0.42836017653951564,1.0131670934031738
876,A1,-0.6016388663357164,-0.24303150868680798,-0.5382147212818236,-0.23835708457104118,1.1,0.4,1.0131670934031738,0.42836017653951564,-0.42836017653951564,1.0131670934031738
877,A1,-0.6474041276142,-0.01094580154244812,-0.5699198485860126,-0.010945364422484309,1.1,0.4,1.0131670934031738,0.42836017653951564,-0.42836017653951564,1.0131670934031738
878,A1,-0.5821125947009721,0.23304148389551146,-0.524199211705605,0.22891245875728322,1.1,0.4,1.0131670934031738,0.42836017653951564,-0.42836017653951564,1.0131670934031738
879,A1,-0.4330444104426383,0.4564726373509784,-0.4078624235605013,0.4272049575217593,1.1,0.4,1.0131670934031738,0.42836017653951564,-0.42836017653951564,1.0131670934031738
880,A1,-0.23023519516459015,0.6075420248599582,-0.2262515197328954,0.5423945532763385,1.1,0.4,1.0131670934031738,0.42836017653951564,-0.42836017653951564,1.0131670934031738
881,A1,0.003109631969695603,0.6464534539558175,0.00310962194654991,0.5692776141656801,1.1,0.4,1.0131670934031738,0.42836017653951564,-0.42836017653951564,1.0131670934031738
882,A1,0.24700642593317368,0.5754413074777404,0.2421026020567165,0.5193441864954166,1.1,0.4,1.0131670934031738,0.42836017653951564,-0.42836017653951564,1.0131670934031738
883,A1,0.4677567570430965,0.4224753265497058,0.4363850359662992,0.39901371038671424,1.1,0.4,1.0131670934031738,0.42836017653951564,-0.42836017653951564,1.0131670934031738
884,A1,0.6130525419175549,0.21733759013479623,0.5462722917947949,0.21397900792813776,1.1,0.4,1.0131670934031738,0.42836017653951564,-0.42836017653951564,1.0131670934031738
885,A1,0.6451251956962702,-0.0172048058400181,0.5683791350061984,-0.01720310846949978,1.1,0.4,1.0131670934031738,0.42836017653951564,-0.42836017653951564,1.0131670934031738
886,A1,0.5684939095842168,-0.26090061001817494,0.5142523396109727,-0.2551377104966733,1.1,0.4,1.0131670934031738,0.42836017653951564,-0.42836017653951564,1.0131670934031738
887,A1,0.4117327134891883,-0.47878235554307014,0.3899429170343636,-0.44526790974313557,1.1,0.4,1.0131670934031738,0.42836017653951564,-0.42836017653951564,1.0131670934031738
888,A1,0.20434229141991048,-0.6181668106813331,0.20154484917654084,-0.5498503665810959,1.1,0.4,1.0131670934031738,0.42836017653951564,-0.42836017653951564,1.0131670934031738
889,A1,-0.03133539106841868,-0.6434240848895316,-0.031325138951220965,-0.5672264629018353,1.1,0.4,1.0131670934031738,0.42836017653951564,-0.42836017653951564,1.0131670934031738
890,A1,-0.2747148277681743,-0.5612767446683459,-0.2680065132310139,-0.5089241105136921,1.1,0.4,1.0131670934031738,0.42836017653951564,-0.42836017653951564,1.0131670934031738
891,A1,-0.4895382018482467,-0.4008218444905759,-0.45384983242230437,-0.38065194460667845,1.1,0.4,1.0131670934031738,0.42836017653951564,-0.42836017653951564,1.0131670934031738
892,A1,-0.6228818497486504,-0.19125282997656642,-0.5531313518206833,-0.18895459043348314,1.1,0.4,1.0131670934031738,0.42836017653951564,-0.42836017653951564,1.0131670934031738
893,A1,-0.6413551057103688,0.045496870340769546,-0.5658215224034316,0.04546550399847322,1.1,0.4,1.0131670934031738,0.42836017653951564,-0.42836017653951564,1.0131670934031738
894,A1,-0.5537961359191996,0.288439559762835,-0.503359928085729,0.2806979521392065,1.1,0.4,1.0131670934031738,0.42836017653951564,-0.42836017653951564,1.0131670934031738
895,A1,-0.38974789094161766,0.5000132759508238,-0.37114286643425876,0.46212759803738285,1.1,0.4,1.0131670934031738,0.42836017653951564,-0.42836017653951564,1.0131670934031738
896,A1,-0.17807267974344468,0.6271952990720864,-0.1762140301515951,0.5561179385766204,1.1,0.4,1.0131670934031738,0.42836017653951564,-0.42836017653951564,1.0131670934031738
897,A1,0.0596845215999218,0.638923468481516,0.05961375219841782,0.5641661091732146,1.1,0.4,1.0131670934031738,0.42836017653951564,-0.42836017653951564,1.0131670934031738
898,A1,0.30206498616477795,0.5460583796117063,0.2932012188287265,0.49756022312583714,1.1,0.4,1.0131670934031738,0.42836017653951564,-0.42836017653951564,1.0131670934031738
899,A1,0.5101968116801932,0.3785159191983646,0.4700985308670874,0.36141793436717834,1.1,0.4,1.0131670934031738,0.42836017653951564,-0.42836017653951564,1.0131670934031738
900,A1,0.6311054123017807,0.1648052683933806,0.5588129082829689,0.16332922285259924,1.1,0.4,1.0131670934031738,0.42836017653951564,-0.42836017653951564,1.0131670934031738
901,A1,0.6361345847764313,-0.07389340205928555,0.5622618897025373,-0.07375920337738476,1.1,0.4,1.0131670934031738,0.42836017653951564,-0.42836017653951564,1.0131670934031738
902,A1,0.5380697391411451,-0.315581000032019,0.49152544096967393,-0.3055057909424551,1.1,0.4,1.0131670934031738,0.42836017653951564,-0.42836017653951564,1.0131670934031738
903,A1,0.3671308878190034,-0.5200783388944377,0.3514795845943041,-0.47776047207592864,1.1,0.4,1.0131670934031738,0.42836017653951564,-0.42836017653951564,1.0131670934031738
904,A1,0.1514539889519189,-0.6346110457429486,0.15030648364772958,-0.5612191074415323,1.1,0.4,1.0131670934031738,0.42836017653951564,-0.42836017653951564,1.0131670934031738
905,A1,-0.08811833278398232,-0.632994043719236,-0.08789096401557686,-0.5601104023356006,1.1,0.4,1.0131670934031738,0.42836017653951564,-0.42836017653951564,1.0131670934031738
906,A1,-0.32897722337416196,-0.5298364394573021,-0.3176014674078272,-0.4852560541510999,1.1,0.4,1.0131670934031738,0.42836017653951564,-0.42836017653951564,1.0131670934031738
907,A1,-0.529647724617205,-0.35559764529253696,-0.48511176343150664,-0.34133044303753696,1.1,0.4,1.0131670934031738,0.42836017653951564,-0.42836017653951564,1.0131670934031738
908,A1,-0.6377116441694581,-0.138022212237443,-0.5633394236462759,-0.13715239262976006,1.1,0.4,1.0131670934031738,0.42836017653951564,-0.42836017653951564,1.0131670934031738
909,A1,-0.6295075895748174,0.10235388397080283,-0.5577130595399109,0.10199794487138343,1.1,0.4,1.0131670934031738,0.42836017653951564,-0.42836017653951564,1.0131670934031738
910,A1,-0.5213646618152691,0.34224302598134637,-0.4787525750218589,0.3294784022682062,1.1,0.4,1.0131670934031738,0.42836017653951564,-0.42836017653951564,1.0131670934031738
911,A1,-0.34392092833261534,0.5388952127203113,-0.33097333037447596,0.49215122834473746,1.1,0.4,1.0131670934031738,0.42836017653951564,-0.42836017653951564,1.0131670934031738
912,A1,-0.12451330007158498,0.6404072237659213,-0.12387379904504447,0.5651767630385094,1.1,0.4,1.0131670934031738,0.42836017653951564,-0.42836017653951564,1.0131670934031738
913,A1,0.11659436106393131,0.6256811006942966,0.11606888084393792,0.5550711513621375,1.1,0.4,1.0131670934031738,0.42836017653951564,-0.42836017653951564,1.0131670934031738
914,A1,0.3553675470286893,0.5126605387684767,0.34112713674647754,0.47201556824877894,1.1,0.4,1.0131670934031738,0.42836017653951564,-0.42836017653951564,1.0131670934031738
915,A1,0.5478114617628225,0.33210536080452213,0.49887815050256223,0.32041126674719245,1.1,0.4,1.0131670934031738,0.42836017653951564,-0.42836017653951564,1.0131670934031738
916,A1,0.6426983524961093,0.11093061920289732,0.5667340292754977,0.11047782514041823,1.1,0.4,1.0131670934031738,0.42836017653951564,-0.42836017653951564,1.0131670934031738
917,A1,0.6215205698545764,-0.13083379184838156,0.5521858500060698,-0.1300923530746258,1.1,0.4,1.0131670934031738,0.42836017653951564,-0.42836017653951564,1.0131670934031738
918,A1,0.503730149339523,-0.3683397194298206,0.4650456631104487,-0.352538629206081,1.1,0.4,1.0131670934031738,0.42836017653951564,-0.42836017653951564,1.0131670934031738
919,A1,0.32015545334964923,-0.5563875806139922,0.3096474762172761,-0.5052922503802918,1.1,0.4,1.0131670934031738,0.42836017653951564,-0.42836017653951564,1.0131670934031738
920,A1,0.09727755588173509,-0.6445861282143969,0.09697186956765658,-0.5680141040758423,1.1,0.4,1.0131670934031738,0.42836017653951564,-0.42836017653951564,1.0131670934031738
921,A1,-0.14506591466712832,-0.6170320860058973,-0.1440568132577186,-0.5490582154674944,1.1,0.4,1.0131670934031738,0.42836017653951564,-0.42836017653951564,1.0131670934031738
922,A1,-0.38114829688137386,-0.4945795143155384,-0.3637042826955185,-0.45784356551935046,1.1,0.4,1.0131670934031738,0.42836017653951564,-0.42836017653951564,1.0131670934031738
923,A1,-0.564615161510255,-0.30807560376695564,-0.5113936599327247,-0.29868539102803254,1.1,0.4,1.0131670934031738,0.42836017653951564,-0.42836017653951564,1.0131670934031738
924,A1,-0.6460721548493921,-0.08355753101989116,-0.5690198293869547,-0.08336361021770468,1.1,0.4,1.0131670934031738,0.42836017653951564,-0.42836017653951564,1.0131670934031738
925,A1,-0.6122218174185782,0.159284167910814,-0.5456892021589813,0.15795061009758238,1.1,0.4,1.0131670934031738,0.42836017653951564,-0.42836017653951564,1.0131670934031738
926,A1,-0.48521459162698743,0.3937818835063542,-0.4504100697007231,0.37461596978852185,1.1,0.4,1.0131670934031738,0.42836017653951564,-0.42836017653951564,1.0131670934031738
927,A1,-0.2958700982050695,0.5724863102252251,-0.28752865573360264,0.517182895769694,1.1,0.4,1.0131670934031738,0.42836017653951564,-0.42836017653951564,1.0131670934031738
928,A1,-0.06977401586461199,0.6471585169950331,-0.0696610063482826,0.5697539912033966,1.1,0.4,1.0131670934031738,0.42836017653951564,-0.42836017653951564,1.0131670934031738
929,A1,0.1734816809305511,0.6070959961996735,0.17176201781556336,0.5420796664557656,1.1,0.4,1.0131670934031738,0.42836017653951564,-0.42836017653951564,1.0131670934031738
930,A1,0.406228965968732,0.4756412717816918,0.3852660544632048,0.44274606946603295,1.1,0.4,1.0131670934031738,0.42836017653951564,-0.42836017653951564,1.0131670934031738
931,A1,0.5799936730660405,0.2835431132120392,0.5226608311231046,0.27618113125183635,1.1,0.4,1.0131670934031738,0.42836017653951564,-0.42836017653951564,1.0131670934031738
932,A1,0.6478477532446028,0.05593054811304041,0.5702193050499427,0.05587229986188016,1.1,0.4,1.0131670934031738,0.42836017653951564,-0.42836017653951564,1.0131670934031738
933,A1,0.6016609041323319,-0.1876512665246217,0.5382303750921313,-0.18547926657437444,1.1,0.4,1.0131670934031738,0.42836017653951564,-0.42836017653951564,1.0131670934031738
934,A1,0.46586537333917577,-0.4184779478951065,0.4348525690267917,-0.39564741079922244,1.1,0.4,1.0131670934031738,0.42836017653951564,-0.42836017653951564,1.0131670934031738
935,A1,0.27109871868242036,-0.587130460448918,0.26464689889297255,-0.5278286669092336,1.1,0.4,1.0131670934031738,0.42836017653951564,-0.42836017653951564,1.0131670934031738
936,A1,0.042030748389700084,-0.6481428285977292,0.04200601558670223,-0.5704184031299635,1.1,0.4,1.0131670934031738,0.42836017653951564,-0.42836017653951564,1.0131670934031738
937,A1,-0.20178541514871226,-0.5959228597753063,-0.19909057465235924,-0.5341420143359492,1.1,0.4,1.0131670934031738,0.42836017653951564,-0.42836017653951564,1.0131670934031738
938,A1,-0.4305171864026181,-0.4558926384238318,-0.4057534383116222,-0.42673069330348,1.1,0.4,1.0131670934031738,0.42836017653951564,-0.42836017653951564,1.0131670934031738
939,A1,-0.5938904668508388,-0.2585408817335261,-0.5326879021826164,-0.2529302644095695,1.1,0.4,1.0131670934031738,0.42836017653951564,-0.42836017653951564,1.0131670934031738
940,A1,-0.6480471062600652,-0.02807833700612994,-0.5703538231281771,-0.02807096041085006,1.1,0.4,1.0131670934031738,0.42836017653951564,-0.42836017653951564,1.0131670934031738
941,A1,-0.5898882067473885,0.2158762909966771,-0.5298151998672838,0.212584182165271,1.1,0.4,1.0131670934031738,0.42836017653951564,-0.42836017653951564,1.0131670934031738
942,A1,-0.4457287282885335,0.44233503049634687,-0.418381697694327,0.41557807378302075,1.1,0.4,1.0131670934031738,0.42836017653951564,-0.42836017653951564,1.0131670934031738
943,A1,-0.2458734715344,0.600268086982077,-0.24103576210475092,0.5372403042667624,1.1,0.4,1.0131670934031738,0.42836017653951564,-0.42836017653951564,1.0131670934031738
944,A1,-0.014077150918035936,0.6475643191405202,-0.0140762211200063,0.5700279986468917,1.1,0.4,1.0131670934031738,0.42836017653951564,-0.42836017653951564,1.0131670934031738
945,A1,0.22991573009459215,0.5835633031114746,0.22594838610000012,0.5252504872852762,1.1,0.4,1.0131670934031738,0.42836017653951564,-0.42836017653951564,1.0131670934031738
946,A1,0.45391986106506277,0.4353792189528093,0.4251157995011434,0.40980697727943,1.1,0.4,1.0131670934031738,0.42836017653951564,-0.42836017653951564,1.0131670934031738
947,A1,0.6062583280748818,0.23310026510249343,0.5414878788328142,0.2289681590257535,1.1,0.4,1.0131670934031738,0.42836017653951564,-0.42836017653951564,1.0131670934031738
948,A1,0.6466985413322921,3.116079116616266e-05,0.5694432512465024,3.1160791156077005e-05,1.1,0.4,1.0131670934031738,0.42836017653951564,-0.42836017653951564,1.0131670934031738
949,A1,0.5769545117654727,-0.24389524054498377,0.5204483831658494,-0.23917157639389694,1.1,0.4,1.0131670934031738,0.42836017653951564,-0.42836017653951564,1.0131670934031738
950,A1,0.424849596951201,-0.46526013217228845,0.401008075446898,-0.4343616478557073,1.1,0.4,1.0131670934031738,0.42836017653951564,-0.42836017653951564,1.0131670934031738
951,A1,0.22022495407426854,-0.6118568182359845,0.2167324592581276,-0.5454328401806392,1.1,0.4,1.0131670934031738,0.42836017653951564,-0.42836017653951564,1.0131670934031738
952,A1,-0.014055511917549113,-0.6454541598421109,-0.014054586400484598,-0.5686017840540343,1.1,0.4,1.0131670934031738,0.42836017653951564,-0.42836017653951564,1.0131670934031738
953,A1,-0.2578060050504324,-0.5700681917421836,-0.25224227276573036,-0.5154093565911817,1.1,0.4,1.0131670934031738,0.42836017653951564,-0.42836017653951564,1.0131670934031738
954,A1,-0.4763444133109823,-0.41414525523763057,-0.44331120229609283,-0.39198669193903923,1.1,0.4,1.0131670934031738,0.42836017653951564,-0.42836017653951564,1.0131670934031738
955,A1,-0.6170598108635463,-0.20725115244710243,-0.5490775819582276,-0.20433390832291082,1.1,0.4,1.0131670934031738,0.42836017653951564,-0.42836017653951564,1.0131670934031738
956,A1,-0.6438358468076718,0.028178577962282625,-0.5675056768977882,0.028171122097076125,1.1,0.4,1.0131670934031738,0.42836017653951564,-0.42836017653951564,1.0131670934031738
957,A1,-0.562910690317513,0.2716388858361144,-0.5101338510704154,0.26514916198062105,1.1,0.4,1.0131670934031738,0.42836017653951564,-0.42836017653951564,1.0131670934031738
958,A1,-0.4032714893002568,0.4871614322654993,-0.3827446903277892,0.4519605946981812,1.1,0.4,1.0131670934031738,0.42836017653951564,-0.42836017653951564,1.0131670934031738
959,A1,-0.19418240528108663,0.6218641851815001,-0.1917779976649267,0.5524246485351877,1.1,0.4,1.0131670934031738,0.42836017653951564,-0.42836017653951564,1.0131670934031738
960,A1,0.04233356349845846,0.6418485324168088,0.042308292522363615,0.5661568829214529,1.1,0.4,1.0131670934031738,0.42836017653951564,-0.42836017653951564,1.0131670934031738
961,A1,0.28538443207902986,0.5554883358257643,0.2778811352120752,0.5046222967697734,1.1,0.4,1.0131670934031738,0.42836017653951564,-0.42836017653951564,1.0131670934031738
962,A1,0.4977001182044686,0.39223349354821957,0.4603064992340734,0.37328410493925535,1.1,0.4,1.0131670934031738,0.42836017653951564,-0.42836017653951564,1.0131670934031738
963,A1,0.6262674429947509,0.1810221983407165,0.5554767072250015,0.1790704692053285,1.1,0.4,1.0131670934031738,0.42836017653951564,-0.42836017653951564,1.0131670934031738
964,A1,0.6394973787141289,-0.05651579357138528,0.5645572266271947,-0.05645569920815953,1.1,0.4,1.0131670934031738,0.42836017653951564,-0.42836017653951564,1.0131670934031738
965,A1,0.5478074310821627,-0.2990328899374593,0.4988751229692353,-0.2904273251500146,1.1,0.4,1.0131670934031738,0.42836017653951564,-0.42836017653951564,1.0131670934031738
966,A1,0.38103635803673147,-0.507949644613373,0.36360714725715015,-0.46834612288112853,1.1,0.4,1.0131670934031738,0.42836017653951564,-0.42836017653951564,1.0131670934031738
967,A1,0.16777396864818872,-0.6302677018162212,0.1662173199159543,-0.5582365215289735,1.1,0.4,1.0131670934031738,0.42836017653951564,-0.42836017653951564,1.0131670934031738
968,A1,-0.07072037602044334,-0.6367877544521316,-0.0706027117815136,-0.5627084032940382,1.1,0.4,1.0131670934031738,0.42836017653951564,-0.42836017653951564,1.0131670934031738
969,A1,-0.3125742152573613,-0.5398742473160638,-0.30277714249480964,-0.49289277066231346,1.1,0.4,1.0131670934031738,0.42836017653951564,-0.42836017653951564,1.0131670934031738
970,A1,-0.5178994716663444,-0.36968506560016656,-0.47607719274593857,-0.3537162118437349,1.1,0.4,1.0131670934031738,0.42836017653951564,-0.42836017653951564,1.0131670934031738
971,A1,-0.6338636845602161,-0.1544411159122109,-0.5607069255528397,-0.15322480635736124,1.1,0.4,1.0131670934031738,0.42836017653951564,-0.42836017653951564,1.0131670934031738
972,A1,-0.6337252111148728,0.08494218592239164,-0.5606119797151495,0.08473848289272976,1.1,0.4,1.0131670934031738,0.42836017653951564,-0.42836017653951564,1.0131670934031738
973,A1,-0.5316950185233766,0.3259980890127704,-0.4866757052154065,0.3149203114740205,1.1,0.4,1.0131670934031738,0.42836017653951564,-0.42836017653951564,1.0131670934031738
974,A1,-0.35818448946414255,0.5275393876333203,-0.34361388182448127,0.48349794041370237,1.1,0.4,1.0131670934031738,0.42836017653951564,-0.42836017653951564,1.0131670934031738
975,A1,-0.1410270147889856,0.6370547060351348,-0.1400994491069496,0.562890799725173,1.1,0.4,1.0131670934031738,0.42836017653951564,-0.42836017653951564,1.0131670934031738
976,A1,0.09917585070367022,0.6303154602134833,0.0988519653430768,0.5582693961952672,1.1,0.4,1.0131670934031738,0.42836017653951564,-0.42836017653951564,1.0131670934031738
977,A1,0.3392939355146498,0.5232759361534651,0.3268469040209919,0.4802244290038574,1.1,0.4,1.0131670934031738,0.42836017653951564,-0.42836017653951564,1.0131670934031738
978,A1,0.5368595489214549,0.3465393914072108,0.49060708356334554,0.3333029339887935,1.1,0.4,1.0131670934031738,0.42836017653951564,-0.42836017653951564,1.0131670934031738
979,A1,0.6398406565014609,0.12753502792544424,0.564791047925343,0.12684803698876146,1.1,0.4,1.0131670934031738,0.42836017653951564,-0.42836017653951564,1.0131670934031738
980,A1,0.6265643519248493,-0.11341573605743621,0.5556819697473948,-0.11293193144667339,1.1,0.4,1.0131670934031738,0.42836017653951564,-0.42836017653951564,1.0131670934031738
981,A1,0.514623144054073,-0.3524509433970524,0.4735394939433752,-0.33854737226266735,1.1,0.4,1.0131670934031738,0.42836017653951564,-0.42836017653951564,1.0131670934031738
982,A1,0.33475442054079396,-0.545850518358666,0.32278634356368746,-0.4974038051132309,1.1,0.4,1.0131670934031738,0.42836017653951564,-0.42836017653951564,1.0131670934031738
983,A1,0.11396851972892907,-0.6422219825877368,0.11347763100271768,-0.5664105761081724,1.1,0.4,1.0131670934031738,0.42836017653951564,-0.42836017653951564,1.0131670934031738
984,A1,-0.1276559328062441,-0.6224778551179443,-0.12696699463372743,-0.5528508984258892,1.1,0.4,1.0131670934031738,0.42836017653951564,-0.42836017653951564,1.0131670934031738
985,A1,-0.3654580893609337,-0.5057427336074962,-0.35001257897795607,-0.46662151383804695,1.1,0.4,1.0131670934031738,0.42836017653951564,-0.42836017653951564,1.0131670934031738
986,A1,-0.5545033013424464,-0.3228341127726344,-0.5038877301811756,-0.3120672887201883,1.1,0.4,1.0131670934031738,0.42836017653951564,-0.42836017653951564,1.0131670934031738
987,A1,-0.6441996658775722,-0.10033087080233802,-0.5677522724928369,-0.0999955678385656,1.1,0.4,1.0131670934031738,0.42836017653951564,-0.42836017653951564,1.0131670934031738
988,A1,-0.6180620387871114,0.1418902448555434,-0.5497772667311758,0.14094563327232562,1.1,0.4,1.0131670934031738,0.42836017653951564,-0.42836017653951564,1.0131670934031738
989,A1,-0.49664073900215955,0.3783041646247706,-0.45947117646991614,0.3612338257075718,1.1,0.4,1.0131670934031738,0.42836017653951564,-0.42836017653951564,1.0131670934031738
990,A1,-0.31078289101442164,0.5628093794985214,-0.3011491548733238,0.5100589011557205,1.1,0.4,1.0131670934031738,0.42836017653951564,-0.42836017653951564,1.0131670934031738
991,A1,-0.08662549297921188,0.645775199494621,-0.08640946284893702,0.5688189893652293,1.1,0.4,1.0131670934031738,0.42836017653951564,-0.42836017653951564,1.0131670934031738
992,A1,0.15611217838633146,0.6133230548883556,0.15485621665368748,0.5464620520194879,1.1,0.4,1.0131670934031738,0.42836017653951564,-0.42836017653951564,1.0131670934031738
993,A1,0.39097780399764254,0.4873231325957035,0.37220287822123926,0.45208925536010225,1.1,0.4,1.0131670934031738,0.42836017653951564,-0.42836017653951564,1.0131670934031738
994,A1,0.57076074152138,0.29860506618863414,0.5159177511833078,0.2900355388358858,1.1,0.4,1.0131670934031738,0.42836017653951564,-0.42836017653951564,1.0131670934031738
995,A1,0.6469505630199675,0.07285584488922608,0.5696135265261207,0.07272721234686734,1.1,0.4,1.0131670934031738,0.42836017653951564,-0.42836017653951564,1.0131670934031738
996,A1,0.6082671225537323,-0.17031493243723417,0.5429061318492153,-0.16868703305176438,1.1,0.4,1.0131670934031738,0.42836017653951564,-0.42836017653951564,1.0131670934031738
997,A1,0.47779582033844886,-0.40346751745517667,0.4444766211377573,-0.3829119890782368,1.1,0.4,1.0131670934031738,0.42836017653951564,-0.42836017653951564,1.0131670934031738
998,A1,0.2863048390831546,-0.5783499109018821,0.2787302528836132,-0.5214650763785397,1.1,0.4,1.0131670934031738,0.42836017653951564,-0.42836017653951564,1.0131670934031738
999,A1,0.05902544798091869,-0.6477281960778374,0.05895699508608448,-0.5701386164021608,1.1,0.4,1.0131670934031738,0.42836017653951564,-0.42836017653951564,1.0131670934031738
1000,A1,-0.18449139102687137,-0.6029005136403989,-0.18242631973291834,-0.5391102921936647,1.1,0.4,1.0131670934031738,0.42836017653951564,-0.42836017653951564,1.0131670934031738
