t,condition,a1,a2,o1,o2,alpha,phi,w11,w12,w21,w22
0,A2,0.1,0.0,0.09966799462495582,0.0,1.3,0.2,1.2740865511936141,0.25827013003357957,-0.25827013003357957,1.2740865511936141
1,A2,0.12698565153609362,-0.02574126593197345,0.12630746268193063,-0.025735581941293183,1.3,0.2,1.2740865511936141,0.25827013003357957,-0.25827013003357957,1.2740865511936141
2,A2,0.15427990742396946,-0.0654108036496166,0.15306737880914417,-0.06531767472536713,1.3,0.2,1.2740865511936141,0.25827013003357957,-0.25827013003357957,1.2740865511936141
3,A2,0.17815148442237735,-0.12275310275176615,0.17629038677566441,-0.12214023525695823,1.3,0.2,1.2740865511936141,0.25827013003357957,-0.25827013003357957,1.2740865511936141
4,A2,0.193064036453448,-0.20114777221673547,0.19070053045678625,-0.19847812834331208,1.3,0.2,1.2740865511936141,0.25827013003357957,-0.25827013003357957,1.2740865511936141
5,A2,0.19170800914443087,-0.3021305648268408,0.18939348017999538,-0.2932611587403219,1.3,0.2,1.2740865511936141,0.25827013003357957,-0.25827013003357957,1.2740865511936141
6,A2,0.16556308837942527,-0.42255477709209927,0.1640667354768359,-0.3990805093362424,1.3,0.2,1.2740865511936141,0.25827013003357957,-0.25827013003357957,1.2740865511936141
7,A2,0.10596464612913835,-0.5508366468945913,0.10556981116738202,-0.5011469982829072,1.3,0.2,1.2740865511936141,0.25827013003357957,-0.25827013003357957,1.2740865511936141
8,A2,0.005073776207946329,-0.6657701795411215,0.005073732669974289,-0.5821906281873133,1.3,0.2,1.2740865511936141,0.25827013003357957,-0.25827013003357957,1.2740865511936141
9,A2,-0.14389807468710286,-0.7430716432008476,-0.1429130168127852,-0.630997390365154,1.3,0.2,1.2740865511936141,0.25827013003357957,-0.25827013003357957,1.2740865511936141
10,A2,-0.34505133077213423,-0.7670351254667805,-0.33197952786877616,-0.6452021203505991,1.3,0.2,1.2740865511936141,0.25827013003357957,-0.25827013003357957,1.2740865511936141
11,A2,-0.5896070872501038,-0.7363029485091468,-0.5296129616621008,-0.6269062929123144,1.3,0.2,1.2740865511936141,0.25827013003357957,-0.25827013003357957,1.2740865511936141
12,A2,-0.8366839215808345,-0.6619496681822843,-0.6840486514010432,-0.5796594458875055,1.3,0.2,1.2740865511936141,0.25827013003357957,-0.25827013003357957,1.2740865511936141
13,A2,-1.0212459075767566,-0.5618669701309711,-0.7703735143912067,-0.5093613339840537,1.3,0.2,1.2740865511936141,0.25827013003357957,-0.25827013003357957,1.2740865511936141
14,A2,-1.1130753520437358,-0.4500059575908789,-0.8051467932337697,-0.42190390238472547,1.3,0.2,1.2740865511936141,0.25827013003357957,-0.25827013003357957,1.2740865511936141
15,A2,-1.1347918767263891,-0.3295967209398768,-0.8126529098026267,-0.31815836618240095,1.3,0.2,1.2740865511936141,0.25827013003357957,-0.25827013003357957,1.2740865511936141
16,A2,-1.1175609457730837,-0.195477322815839,-0.8067188617122979,-0.1930249793178661,1.3,0.2,1.2740865511936141,0.25827013003357957,-0.25827013003357957,1.2740865511936141
17,A2,-1.077682238810014,-0.03757914487834227,-0.7923380081430456,-0.03756146520756477,1.3,0.2,1.2740865511936141,0.25827013003357957,-0.25827013003357957,1.2740865511936141
18,A2,-1.0192082046780002,0.1567806827295667,-0.7695438366634936,0.1555086223278301,1.3,0.2,1.2740865511936141,0.25827013003357957,-0.25827013003357957,1.2740865511936141
19,A2,-0.9403022207369409,0.3968816310641555,-0.7353610768503678,0.3772776084271247,1.3,0.2,1.2740865511936141,0.25827013003357957,-0.25827013003357957,1.2740865511936141
20,A2,-0.839474121299076,0.6706061279032677,-0.6855304217311434,0.5853784515581514,1.3,0.2,1.2740865511936141,0.25827013003357957,-0.25827013003357957,1.2740865511936141
21,A2,-0.7222393219589571,0.9228748436512603,-0.6182944743335488,0.7272545896484931,1.3,0.2,1.2740865511936141,0.25827013003357957,-0.25827013003357957,1.2740865511936141
22,A2,-0.5999325369896659,1.086272286250145,-0.5370015600808195,0.7955135364770414,1.3,0.2,1.2740865511936141,0.25827013003357957,-0.25827013003357957,1.2740865511936141
23,A2,-0.47872908115956336,1.1522445608681775,-0.4452251967128017,0.8184962886338185,1.3,0.2,1.2740865511936141,0.25827013003357957,-0.25827013003357957,1.2740865511936141
24,A2,-0.3558622924868533,1.157823482999476,-0.34156423599661495,0.8203292998687306,1.3,0.2,1.2740865511936141,0.25827013003357957,-0.25827013003357957,1.2740865511936141
25,A2,-0.22331584450455652,1.133386368158489,-0.2196761800572815,0.8121750602911018,1.3,0.2,1.2740865511936141,0.25827013003357957,-0.25827013003357957,1.2740865511936141
26,A2,-0.07012590819715603,1.0915171171204294,-0.07001118247007412,0.7974312004898388,1.3,0.2,1.2740865511936141,0.25827013003357957,-0.25827013003357957,1.2740865511936141
27,A2,0.11675235382506056,1.0340781652466329,0.1162247422694529,0.7755387978255058,1.3,0.2,1.2740865511936141,0.25827013003357957,-0.25827013003357957,1.2740865511936141
28,A2,0.3483788872019333,0.9580861729392894,0.334937074889595,0.7434219844133207,1.3,0.2,1.2740865511936141,0.25827013003357957,-0.25827013003357957,1.2740865511936141
29,A2,0.6187425151972115,0.8606797103178782,0.5502518880806015,0.6966077108966069,1.3,0.2,1.2740865511936141,0.25827013003357957,-0.25827013003357957,1.2740865511936141
30,A2,0.880981494448049,0.7454248892253365,0.7069106805416879,0.6324115708334825,1.3,0.2,1.2740865511936141,0.25827013003357957,-0.25827013003357957,1.2740865511936141
31,A2,1.0639984096071937,0.6231731638325397,0.7871893791272145,0.5533335045305938,1.3,0.2,1.2740865511936141,0.25827013003357957,-0.25827013003357957,1.2740865511936141
32,A2,1.145856917355488,0.501687273139022,0.8163769067200576,0.46344307429563897,1.3,0.2,1.2740865511936141,0.25827013003357957,-0.25827013003357957,1.2740865511936141
33,A2,1.1598283406185654,0.3796208183488958,0.8209839307688992,0.36237812453690665,1.3,0.2,1.2740865511936141,0.25827013003357957,-0.25827013003357957,1.2740865511936141
34,A2,1.1395960302841952,0.2496654683640745,0.8142780204104422,0.24460417194311562,1.3,0.2,1.2740865511936141,0.25827013003357957,-0.25827013003357957,1.2740865511936141
35,A2,1.1006346260320081,0.10134319562368332,0.800726864487912,0.10099766852607314,1.3,0.2,1.2740865511936141,0.25827013003357957,-0.25827013003357957,1.2740865511936141
36,A2,1.0462800102067975,-0.0781240602416931,0.7803558926560396,-0.07796550732956369,1.3,0.2,1.2740865511936141,0.25827013003357957,-0.25827013003357957,1.2740865511936141
37,A2,0.9741047862616072,-0.3008774222143296,0.7505025653082429,-0.2921153685572478,1.3,0.2,1.2740865511936141,0.25827013003357957,-0.25827013003357957,1.2740865511936141
38,A2,0.8807605508734518,-0.5660126576084503,0.706800130224239,-0.5124249402972704,1.3,0.2,1.2740865511936141,0.25827013003357957,-0.25827013003357957,1.2740865511936141
39,A2,0.7681804843375728,-0.835419086469708,0.6458701886283889,-0.6833750787481512,1.3,0.2,1.2740865511936141,0.25827013003357957,-0.25827013003357957,1.2740865511936141
40,A2,0.6463991506983202,-1.037487974855763,0.5692409082103925,-0.7768941524849658,1.3,0.2,1.2740865511936141,0.25827013003357957,-0.25827013003357957,1.2740865511936141
41,A2,0.5246136317554799,-1.136848314765987,0.4812529699206828,-0.8133501002822161,1.3,0.2,1.2740865511936141,0.25827013003357957,-0.25827013003357957,1.2740865511936141
42,A2,0.4030939005352139,-1.16057169130201,0.3825931068604282,-0.8212261043898705,1.3,0.2,1.2740865511936141,0.25827013003357957,-0.25827013003357957,1.2740865511936141
43,A2,0.27535855926251096,-1.145125506551051,0.2686039039602531,-0.8161328144858873,1.3,0.2,1.2740865511936141,0.25827013003357957,-0.25827013003357957,1.2740865511936141
44,A2,0.1314418935119182,-1.1091962081276037,0.13069011585092477,-0.8037780804147092,1.3,0.2,1.2740865511936141,0.25827013003357957,-0.25827013003357957,1.2740865511936141
45,A2,-0.0410813503672493,-1.0578361956155222,-0.0410582552698065,-0.7848342922088836,1.3,0.2,1.2740865511936141,0.25827013003357957,-0.25827013003357957,1.2740865511936141
46,A2,-0.25501102555833555,-0.9893426956914128,-0.24962328750142007,-0.7570819085856363,1.3,0.2,1.2740865511936141,0.25827013003357957,-0.25827013003357957,1.2740865511936141
47,A2,-0.5135733164467792,-0.900117638958551,-0.4727246745379793,-0.7163551458237222,1.3,0.2,1.2740865511936141,0.25827013003357957,-0.25827013003357957,1.2740865511936141
48,A2,-0.7873052869083343,-0.7906077940093392,-0.6568797780704758,-0.6587532119934638,1.3,0.2,1.2740865511936141,0.25827013003357957,-0.25827013003357957,1.2740865511936141
49,A2,-1.0070579687122292,-0.6696561822577775,-0.7645424249101652,-0.5847536745854683,1.3,0.2,1.2740865511936141,0.25827013003357957,-0.25827013003357957,1.2740865511936141
50,A2,-1.1251176289677975,-0.5475683210526556,-0.809341652070188,-0.4986955003572347,1.3,0.2,1.2740865511936141,0.25827013003357957,-0.25827013003357957,1.2740865511936141
51,A2,-1.159969465947872,-0.4263524564241634,-0.8210299302338874,-0.4022685033235076,1.3,0.2,1.2740865511936141,0.25827013003357957,-0.25827013003357957,1.2740865511936141
52,A2,-1.1499571309002028,-0.3004773832102979,-0.8177398758712923,-0.2917494226928902,1.3,0.2,1.2740865511936141,0.25827013003357957,-0.25827013003357957,1.2740865511936141
53,A2,-1.1172215395584635,-0.1605162316965906,-0.8066003070179942,-0.15915170152266891,1.3,0.2,1.2740865511936141,0.25827013003357957,-0.25827013003357957,1.2740865511936141
54,A2,-1.0687827340075917,0.0055477236690498755,-0.789002173888386,0.005547666755213465,1.3,0.2,1.2740865511936141,0.25827013003357957,-0.25827013003357957,1.2740865511936141
55,A2,-1.003824261999466,0.2108439016502518,-0.7631955758717471,0.20777411149243097,1.3,0.2,1.2740865511936141,0.25827013003357957,-0.25827013003357957,1.2740865511936141
56,A2,-0.918715372355897,0.4618328217601576,-0.7252891253685535,0.4315768334123479,1.3,0.2,1.2740865511936141,0.25827013003357957,-0.25827013003357957,1.2740865511936141
57,A2,-0.8126177154741656,0.7371867559782768,-0.6710317894378172,0.6274424566733192,1.3,0.2,1.2740865511936141,0.25827013003357957,-0.25827013003357957,1.2740865511936141
58,A2,-0.6929029334725012,0.9727234632101286,-0.5998436589556378,0.7498986524454632,1.3,0.2,1.2740865511936141,0.25827013003357957,-0.25827013003357957,1.2740865511936141
59,A2,-0.5705763162150512,1.1103574876372697,-0.5157824016916869,0.804188721129258,1.3,0.2,1.2740865511936141,0.25827013003357957,-0.25827013003357957,1.2740865511936141
60,A2,-0.44945349576012916,1.1578172221663234,-0.4214496745357112,0.820327252191126,1.3,0.2,1.2740865511936141,0.25827013003357957,-0.25827013003357957,1.2740865511936141
61,A2,-0.32509733623738424,1.154015781839274,-0.3141086606596102,0.8190800576808114,1.3,0.2,1.2740865511936141,0.25827013003357957,-0.25827013003357957,1.2740865511936141
62,A2,-0.188657707154713,1.1247037704752425,-0.18645090136509423,0.8091988370959668,1.3,0.2,1.2740865511936141,0.25827013003357957,-0.25827013003357957,1.2740865511936141
63,A2,-0.028562697007396914,1.0791440541259247,-0.02855493212855077,0.7928814666576158,1.3,0.2,1.2740865511936141,0.25827013003357957,-0.25827013003357957,1.2740865511936141
64,A2,0.16839614449964474,1.017574499393077,0.16682224353306369,0.7688767698696795,1.3,0.2,1.2740865511936141,0.25827013003357957,-0.25827013003357957,1.2740865511936141
65,A2,0.41112388025946306,0.9365303494863682,0.38942653770281876,0.733624057572128,1.3,0.2,1.2740865511936141,0.25827013003357957,-0.25827013003357957,1.2740865511936141
66,A2,0.68563629510997,0.8341233028537043,0.595171363711178,0.6826838162919115,1.3,0.2,1.2740865511936141,0.25827013003357957,-0.25827013003357957,1.2740865511936141
67,A2,0.9346166681655073,0.7160832835571076,0.7327390863354578,0.6144773351449684,1.3,0.2,1.2740865511936141,0.25827013003357957,-0.25827013003357957,1.2740865511936141
68,A2,1.0922741566844818,0.5936526896129504,0.797706674877052,0.5325175741873082,1.3,0.2,1.2740865511936141,0.25827013003357957,-0.25827013003357957,1.2740865511936141
69,A2,1.1538807293887512,0.47244967289714634,0.8190356059410259,0.4401764785415501,1.3,0.2,1.2740865511936141,0.25827013003357957,-0.25827013003357957,1.2740865511936141
70,A2,1.1572066868288229,0.3492904990130331,0.8201274685157617,0.33574617222706,1.3,0.2,1.2740865511936141,0.25827013003357957,-0.25827013003357957,1.2740865511936141
71,A2,1.1316265854597554,0.21595525471155583,0.811575223413931,0.21265957608347022,1.3,0.2,1.2740865511936141,0.25827013003357957,-0.25827013003357957,1.2740865511936141
72,A2,1.088940693801606,0.061341067387337245,0.7964911865945068,0.06126424645348136,1.3,0.2,1.2740865511936141,0.25827013003357957,-0.25827013003357957,1.2740865511936141
73,A2,1.0306214338822544,-0.12765392985697172,0.774157455943442,-0.12696502397273346,1.3,0.2,1.2740865511936141,0.25827013003357957,-0.25827013003357957,1.2740865511936141
74,A2,0.9535523298726479,-0.36170617632861246,0.7413870437733442,-0.34671599466808933,1.3,0.2,1.2740865511936141,0.25827013003357957,-0.25827013003357957,1.2740865511936141
75,A2,0.8550448766731598,-0.6332243140908822,0.6936958505873652,-0.5602684110605614,1.3,0.2,1.2740865511936141,0.25827013003357957,-0.25827013003357957,1.2740865511936141
76,A2,0.7391279584738586,-0.8929913651258301,0.628618005448289,-0.7128680818946944,1.3,0.2,1.2740865511936141,0.25827013003357957,-0.25827013003357957,1.2740865511936141
77,A2,0.616801214372088,-1.0706088899257973,0.5488969230903455,-0.7896905105848959,1.3,0.2,1.2740865511936141,0.25827013003357957,-0.25827013003357957,1.2740865511936141
78,A2,0.4953887168459199,-1.1478977388430096,0.4584829054167829,-0.8170564462416509,1.3,0.2,1.2740865511936141,0.25827013003357957,-0.25827013003357957,1.2740865511936141
79,A2,0.37312562912809133,-1.1594130693227014,0.3567226380877132,-0.8208485122348632,1.3,0.2,1.2740865511936141,0.25827013003357957,-0.25827013003357957,1.2740865511936141
80,A2,0.24249486370109385,-1.1379628521305614,0.23785086388340426,-0.8137269865909915,1.3,0.2,1.2740865511936141,0.25827013003357957,-0.25827013003357957,1.2740865511936141
81,A2,0.09288121222494006,-1.0981883835026547,0.09261503777718963,-0.7998473423796971,1.3,0.2,1.2740865511936141,0.25827013003357957,-0.25827013003357957,1.2740865511936141
82,A2,-0.0885771030532116,-1.0429944397837057,-0.08834617197961862,-0.7790677898686341,1.3,0.2,1.2740865511936141,0.25827013003357957,-0.25827013003357957,1.2740865511936141
83,A2,-0.3137706089630158,-0.9697826162146143,-0.3038634639781399,-0.7486087438789343,1.3,0.2,1.2740865511936141,0.25827013003357957,-0.25827013003357957,1.2740865511936141
84,A2,-0.5804916304795403,-0.8753134763280068,-0.5230226651447818,-0.704063723146677,1.3,0.2,1.2740865511936141,0.25827013003357957,-0.25827013003357957,1.2740865511936141
85,A2,-0.8482147729594259,-0.761956989107033,-0.6901356751430284,-0.6422282217357714,1.3,0.2,1.2740865511936141,0.25827013003357957,-0.25827013003357957,1.2740865511936141
86,A2,-1.04516094853759,-0.6400129095505346,-0.7799179072477149,-0.5649083427465604,1.3,0.2,1.2740865511936141,0.25827013003357957,-0.25827013003357957,1.2740865511936141
87,A2,-1.1395818677975902,-0.5183126228300807,-0.814273248287059,-0.476396640556739,1.3,0.2,1.2740865511936141,0.25827013003357957,-0.25827013003357957,1.2740865511936141
88,A2,-1.1604936169434301,-0.39666809504919553,-0.8212006827102635,-0.37709445203282993,1.3,0.2,1.2740865511936141,0.25827013003357957,-0.25827013003357957,1.2740865511936141
89,A2,-1.1436729788336215,-0.26835936275751,-0.8156472005978379,-0.26209756012948554,1.3,0.2,1.2740865511936141,0.25827013003357957,-0.25827013003357957,1.2740865511936141
90,A2,-1.1068970997365515,-0.12327766790170835,-0.8029628270276269,-0.12265694166659825,1.3,0.2,1.2740865511936141,0.25827013003357957,-0.25827013003357957,1.2740865511936141
91,A2,-1.0547227632980571,0.05110575396060338,-0.7836356998907578,0.051061307757005084,1.3,0.2,1.2740865511936141,0.25827013003357957,-0.25827013003357957,1.2740865511936141
92,A2,-0.9852320956719233,0.2674462196092995,-0.7553219263189554,0.26124694212529936,1.3,0.2,1.2740865511936141,0.25827013003357957,-0.25827013003357957,1.2740865511936141
93,A2,-0.8948732264310589,0.5279283076299108,-0.7137923761747396,0.4837958864408048,1.3,0.2,1.2740865511936141,0.25827013003357957,-0.25827013003357957,1.2740865511936141
94,A2,-0.7844832403279912,0.8007490822486502,-0.6552724439908815,0.6644553402873956,1.3,0.2,1.2740865511936141,0.25827013003357957,-0.25827013003357957,1.2740865511936141
95,A2,-0.6632648411190208,1.0158109122458936,-0.5805320483116809,0.7681547869123873,1.3,0.2,1.2740865511936141,0.25827013003357957,-0.25827013003357957,1.2740865511936141
96,A2,-0.5412566385890153,1.1286297708461872,-0.4939386059927972,0.8105497828157247,1.3,0.2,1.2740865511936141,0.25827013003357957,-0.25827013003357957,1.2740865511936141
97,A2,-0.4199797372042376,1.1602801653567842,-0.39691336155184076,0.8211311644053402,1.3,0.2,1.2740865511936141,0.25827013003357957,-0.25827013003357957,1.2740865511936141
98,A2,-0.29362832333665706,1.1487030388348556,-0.28547089157362787,0.8173239669893708,1.3,0.2,1.2740865511936141,0.25827013003357957,-0.25827013003357957,1.2740865511936141
99,A2,-0.15262425647730382,1.1150700785968934,-0.1514501107588012,0.8058472896816564,1.3,0.2,1.2740865511936141,0.25827013003357957,-0.25827013003357957,1.2740865511936141
100,A2,0.015165734998717179,1.0658342338984985,0.015164572401762224,0.7878865951107155,1.3,0.2,1.2740865511936141,0.25827013003357957,-0.25827013003357957,1.2740865511936141
101,A2,0.22280855112264583,0.9999191586101841,0.21919331367935635,0.7615602025559216,1.3,0.2,1.2740865511936141,0.25827013003357957,-0.25827013003357957,1.2740865511936141
102,A2,0.4759595056129482,0.9136825263743258,0.44300188575032123,0.7228950606402754,1.3,0.2,1.2740865511936141,0.25827013003357957,-0.25827013003357957,1.2740865511936141
103,A2,0.7511249461000905,0.8066167200482106,0.6358195997996132,0.6677196464374797,1.3,0.2,1.2740865511936141,0.25827013003357957,-0.25827013003357957,1.2740865511936141
104,A2,0.9825412410013769,0.6865194107756033,0.7541638835264179,0.5957413545016434,1.3,0.2,1.2740865511936141,0.25827013003357957,-0.25827013003357957,1.2740865511936141
105,A2,1.1147322584904766,0.5642480434954138,0.8057288142767005,0.511122501001323,1.3,0.2,1.2740865511936141,0.25827013003357957,-0.25827013003357957,1.2740865511936141
106,A2,1.1585759209758215,0.4431186189031848,0.8205752402603532,0.41622612128372627,1.3,0.2,1.2740865511936141,0.25827013003357957,-0.25827013003357957,1.2740865511936141
107,A2,1.1529826523255051,0.3183780293787005,0.8187397587931362,0.30803959118235325,1.3,0.2,1.2740865511936141,0.25827013003357957,-0.25827013003357957,1.2740865511936141
108,A2,1.1227027408759953,0.1810130763934504,0.8085069678244523,0.17906163975012587,1.3,0.2,1.2740865511936141,0.25827013003357957,-0.25827013003357957,1.2740865511936141
109,A2,1.0763541272337538,0.019326827327234813,0.7918431639355535,0.019324421327574583,1.3,0.2,1.2740865511936141,0.25827013003357957,-0.25827013003357957,1.2740865511936141
110,A2,1.0138676466339853,-0.17988845159277467,0.7673569781521077,-0.17797285507674968,1.3,0.2,1.2740865511936141,0.25827013003357957,-0.25827013003357957,1.2740865511936141
111,A2,0.9317141334050528,-0.4249382076603364,0.7313920805234548,-0.40108243424906864,1.3,0.2,1.2740865511936141,0.25827013003357957,-0.25827013003357957,1.2740865511936141
112,A2,0.8282692009967592,-0.6999104631390582,0.6795455544988399,-0.6043109414513536,1.3,0.2,1.2740865511936141,0.25827013003357957,-0.25827013003357957,1.2740865511936141
113,A2,0.7097243864810232,-0.9454507619664775,0.6105039737088765,-0.7377165751488944,1.3,0.2,1.2740865511936141,0.25827013003357957,-0.25827013003357957,1.2740865511936141
114,A2,0.5873047465611075,-1.0975897076656282,0.5279543848035342,-0.799631569567557,1.3,0.2,1.2740865511936141,0.25827013003357957,-0.25827013003357957,1.2740865511936141
115,A2,0.4661386318707128,-1.1551546763108727,0.435074128923399,-0.819454527317796,1.3,0.2,1.2740865511936141,0.25827013003357957,-0.25827013003357957,1.2740865511936141
116,A2,0.3426814691066066,-1.1564226444216166,0.32986919327611236,-0.8198706150307451,1.3,0.2,1.2740865511936141,0.25827013003357957,-0.25827013003357957,1.2740865511936141
117,A2,0.2085338124514803,-1.129781483771003,0.20556269153606074,-0.810944462155627,1.3,0.2,1.2740865511936141,0.25827013003357957,-0.25827013003357957,1.2740865511936141
118,A2,0.05246192902231134,-1.0863041360704941,0.05241385243127088,-0.7955252301038891,1.3,0.2,1.2740865511936141,0.25827013003357957,-0.25827013003357957,1.2740865511936141
119,A2,-0.13868062014499583,-1.0271049292935557,-0.1377983569464473,-0.7727446216890728,1.3,0.2,1.2740865511936141,0.25827013003357957,-0.25827013003357957,1.2740865511936141
120,A2,-0.37514388728843173,-0.9489543304342722,-0.35848280116302694,-0.73930928834834,1.3,0.2,1.2740865511936141,0.25827013003357957,-0.25827013003357957,1.2740865511936141
121,A2,-0.647679621832786,-0.8493586217859649,-0.57010583069815,-0.6907342505744232,1.3,0.2,1.2740865511936141,0.25827013003357957,-0.25827013003357957,1.2740865511936141
122,A2,-0.9047601963640799,-0.7328139120783594,-0.718607798797628,-0.6247838541274696,1.3,0.2,1.2740865511936141,0.25827013003357957,-0.25827013003357957,1.2740865511936141
123,A2,-1.076931539279287,-0.610433776308114,-0.7920584311746988,-0.5444323730721762,1.3,0.2,1.2740865511936141,0.25827013003357957,-0.25827013003357957,1.2740865511936141
124,A2,-1.1497616147070377,-0.4890889305520016,-0.8176750907070034,-0.45349302915078715,1.3,0.2,1.2740865511936141,0.25827013003357957,-0.25827013003357957,1.2740865511936141
125,A2,-1.1589125399239073,-0.3666083174989548,-0.8206851685833709,-0.3510214874150614,1.3,0.2,1.2740865511936141,0.25827013003357957,-0.25827013003357957,1.2740865511936141
126,A2,-1.1362823012554053,-0.23527329108885084,-0.8131584382212207,-0.2310262338014767,1.3,0.2,1.2740865511936141,0.25827013003357957,-0.25827013003357957,1.2740865511936141
127,A2,-1.0957014055723362,-0.08433288188207583,-0.7989496390698727,-0.08413352286726368,1.3,0.2,1.2740865511936141,0.25827013003357957,-0.25827013003357957,1.2740865511936141
128,A2,-1.0396601661110283,0.09915143718313643,-0.7777538340402268,0.09882779032607408,1.3,0.2,1.2740865511936141,0.25827013003357957,-0.25827013003357957,1.2740865511936141
129,A2,-0.9654014338314766,0.32678574239031777,-0.7466765171083245,0.31562967338081793,1.3,0.2,1.2740865511936141,0.25827013003357957,-0.25827013003357957,1.2740865511936141
130,A2,-0.8698127917532847,0.5949837631787205,-0.7012790027445743,0.5334705125861815,1.3,0.2,1.2740865511936141,0.25827013003357957,-0.25827013003357957,1.2740865511936141
131,A2,-0.7557106473766184,0.8608070247730777,-0.6385434942853665,0.6966732386341931,1.3,0.2,1.2740865511936141,0.25827013003357957,-0.25827013003357957,1.2740865511936141
132,A2,-0.6336297904881938,1.0525387152215027,-0.5605465449355145,0.7827913991043556,1.3,0.2,1.2740865511936141,0.25827013003357957,-0.25827013003357957,1.2740865511936141
133,A2,-0.5120131777845364,1.1421164230392615,-0.47151228473308265,0.8151255289029729,1.3,0.2,1.2740865511936141,0.25827013003357957,-0.25827013003357957,1.2740865511936141
134,A2,-0.3902248843575336,1.1603180130003028,-0.3715540825951924,0.8211434926502602,1.3,0.2,1.2740865511936141,0.25827013003357957,-0.25827013003357957,1.2740865511936141
135,A2,-0.26131522305260557,1.1421692018122165,-0.25552529316939837,0.8151432391335198,1.3,0.2,1.2740865511936141,0.25827013003357957,-0.25827013003357957,1.2740865511936141
136,A2,-0.11503418914992852,1.1045575889701467,-0.11452945002023827,0.8021301514986459,1.3,0.2,1.2740865511936141,0.25827013003357957,-0.25827013003357957,1.2740865511936141
137,A2,0.06124582654502336,1.0515627742807223,0.061169362526025325,0.7824131892353867,1.3,0.2,1.2740865511936141,0.25827013003357957,-0.25827013003357957,1.2740865511936141
138,A2,0.28000901826330654,0.9810639026676427,0.2729134271510504,0.7535260906802929,1.3,0.2,1.2740865511936141,0.25827013003357957,-0.25827013003357957,1.2740865511936141
139,A2,0.5423286085970056,0.8895720717910492,0.49474861254815444,0.7111823056131469,1.3,0.2,1.2740865511936141,0.25827013003357957,-0.25827013003357957,1.2740865511936141
140,A2,0.8140297000175921,0.7783290225318322,0.6718072451605442,0.651746562119084,1.3,0.2,1.2740865511936141,0.25827013003357957,-0.25827013003357957,1.2740865511936141
141,A2,1.024267245400915,0.6568737850174837,0.7715989067863331,0.576279168512759,1.3,0.2,1.2740865511936141,0.25827013003357957,-0.25827013003357957,1.2740865511936141
142,A2,1.1319194858395956,0.5349485883456706,0.8116751799228579,0.4891547223711461,1.3,0.2,1.2740865511936141,0.25827013003357957,-0.25827013003357957,1.2740865511936141
143,A2,1.1604784844307057,0.41359399896221777,0.8211957550574039,0.3915200373666443,1.3,0.2,1.2740865511936141,0.25827013003357957,-0.25827013003357957,1.2740865511936141
144,A2,1.1473923983773588,0.2867400796899635,0.8168883922150294,0.27913163068822855,1.3,0.2,1.2740865511936141,0.25827013003357957,-0.25827013003357957,1.2740865511936141
145,A2,1.112877876901677,0.14465998539231734,0.8050773225509117,0.14365928475117257,1.3,0.2,1.2740865511936141,0.25827013003357957,-0.25827013003357957,1.2740865511936141
146,A2,1.0628410914862962,-0.024893062126747245,0.7867488118189173,-0.02488792161825219,1.3,0.2,1.2740865511936141,0.25827013003357957,-0.25827013003357957,1.2740865511936141
147,A2,0.9959582735534265,-0.23490308415321193,0.7598915027928731,-0.23067575600581602,1.3,0.2,1.2740865511936141,0.25827013003357957,-0.25827013003357957,1.2740865511936141
148,A2,0.9085908865754879,-0.4901581556511573,0.7204552368332906,-0.45434194981711906,1.3,0.2,1.2740865511936141,0.25827013003357957,-0.25827013003357957,1.2740865511936141
149,A2,0.8005793735273282,-0.7649430356053826,0.6643605474308467,-0.6439792889215642,1.3,0.2,1.2740865511936141,0.25827013003357957,-0.25827013003357957,1.2740865511936141
150,A2,0.6801322239365645,-0.9920698362363366,0.5916053481251694,-0.7582435245266177,1.3,0.2,1.2740865511936141,0.25827013003357957,-0.25827013003357957,1.2740865511936141
151,A2,0.5579247639838854,-1.1188618673178574,0.5064360703585329,-0.8071726730806158,1.3,0.2,1.2740865511936141,0.25827013003357957,-0.25827013003357957,1.2740865511936141
152,A2,0.43677479504706707,-1.1592051570082056,0.4109675133865671,-0.82078067805689,1.3,0.2,1.2740865511936141,0.25827013003357957,-0.25827013003357957,1.2740865511936141
153,A2,0.3116250493325041,-1.1518862565137846,0.3019147428226756,-0.8183779906396338,1.3,0.2,1.2740865511936141,0.25827013003357957,-0.25827013003357957,1.2740865511936141
154,A2,0.17330292337833197,-1.120659951554678,0.17158852867782973,-0.8077983468318223,1.3,0.2,1.2740865511936141,0.25827013003357957,-0.25827013003357957,1.2740865511936141
155,A2,0.009988452650357277,-1.073521201388753,0.009988120483682002,-0.7907841540054796,1.3,0.2,1.2740865511936141,0.25827013003357957,-0.25827013003357957,1.2740865511936141
156,A2,-0.19151019630352875,-1.010107088691513,-0.1892027557211016,-0.7658063074127881,1.3,0.2,1.2740865511936141,0.25827013003357957,-0.25827013003357957,1.2740865511936141
157,A2,-0.43884558110906235,-0.9268380967710753,-0.4126870896305797,-0.7291163054527058,1.3,0.2,1.2740865511936141,0.25827013003357957,-0.25827013003357957,1.2740865511936141
158,A2,-0.7141080337684287,-0.8223725307311983,-0.6132464124761419,-0.6763591301192875,1.3,0.2,1.2740865511936141,0.25827013003357957,-0.25827013003357957,1.2740865511936141
159,A2,-0.9560123671888914,-0.7033568407691566,-0.7424928907782424,-0.6064941748992408,1.3,0.2,1.2740865511936141,0.25827013003357957,-0.25827013003357957,1.2740865511936141
160,A2,-1.1026395359132632,-0.5809623361660854,-0.8014451452297453,-0.5233645238286321,1.3,0.2,1.2740865511936141,0.25827013003357957,-0.25827013003357957,1.2740865511936141
161,A2,-1.1562799046808148,-0.4598223593086425,-0.8198238177296273,-0.4299394182800358,1.3,0.2,1.2740865511936141,0.25827013003357957,-0.25827013003357957,1.2740865511936141
162,A2,-1.1555670099832693,-0.336044026648943,-0.8195899308106811,-0.32394110296273687,1.3,0.2,1.2740865511936141,0.25827013003357957,-0.25827013003357957,1.2740865511936141
163,A2,-1.1278928191250006,-0.20105340465896177,-0.8102968506665522,-0.19838747656265945,1.3,0.2,1.2740865511936141,0.25827013003357957,-0.25827013003357957,1.2740865511936141
164,A2,-1.0836258792776663,-0.043487342826272285,-0.7945398388149908,-0.04345994986632185,1.3,0.2,1.2740865511936141,0.25827013003357957,-0.25827013003357957,1.2740865511936141
165,A2,-1.0235369299249495,0.14983416984737766,-0.7713032289258844,0.14872287538462794,1.3,0.2,1.2740865511936141,0.25827013003357957,-0.25827013003357957,1.2740865511936141
166,A2,-0.944296394502123,0.38869040061240623,-0.7371899959792991,0.37023068458120023,1.3,0.2,1.2740865511936141,0.25827013003357957,-0.25827013003357957,1.2740865511936141
167,A2,-0.8436243325024918,0.6621000921851398,-0.6877239795719208,0.5797593179532019,1.3,0.2,1.2740865511936141,0.25827013003357957,-0.25827013003357957,1.2740865511936141
168,A2,-0.7264853588699832,0.9162821115646078,-0.6209104186814283,0.7241338309805669,1.3,0.2,1.2740865511936141,0.25827013003357957,-0.25827013003357957,1.2740865511936141
169,A2,-0.6040714752489388,1.0829717898887068,-0.539940401220508,0.7942985464767429,1.3,0.2,1.2740865511936141,0.25827013003357957,-0.25827013003357957,1.2740865511936141
170,A2,-0.48278721475710173,1.1514555733322576,-0.4484730189073151,0.8182357041624,1.3,0.2,1.2740865511936141,0.25827013003357957,-0.25827013003357957,1.2740865511936141
171,A2,-0.360067600250869,1.1583302912894948,-0.34527357689037463,0.8204949876080496,1.3,0.2,1.2740865511936141,0.25827013003357957,-0.25827013003357957,1.2740865511936141
172,A2,-0.22799907365710936,1.1345554806338234,-0.22412879432306093,0.8125726153891997,1.3,0.2,1.2740865511936141,0.25827013003357957,-0.25827013003357957,1.2740865511936141
173,A2,-0.07569624754395718,1.0931736139896868,-0.07555200028316625,0.7980335405579447,1.3,0.2,1.2740865511936141,0.25827013003357957,-0.25827013003357957,1.2740865511936141
174,A2,0.10984843881450004,1.0362766263637313,0.10940872574135747,0.7764134788472913,1.3,0.2,1.2740865511936141,0.25827013003357957,-0.25827013003357957,1.2740865511936141
175,A2,0.33992059619200793,0.9609609657407527,0.32740650453654285,0.7447052015123417,1.3,0.2,1.2740865511936141,0.25827013003357957,-0.25827013003357957,1.2740865511936141
176,A2,0.6094793334345958,0.8642595613503121,0.5437604844449414,0.6984458035741715,1.3,0.2,1.2740865511936141,0.25827013003357957,-0.25827013003357957,1.2740865511936141
177,A2,0.8731856088123335,0.7494433140467514,0.7029890433289946,0.6348167240134186,1.3,0.2,1.2740865511936141,0.25827013003357957,-0.25827013003357957,1.2740865511936141
178,A2,1.0596230836003735,0.6272503789055237,0.7855195582212682,0.5561559828609403,1.3,0.2,1.2740865511936141,0.25827013003357957,-0.25827013003357957,1.2740865511936141
179,A2,1.1444583828417152,0.5057146196832633,0.8159099223910398,0.46659952102851215,1.3,0.2,1.2740865511936141,0.25827013003357957,-0.25827013003357957,1.2740865511936141
180,A2,1.160048578073489,0.3837630127841876,0.8210557119805034,0.36597096113413996,1.3,0.2,1.2740865511936141,0.25827013003357957,-0.25827013003357957,1.2740865511936141
181,A2,1.1406154081356854,0.2542245142103907,0.8146212161174088,0.2488856404087169,1.3,0.2,1.2740865511936141,0.25827013003357957,-0.25827013003357957,1.2740865511936141
182,A2,1.1021776624840272,0.10670951981520027,0.801279878554122,0.10630632519450312,1.3,0.2,1.2740865511936141,0.25827013003357957,-0.25827013003357957,1.2740865511936141
183,A2,1.0483556654392354,-0.07150319919033266,0.7811662528493286,-0.07138158957191616,1.3,0.2,1.2740865511936141,0.25827013003357957,-0.25827013003357957,1.2740865511936141
184,A2,0.9768376845808975,-0.2926982329776409,0.751693701401078,-0.28461637101360626,1.3,0.2,1.2740865511936141,0.25827013003357957,-0.25827013003357957,1.2740865511936141
185,A2,0.8842149284206924,-0.5567659205642469,0.708524599487874,-0.5055739386123123,1.3,0.2,1.2740865511936141,0.25827013003357957,-0.25827013003357957,1.2740865511936141
186,A2,0.7721470165303513,-0.8271356962616561,0.6481761689541842,-0.6789350120094836,1.3,0.2,1.2740865511936141,0.25827013003357957,-0.25827013003357957,1.2740865511936141
187,A2,0.6504839058326866,-1.0324265113762225,0.571995638204497,-0.7748797047498693,1.3,0.2,1.2740865511936141,0.25827013003357957,-0.25827013003357957,1.2740865511936141
188,A2,0.5286436678716272,-1.1349931984724029,0.48434362090824146,-0.8127212665265252,1.3,0.2,1.2740865511936141,0.25827013003357957,-0.25827013003357957,1.2740865511936141
189,A2,0.40719406636874755,-1.160568725503393,0.3860875993535401,-0.8212251387600114,1.3,0.2,1.2740865511936141,0.25827013003357957,-0.25827013003357957,1.2740865511936141
190,A2,0.2798110945445812,-1.1460267992856314,0.27273023524212003,-0.8164335593696462,1.3,0.2,1.2740865511936141,0.25827013003357957,-0.25827013003357957,1.2740865511936141
191,A2,0.13662152328367902,-1.1106450912560706,0.1357777885528154,-0.8042903023824586,1.3,0.2,1.2740865511936141,0.25827013003357957,-0.25827013003357957,1.2740865511936141
192,A2,-0.034731506635112264,-1.0598028046261432,-0.034717548091277875,-0.7855883742940193,1.3,0.2,1.2740865511936141,0.25827013003357957,-0.25827013003357957,1.2740865511936141
193,A2,-0.2471271726952994,-0.9919410768020837,-0.24221626808461938,-0.7581887878277039,1.3,0.2,1.2740865511936141,0.25827013003357957,-0.25827013003357957,1.2740865511936141
194,A2,-0.5044220064691838,-0.9034409107826031,-0.4655877195593962,-0.7179691834868176,1.3,0.2,1.2740865511936141,0.25827013003357957,-0.25827013003357957,1.2740865511936141
195,A2,-0.7786290462707741,-0.7945074799793715,-0.6519191099548958,-0.6609549393948324,1.3,0.2,1.2740865511936141,0.25827013003357957,-0.25827013003357957,1.2740865511936141
196,A2,-1.0013062886034838,-0.6737425659285199,-0.7621422180941679,-0.5874363478006979,1.3,0.2,1.2740865511936141,0.25827013003357957,-0.25827013003357957,1.2740865511936141
197,A2,-1.122752412103587,-0.5516061806439021,-0.8085241690984879,-0.5017230426636471,1.3,0.2,1.2740865511936141,0.25827013003357957,-0.25827013003357957,1.2740865511936141
198,A2,-1.1597098456329582,-0.4304209387933343,-0.820945299377369,-0.4056730333697737,1.3,0.2,1.2740865511936141,0.25827013003357957,-0.25827013003357957,1.2740865511936141
199,A2,-1.1507285922818493,-0.3048369067776978,-0.8179953009938626,-0.2957327819055013,1.3,0.2,1.2740865511936141,0.25827013003357957,-0.25827013003357957,1.2740865511936141
200,A2,-1.1185757559737788,-0.16552540741833144,-0.8070729481815309,-0.1640300685811825,1.3,0.2,1.2740865511936141,0.25827013003357957,-0.25827013003357957,1.2740865511936141
201,A2,-1.0706448562521482,-0.0005456690972223954,-0.7897040475263323,-0.0005456690430638775,1.3,0.2,1.2740865511936141,0.25827013003357957,-0.25827013003357957,1.2740865511936141
202,A2,-1.0062922363911702,0.20326173745349957,-0.7642240960669884,0.20050796225498635,1.3,0.2,1.2740865511936141,0.25827013003357957,-0.25827013003357957,1.2740865511936141
203,A2,-0.9219024254126831,0.4528407547823308,-0.726796158619555,0.42423130760814703,1.3,0.2,1.2740865511936141,0.25827013003357957,-0.25827013003357957,1.2740865511936141
204,A2,-0.8164349361760842,0.7282171420133999,-0.6731248066416005,0.6219734038342593,1.3,0.2,1.2740865511936141,0.25827013003357957,-0.25827013003357957,1.2740865511936141
205,A2,-0.6969821115311629,0.9662959803654987,-0.6024487094384505,0.7470720665437955,1.3,0.2,1.2740865511936141,0.25827013003357957,-0.25827013003357957,1.2740865511936141
206,A2,-0.5746253987087582,1.1074289792811014,-0.5187480908653511,0.8031516969270263,1.3,0.2,1.2740865511936141,0.25827013003357957,-0.25827013003357957,1.2740865511936141
207,A2,-0.4534998728268736,1.157261912505519,-0.424771651558183,0.8201455480828328,1.3,0.2,1.2740865511936141,0.25827013003357957,-0.25827013003357957,1.2740865511936141
208,A2,-0.3293767512287663,1.154642242516163,-0.31796064901533183,0.8192861250484555,1.3,0.2,1.2740865511936141,0.25827013003357957,-0.25827013003357957,1.2740865511936141
209,A2,-0.19351225266825522,1.125961171670518,-0.19113240958659833,0.809632447099401,1.3,0.2,1.2740865511936141,0.25827013003357957,-0.25827013003357957,1.2740865511936141
210,A2,-0.03441535515974681,1.0809056045368841,-0.03440177422044631,0.7935346859626395,1.3,0.2,1.2740865511936141,0.25827013003357957,-0.25827013003357957,1.2740865511936141
211,A2,0.16111546865825682,1.0199168219919474,0.15973570448705524,0.7698326548778105,1.3,0.2,1.2740865511936141,0.25827013003357957,-0.25827013003357957,1.2740865511936141
212,A2,0.40234189271178245,0.9395784710806162,0.381950991427283,0.7350285221671842,1.3,0.2,1.2740865511936141,0.25827013003357957,-0.25827013003357957,1.2740865511936141
213,A2,0.6764745333910771,0.8378434226145477,0.5892226926629301,0.684665106524857,1.3,0.2,1.2740865511936141,0.25827013003357957,-0.25827013003357957,1.2740865511936141
214,A2,0.927549254471557,0.7201439828420727,0.7294492315068364,0.6169984812265575,1.3,0.2,1.2740865511936141,0.25827013003357957,-0.25827013003357957,1.2740865511936141
215,A2,1.0887337336182816,0.5977145191634773,0.7964155091073465,0.5354212738992272,1.3,0.2,1.2740865511936141,0.25827013003357957,-0.25827013003357957,1.2740865511936141
216,A2,1.1529856113483836,0.47648270720004404,0.8187407342776637,0.4434223111907249,1.3,0.2,1.2740865511936141,0.25827013003357957,-0.25827013003357957,1.2740865511936141
217,A2,1.1576692964285749,0.35350212728161157,0.8202788652547959,0.3394777439784481,1.3,0.2,1.2740865511936141,0.25827013003357957,-0.25827013003357957,1.2740865511936141
218,A2,1.1327832315303143,0.2206704988393364,0.8119696690823652,0.21715703444048212,1.3,0.2,1.2740865511936141,0.25827013003357957,-0.25827013003357957,1.2740865511936141
219,A2,1.0906048108776207,0.06696934506048169,0.7970987848709382,0.06686940755400812,1.3,0.2,1.2740865511936141,0.25827013003357957,-0.25827013003357957,1.2740865511936141
220,A2,1.0328432123610762,-0.12066939396737905,0.775046148643522,-0.12008709217114585,1.3,0.2,1.2740865511936141,0.25827013003357957,-0.25827013003357957,1.2740865511936141
221,A2,0.9564609656307218,-0.3531726186993923,0.7426941117948433,-0.3391861770541095,1.3,0.2,1.2740865511936141,0.25827013003357957,-0.25827013003357957,1.2740865511936141
222,A2,0.8586549214351389,-0.6239682513638449,0.6955640050263106,-0.5538849110710771,1.3,0.2,1.2740865511936141,0.25827013003357957,-0.25827013003357957,1.2740865511936141
223,A2,0.7431568162924249,-0.885340722129553,0.6310486483789863,-0.7090847896788648,1.3,0.2,1.2740865511936141,0.25827013003357957,-0.25827013003357957,1.2740865511936141
224,A2,0.6208751752133805,-1.0664164106601495,0.5517370822684163,-0.7881072754993207,1.3,0.2,1.2740865511936141,0.25827013003357957,-0.25827013003357957,1.2740865511936141
225,A2,0.4994162277893742,-1.1466140885933367,0.46165792709350945,-0.8166292890385478,1.3,0.2,1.2740865511936141,0.25827013003357957,-0.25827013003357957,1.2740865511936141
226,A2,0.37728120349254707,-1.1596888473362899,0.36034402215040334,-0.8209384527895907,1.3,0.2,1.2740865511936141,0.25827013003357957,-0.25827013003357957,1.2740865511936141
227,A2,0.24708559147330947,-1.139012739514519,0.24217712598551855,-0.8140813864529954,1.3,0.2,1.2740865511936141,0.25827013003357957,-0.25827013003357957,1.2740865511936141
228,A2,0.09830171368773882,-1.0997572638762514,0.09798629555930942,-0.8004118136818079,1.3,0.2,1.2740865511936141,0.25827013003357957,-0.25827013003357957,1.2740865511936141
229,A2,-0.08187944182661512,-1.045100860524092,-0.08169695130391767,-0.779894367983772,1.3,0.2,1.2740865511936141,0.25827013003357957,-0.25827013003357957,1.2740865511936141
230,A2,-0.30551240676146624,-0.9725530433631576,-0.2963490808836633,-0.7498240583244833,1.3,0.2,1.2740865511936141,0.25827013003357957,-0.25827013003357957,1.2740865511936141
231,A2,-0.5712315354582347,-0.8788026328174847,-0.5162631494482512,-0.7058189657528249,1.3,0.2,1.2740865511936141,0.25827013003357957,-0.25827013003357957,1.2740865511936141
232,A2,-0.8400558916540245,-0.7659391011035152,-0.6858386649992771,-0.6445619028619491,1.3,0.2,1.2740865511936141,0.25827013003357957,-0.25827013003357957,1.2740865511936141
233,A2,-1.0402889058310085,-0.6440960106567543,-0.7780021270091214,-0.5676820256360398,1.3,0.2,1.2740865511936141,0.25827013003357957,-0.25827013003357957,1.2740865511936141
234,A2,-1.1378573574010935,-0.5223413237081795,-0.8136913423066383,-0.47950503000313877,1.3,0.2,1.2740865511936141,0.25827013003357957,-0.25827013003357957,1.2740865511936141
235,A2,-1.1605550225062335,-0.4007787411719561,-0.821220677160942,-0.3806150861776027,1.3,0.2,1.2740865511936141,0.25827013003357957,-0.25827013003357957,1.2740865511936141
236,A2,-1.1446077281327005,-0.27283979140366127,-0.8159598410944109,-0.26626528305853603,1.3,0.2,1.2740865511936141,0.25827013003357957,-0.25827013003357957,1.2740865511936141
237,A2,-1.1083718291314235,-0.12850696193300923,-0.8034861056538825,-0.12780421397941125,1.3,0.2,1.2740865511936141,0.25827013003357957,-0.25827013003357957,1.2740865511936141
238,A2,-1.056718852247845,0.04468283077036392,-0.7844048166582013,0.04465311725150349,1.3,0.2,1.2740865511936141,0.25827013003357957,-0.25827013003357957,1.2740865511936141
239,A2,-0.9878670611967564,0.25948027015629194,-0.7564513639935209,0.25380934753314666,1.3,0.2,1.2740865511936141,0.25827013003357957,-0.25827013003357957,1.2740865511936141
240,A2,-0.8982331363050865,0.5187438684018935,-0.7154364642916485,0.4767299448289138,1.3,0.2,1.2740865511936141,0.25827013003357957,-0.25827013003357957,1.2740865511936141
241,A2,-0.788402872545635,0.7921710799211612,-0.6575033155269792,0.6596371898678232,1.3,0.2,1.2740865511936141,0.25827013003357957,-0.25827013003357957,1.2740865511936141
242,A2,-0.6673515488759878,1.0102483390764045,-0.5832350364123695,0.7658647138775234,1.3,0.2,1.2740865511936141,0.25827013003357957,-0.25827013003357957,1.2740865511936141
243,A2,-0.5452919368366396,1.1264101206794601,-0.496983305762139,0.8097870517165492,1.3,0.2,1.2740865511936141,0.25827013003357957,-0.25827013003357957,1.2740865511936141
244,A2,-0.4240559388929429,1.1600947349264887,-0.400341831637191,0.8210707524296172,1.3,0.2,1.2740865511936141,0.25827013003357957,-0.25827013003357957,1.2740865511936141
245,A2,-0.298012093572397,1.1495115401638156,-0.2894923540851353,0.8175921971930002,1.3,0.2,1.2740865511936141,0.25827013003357957,-0.25827013003357957,1.2740865511936141
246,A2,-0.1576786719297744,1.116450450737734,-0.15638477293100395,0.8063307240945186,1.3,0.2,1.2740865511936141,0.25827013003357957,-0.25827013003357957,1.2740865511936141
247,A2,0.009003404959102401,1.067724647023197,0.009003161691084203,0.7886024383380392,1.3,0.2,1.2740865511936141,0.25827013003357957,-0.25827013003357957,1.2740865511936141
248,A2,0.21514326152319524,1.0024225131843174,0.21188417082733227,0.7626096737470823,1.3,0.2,1.2740865511936141,0.25827013003357957,-0.25827013003357957,1.2740865511936141
249,A2,0.466918072065439,0.9169073767796752,0.43570581493355226,0.7244310913656132,1.3,0.2,1.2740865511936141,0.25827013003357957,-0.25827013003357957,1.2740865511936141
250,A2,0.7422258312510577,0.8104581132961649,0.630488073257848,0.6698428997928556,1.3,0.2,1.2740865511936141,0.25827013003357957,-0.25827013003357957,1.2740865511936141
251,A2,0.976296787657369,0.6906015933736837,0.7514583390527364,0.5983683355987987,1.3,0.2,1.2740865511936141,0.25827013003357957,-0.25827013003357957,1.2740865511936141
252,A2,1.1119636314124608,0.5682938061045685,0.8047554079623185,0.514105139445368,1.3,0.2,1.2740865511936141,0.25827013003357957,-0.25827013003357957,1.2740865511936141
253,A2,1.158106043500607,0.44717016020720657,0.8204216926425322,0.4195700991817215,1.3,0.2,1.2740865511936141,0.25827013003357957,-0.25827013003357957,1.2740865511936141
254,A2,1.1536506689772161,0.322678203409246,0.818959860227938,0.31192655589881874,1.3,0.2,1.2740865511936141,0.25827013003357957,-0.25827013003357957,1.2740865511936141
255,A2,1.1239870560367322,0.18590856023747637,0.8089512857198408,0.18379597144460316,1.3,0.2,1.2740865511936141,0.25827013003357957,-0.25827013003357957,1.2740865511936141
256,A2,1.0781429631510775,0.025244021627439772,0.7925094273757115,0.025238660653612747,1.3,0.2,1.2740865511936141,0.25827013003357957,-0.25827013003357957,1.2740865511936141
257,A2,1.0162439952824283,-0.17252527475225526,0.7683322651493102,-0.17083367549509992,1.3,0.2,1.2740865511936141,0.25827013003357957,-0.25827013003357957,1.2740865511936141
258,A2,0.9348005702906284,-0.41609416246838793,0.7328242387261755,-0.39363488140871233,1.3,0.2,1.2740865511936141,0.25827013003357957,-0.25827013003357957,1.2740865511936141
259,A2,0.8320173749425379,-0.6907915199111019,0.6815577539758702,-0.5984902460966339,1.3,0.2,1.2740865511936141,0.25827013003357957,-0.25827013003357957,1.2740865511936141
260,A2,0.7137914145191755,-0.93855438331702,0.6130488262381466,-0.7345573606595963,1.3,0.2,1.2740865511936141,0.25827013003357957,-0.25827013003357957,1.2740865511936141
261,A2,0.5913630396803765,-1.0942218543661282,0.5308752120310098,-0.7984138828480384,1.3,0.2,1.2740865511936141,0.25827013003357957,-0.25827013003357957,1.2740865511936141
262,A2,0.4701745106669899,-1.1543576004658125,0.4383403054158553,-0.8191925213855847,1.3,0.2,1.2740865511936141,0.25827013003357957,-0.25827013003357957,1.2740865511936141
263,A2,0.34691052895565166,-1.1569323820144728,0.33363280073299906,-0.8200376434007646,1.3,0.2,1.2740865511936141,0.25827013003357957,-0.25827013003357957,1.2740865511936141
264,A2,0.21328583565742743,-1.130966319758198,0.21010943749193342,-0.8113497237820091,1.3,0.2,1.2740865511936141,0.25827013003357957,-0.25827013003357957,1.2740865511936141
265,A2,0.05815020992343936,-1.0879947631276354,0.05808475450632055,-0.7961450919939408,1.3,0.2,1.2740865511936141,0.25827013003357957,-0.25827013003357957,1.2740865511936141
266,A2,-0.13161549188898558,-1.0293593116075987,-0.1308607453110783,-0.7736512541643021,1.3,0.2,1.2740865511936141,0.25827013003357957,-0.25827013003357957,1.2740865511936141
267,A2,-0.36653892569367386,-0.9519012365370266,-0.35096064431441293,-0.7406425710982459,1.3,0.2,1.2740865511936141,0.25827013003357957,-0.25827013003357957,1.2740865511936141
268,A2,-0.6384400900651878,-0.8530000878339831,-0.5638364922193561,-0.6926335372578665,1.3,0.2,1.2740865511936141,0.25827013003357957,-0.25827013003357957,1.2740865511936141
269,A2,-0.8972630455420718,-0.7368529505627383,-0.7149625850983673,-0.627240022730161,1.3,0.2,1.2740865511936141,0.25827013003357957,-0.25827013003357957,1.2740865511936141
270,A2,-1.0729215765132338,-0.6145045975083754,-0.7905593917472641,-0.547290226356226,1.3,0.2,1.2740865511936141,0.25827013003357957,-0.25827013003357957,1.2740865511936141
271,A2,-1.1485898068721228,-0.493117240094343,-0.8172863725897043,-0.45668704082788236,1.3,0.2,1.2740865511936141,0.25827013003357957,-0.25827013003357957,1.2740865511936141
272,A2,-1.1592421972096232,-0.3707781590997985,-0.8207927646138256,-0.3546721727787253,1.3,0.2,1.2740865511936141,0.25827013003357957,-0.25827013003357957,1.2740865511936141
273,A2,-1.1373622508943544,-0.23989679137255776,-0.8135239752371282,-0.23539826231161765,1.3,0.2,1.2740865511936141,0.25827013003357957,-0.25827013003357957,1.2740865511936141
274,A2,-1.097296295740092,-0.08980881731565099,-0.7995257435251584,-0.0895681390664107,1.3,0.2,1.2740865511936141,0.25827013003357957,-0.25827013003357957,1.2740865511936141
275,A2,-1.0417977720820268,0.0923760563454838,-0.7785969968965796,0.09211419150562794,1.3,0.2,1.2740865511936141,0.25827013003357957,-0.25827013003357957,1.2740865511936141
276,A2,-0.9682096183275716,0.3184498002036278,-0.7479164630524138,0.3081045503530277,1.3,0.2,1.2740865511936141,0.25827013003357957,-0.25827013003357957,1.2740865511936141
277,A2,-0.873336104707762,0.58571634613315,-0.7030651570636456,0.5268077678990691,1.3,0.2,1.2740865511936141,0.25827013003357957,-0.25827013003357957,1.2740865511936141
278,A2,-0.7597071505096245,0.8527794216814377,-0.6409044344968662,0.6925187162064043,1.3,0.2,1.2740865511936141,0.25827013003357957,-0.25827013003357957,1.2740865511936141
279,A2,-0.6377108217074902,1.0478552544050503,-0.5633388621934277,0.7809711267346799,1.3,0.2,1.2740865511936141,0.25827013003357957,-0.25827013003357957,1.2740865511936141
280,A2,-0.5160409536311219,1.1405184106348445,-0.47463863570581105,0.8145885843291659,1.3,0.2,1.2740865511936141,0.25827013003357957,-0.25827013003357957,1.2740865511936141
281,A2,-0.3943468028310958,1.160441342212336,-0.37510150715461826,0.821183659788173,1.3,0.2,1.2740865511936141,0.25827013003357957,-0.25827013003357957,1.2740865511936141
282,A2,-0.2658245750032121,1.1431365720246784,-0.2597353356398601,0.8154675761297872,1.3,0.2,1.2740865511936141,0.25827013003357957,-0.25827013003357957,1.2740865511936141
283,A2,-0.12031438108329709,1.1060581505914386,-0.11973718399306175,0.8026645889212614,1.3,0.2,1.2740865511936141,0.25827013003357957,-0.25827013003357957,1.2740865511936141
284,A2,0.054748751950688596,1.0535886959436727,0.054694115682414175,0.7831976570868362,1.3,0.2,1.2740865511936141,0.25827013003357957,-0.25827013003357957,1.2740865511936141
285,A2,0.2719615979582037,0.9837357454513171,0.265449160444138,0.7546785339782124,1.3,0.2,1.2740865511936141,0.25827013003357957,-0.25827013003357957,1.2740865511936141
286,A2,0.5331161284516163,0.8929681814309414,0.4877594703669602,0.7128566795223461,1.3,0.2,1.2740865511936141,0.25827013003357957,-0.25827013003357957,1.2740865511936141
287,A2,0.8055573687274062,0.7822674064711728,0.6671321910845671,0.6540062127901523,1.3,0.2,1.2740865511936141,0.25827013003357957,-0.25827013003357957,1.2740865511936141
288,A2,1.0188944221492569,0.660960202372004,0.7694158445297798,0.5790020687830332,1.3,0.2,1.2740865511936141,0.25827013003357957,-0.25827013003357957,1.2740865511936141
289,A2,1.1298413193849748,0.5389816187331399,0.8109649470256726,0.4922167029280768,1.3,0.2,1.2740865511936141,0.25827013003357957,-0.25827013003357957,1.2740865511936141
290,A2,1.1603644043647854,0.4176786591525296,0.8211586028259648,0.39497302709642634,1.3,0.2,1.2740865511936141,0.25827013003357957,-0.25827013003357957,1.2740865511936141
291,A2,1.1482368673254508,0.2911490827777333,0.8171691476800674,0.28319208516878824,1.3,0.2,1.2740865511936141,0.25827013003357957,-0.25827013003357957,1.2740865511936141
292,A2,1.1142842777705457,0.14976084508726925,0.805571605423123,0.1486511716759559,1.3,0.2,1.2740865511936141,0.25827013003357957,-0.25827013003357957,1.2740865511936141
293,A2,1.0647601059314429,-0.018660624632480943,0.7874789036302908,-0.018658458940000913,1.3,0.2,1.2740865511936141,0.25827013003357957,-0.25827013003357957,1.2740865511936141
294,A2,0.9984973578473854,-0.2271547704407493,0.7609623622556447,-0.2233267520130416,1.3,0.2,1.2740865511936141,0.25827013003357957,-0.25827013003357957,1.2740865511936141
295,A2,0.9118532824320549,-0.481071459511993,0.7220205826092543,-0.4471012960131886,1.3,0.2,1.2740865511936141,0.25827013003357957,-0.25827013003357957,1.2740865511936141
296,A2,0.8044438041279206,-0.7561220980290516,0.6665137763533937,-0.6387871169358814,1.3,0.2,1.2740865511936141,0.25827013003357957,-0.25827013003357957,1.2740865511936141
297,A2,0.6842166068823218,-0.9860106744517122,0.5942537954668664,-0.7556561205754629,1.3,0.2,1.2740865511936141,0.25827013003357957,-0.25827013003357957,1.2740865511936141
298,A2,0.5619673642784001,-1.1162493055805132,0.5094356771715534,-0.8062603459169638,1.3,0.2,1.2740865511936141,0.25827013003357957,-0.25827013003357957,1.2740865511936141
299,A2,0.4408321806015947,-1.1588174820803565,0.4143339977299264,-0.8206541320715676,1.3,0.2,1.2740865511936141,0.25827013003357957,-0.25827013003357957,1.2740865511936141
300,A2,0.3159469248072666,-1.152594488324893,0.3058375254720775,-0.8186117539531925,1.3,0.2,1.2740865511936141,0.25827013003357957,-0.25827013003357957,1.2740865511936141
301,A2,0.17824051391380066,-1.1219709238336,0.1763766480277006,-0.8082533775213141,1.3,0.2,1.2740865511936141,0.25827013003357957,-0.25827013003357957,1.2740865511936141
302,A2,0.015971410284193355,-1.0753375780777223,0.015970052395308288,-0.7914637016382114,1.3,0.2,1.2740865511936141,0.25827013003357957,-0.25827013003357957,1.2740865511936141
303,A2,-0.18406420416023944,-1.0125178455239399,-0.1820133172125023,-0.7668014144124252,1.3,0.2,1.2740865511936141,0.25827013003357957,-0.25827013003357957,1.2740865511936141
304,A2,-0.42994262060881616,-0.929962766434796,-0.4052733547771886,-0.7305765361233298,1.3,0.2,1.2740865511936141,0.25827013003357957,-0.25827013003357957,1.2740865511936141
305,A2,-0.7050394278627887,-0.8261477372549006,-0.607556761908597,-0.6784020981404055,1.3,0.2,1.2740865511936141,0.25827013003357957,-0.25827013003357957,1.2740865511936141
306,A2,-0.9492908975362598,-0.7074292256413071,-0.739461857232474,-0.6090622363376776,1.3,0.2,1.2740865511936141,0.25827013003357957,-0.25827013003357957,1.2740865511936141
307,A2,-1.0994409903980222,-0.5850170941354383,-0.8002981349025932,-0.5263023907238592,1.3,0.2,1.2740865511936141,0.25827013003357957,-0.25827013003357957,1.2740865511936141
308,A2,-1.1555772775139617,-0.46386169451539183,-0.8195933013286985,-0.4332263646266522,1.3,0.2,1.2740865511936141,0.25827013003357957,-0.25827013003357957,1.2740865511936141
309,A2,-1.1561222321973703,-0.34029141628450477,-0.8197721119879827,-0.3277375343569572,1.3,0.2,1.2740865511936141,0.25827013003357957,-0.25827013003357957,1.2740865511936141
310,A2,-1.1291054385427304,-0.20584333488451573,-0.8107128782461038,-0.20298448315571907,1.3,0.2,1.2740865511936141,0.25827013003357957,-0.25827013003357957,1.2740865511936141
311,A2,-1.0853432039122533,-0.04923687960516959,-0.7951721640565643,-0.0491971303147532,1.3,0.2,1.2740865511936141,0.25827013003357957,-0.25827013003357957,1.2740865511936141
312,A2,-1.025824309351661,0.14268781611862502,-0.7722281930046924,0.14172727221362166,1.3,0.2,1.2740865511936141,0.25827013003357957,-0.25827013003357957,1.2740865511936141
313,A2,-0.9472816341359085,0.3800162872876498,-0.7385499130561854,0.3627216120802109,1.3,0.2,1.2740865511936141,0.25827013003357957,-0.25827013003357957,1.2740865511936141
314,A2,-0.8472963536921532,0.6528841098599738,-0.6896543823386354,0.5736083286843334,1.3,0.2,1.2740865511936141,0.25827013003357957,-0.25827013003357957,1.2740865511936141
315,A2,-0.7305334758717471,0.9089437842341829,-0.6233916160678495,0.720624917785774,1.3,0.2,1.2740865511936141,0.25827013003357957,-0.25827013003357957,1.2740865511936141
316,A2,-0.6081389829369306,1.0791419499495454,-0.5428157547219187,0.7928806852936021,1.3,0.2,1.2740865511936141,0.25827013003357957,-0.25827013003357957,1.2740865511936141
317,A2,-0.4868168551753158,1.1503917133900603,-0.4516863611147185,0.8178838025429973,1.3,0.2,1.2740865511936141,0.25827013003357957,-0.25827013003357957,1.2740865511936141
318,A2,-0.3642525620187066,1.1587118484786192,-0.34895429331966915,0.8206196368798804,1.3,0.2,1.2740865511936141,0.25827013003357957,-0.25827013003357957,1.2740865511936141
319,A2,-0.2326564317747865,1.1356649137054895,-0.22854755157347234,0.8129491787412376,1.3,0.2,1.2740865511936141,0.25827013003357957,-0.25827013003357957,1.2740865511936141
320,A2,-0.08122887166379889,1.0947946213018414,-0.08105068904389062,0.7986214361268198,1.3,0.2,1.2740865511936141,0.25827013003357957,-0.25827013003357957,1.2740865511936141
321,A2,0.10299446928028116,1.038445803262788,0.10263182429650021,0.7772735871800086,1.3,0.2,1.2740865511936141,0.25827013003357957,-0.25827013003357957,1.2740865511936141
322,A2,0.3315083774932846,0.9638070894174255,0.31987546933663186,0.7459702206540996,1.3,0.2,1.2740865511936141,0.25827013003357957,-0.25827013003357957,1.2740865511936141
323,A2,0.6002108594280603,0.8678163466661969,0.537199592886625,0.7002629727000548,1.3,0.2,1.2740865511936141,0.25827013003357957,-0.25827013003357957,1.2740865511936141
324,A2,0.8652957856204777,0.7534530271071862,0.6989761461200306,0.6372044630671201,1.3,0.2,1.2740865511936141,0.25827013003357957,-0.25827013003357957,1.2740865511936141
325,A2,1.0551269869109958,0.6313289766055752,0.7837916464759009,0.5589666405359162,1.3,0.2,1.2740865511936141,0.25827013003357957,-0.25827013003357957,1.2740865511936141
326,A2,1.1429827826484893,0.5097419088181218,0.8154160482843394,0.4697440824102611,1.3,0.2,1.2740865511936141,0.25827013003357957,-0.25827013003357957,1.2740865511936141
327,A2,1.1602314859931222,0.3878970090798345,0.8211153067797966,0.3695458428085397,1.3,0.2,1.2740865511936141,0.25827013003357957,-0.25827013003357957,1.2740865511936141
328,A2,1.1416146222228878,0.25876383131728914,0.8149570705257858,0.25313893930860626,1.3,0.2,1.2740865511936141,0.25827013003357957,-0.25827013003357957,1.2740865511936141
329,A2,1.1037040701288456,0.11204184958003197,0.8018255891482218,0.11157535737029445,1.3,0.2,1.2740865511936141,0.25827013003357957,-0.25827013003357957,1.2740865511936141
330,A2,1.0504117815932148,-0.06493093690344934,0.7819663980389372,-0.06483984034157052,1.3,0.2,1.2740865511936141,0.25827013003357957,-0.25827013003357957,1.2740865511936141
331,A2,0.9795466772303484,-0.28457013186414226,0.7528695981835842,-0.2771295436673473,1.3,0.2,1.2740865511936141,0.25827013003357957,-0.25827013003357957,1.2740865511936141
332,A2,0.8876467465691324,-0.5475307535461937,0.7102294684034188,-0.498667275255742,1.3,0.2,1.2740865511936141,0.25827013003357957,-0.25827013003357957,1.2740865511936141
333,A2,0.7761029519303946,-0.8187763260819361,0.6504642091361547,-0.6744033024862075,1.3,0.2,1.2740865511936141,0.25827013003357957,-0.25827013003357957,1.2740865511936141
334,A2,0.6545694722649767,-1.02724365365402,0.5747380689387607,-0.7728005029917956,1.3,0.2,1.2740865511936141,0.25827013003357957,-0.25827013003357957,1.2740865511936141
335,A2,0.5326747576961565,-1.1330524034175693,0.48742303341215265,-0.8120613573177115,1.3,0.2,1.2740865511936141,0.25827013003357957,-0.25827013003357957,1.2740865511936141
336,A2,0.41128793926272883,-1.1605232643232466,0.3895657077687496,-0.8212103365348733,1.3,0.2,1.2740865511936141,0.25827013003357957,-0.25827013003357957,1.2740865511936141
337,A2,0.28424632867260413,-1.1469062314823224,0.2768305819977667,-0.8167265834711543,1.3,0.2,1.2740865511936141,0.25827013003357957,-0.25827013003357957,1.2740865511936141
338,A2,0.1417700405674794,-1.1120774264127413,0.14082781492762314,-0.8047955020905507,1.3,0.2,1.2740865511936141,0.25827013003357957,-0.25827013003357957,1.2740865511936141
339,A2,-0.028427813942098562,-1.061750743748385,-0.028420158526492267,-0.786333004119433,1.3,0.2,1.2740865511936141,0.25827013003357957,-0.25827013003357957,1.2740865511936141
340,A2,-0.23929606898501554,-0.9945162272700302,-0.23483074717491495,-0.7592814766005205,1.3,0.2,1.2740865511936141,0.25827013003357957,-0.25827013003357957,1.2740865511936141
341,A2,-0.49529442247601163,-0.9067405502984041,-0.45840842912380836,-0.7195641413484961,1.3,0.2,1.2740865511936141,0.25827013003357957,-0.25827013003357957,1.2740865511936141
342,A2,-0.7698939388540125,-0.7983937906150047,-0.6468677735324528,-0.6631378526142772,1.3,0.2,1.2740865511936141,0.25827013003357957,-0.25827013003357957,1.2740865511936141
343,A2,-0.9954342300831328,-0.6778283956185049,-0.7596699722173849,-0.5901058113974373,1.3,0.2,1.2740865511936141,0.25827013003357957,-0.25827013003357957,1.2740865511936141
344,A2,-1.1202919995909837,-0.5556458155754804,-0.8076704595625621,-0.5047396659712268,1.3,0.2,1.2740865511936141,0.25827013003357957,-0.25827013003357957,1.2740865511936141
345,A2,-1.1594012494885204,-0.4344848656523932,-0.8208446564762952,-0.40906255060212443,1.3,0.2,1.2740865511936141,0.25827013003357957,-0.25827013003357957,1.2740865511936141
346,A2,-1.1514757755714682,-0.3091814381536222,-0.8182423806967873,-0.2996922376842661,1.3,0.2,1.2740865511936141,0.25827013003357957,-0.25827013003357957,1.2740865511936141
347,A2,-1.119913166059192,-0.1705062834690985,-0.8075387107985901,-0.16887293312688556,1.3,0.2,1.2740865511936141,0.25827013003357957,-0.25827013003357957,1.2740865511936141
348,A2,-1.0724890453945457,-0.006595605112482389,-0.7903971302491234,-0.0065955094734604335,1.3,0.2,1.2740865511936141,0.25827013003357957,-0.25827013003357957,1.2740865511936141
349,A2,-1.0087377768417838,0.1957327196892032,-0.7652394471615374,0.19327084832420385,1.3,0.2,1.2740865511936141,0.25827013003357957,-0.25827013003357957,1.2740865511936141
350,A2,-0.9250652009429587,0.4438822801128838,-0.7282848258776122,0.4168572818895522,1.3,0.2,1.2740865511936141,0.25827013003357957,-0.25827013003357957,1.2740865511936141
351,A2,-0.8202361176899896,0.7192064733034975,-0.6751983686479384,0.6164175336253993,1.3,0.2,1.2740865511936141,0.25827013003357957,-0.25827013003357957,1.2740865511936141
352,A2,-0.701058924317796,0.9597528599812225,-0.6050394881719324,0.7441666097972482,1.3,0.2,1.2740865511936141,0.25827013003357957,-0.25827013003357957,1.2740865511936141
353,A2,-0.5786766677419435,1.1043962966756355,-0.5217029390565748,0.8020726292861534,1.3,0.2,1.2740865511936141,0.25827013003357957,-0.25827013003357957,1.2740865511936141
354,A2,-0.4575432961080538,1.1566502359630317,-0.42807981620541374,0.8199452083887774,1.3,0.2,1.2740865511936141,0.25827013003357957,-0.25827013003357957,1.2740865511936141
355,A2,-0.3336433810737718,1.1552413925199096,-0.32179070778242386,0.8194830110721183,1.3,0.2,1.2740865511936141,0.25827013003357957,-0.25827013003357957,1.2740865511936141
356,A2,-0.1983412292547552,1.1272012112811978,-0.1957806496066168,0.8100592062430325,1.3,0.2,1.2740865511936141,0.25827013003357957,-0.25827013003357957,1.2740865511936141
357,A2,-0.04022739611645357,1.0826498341767816,-0.040205710913720986,0.7941796855091976,1.3,0.2,1.2740865511936141,0.25827013003357957,-0.25827013003357957,1.2740865511936141
358,A2,0.15388733509013758,1.0222375907242218,0.1526839812782114,0.7707763501489289,1.3,0.2,1.2740865511936141,0.25827013003357957,-0.25827013003357957,1.2740865511936141
359,A2,0.3936011153090384,0.942602070004082,0.3744605595577976,0.7364154839335089,1.3,0.2,1.2740865511936141,0.25827013003357957,-0.25827013003357957,1.2740865511936141
360,A2,0.667289285679274,0.8415450867609813,0.5831939513662328,0.6866265751301107,1.3,0.2,1.2740865511936141,0.25827013003357957,-0.25827013003357957,1.2740865511936141
361,A2,0.9203747050165448,0.7242001074112516,0.7260746294438543,0.6195042067643494,1.3,0.2,1.2740865511936141,0.25827013003357957,-0.25827013003357957,1.2740865511936141
362,A2,1.0850813525746796,0.6017785892857782,0.7950758609480565,0.5383139625106012,1.3,0.2,1.2740865511936141,0.25827013003357957,-0.25827013003357957,1.2740865511936141
363,A2,1.1520258787091073,0.4805142339608855,0.8184240966432965,0.44665534855399647,1.3,0.2,1.2740865511936141,0.25827013003357957,-0.25827013003357957,1.2740865511936141
364,A2,1.1581008696572412,0.35770307474866386,0.8204200012632917,0.3431892377729171,1.3,0.2,1.2740865511936141,0.25827013003357957,-0.25827013003357957,1.2740865511936141
365,A2,1.1339216190055443,0.22536281195244132,0.8123571653349344,0.22162348735411336,1.3,0.2,1.2740865511936141,0.25827013003357957,-0.25827013003357957,1.2740865511936141
366,A2,1.0922520660164492,0.07255991394174025,0.7976986411534404,0.07243284032443073,1.3,0.2,1.2740865511936141,0.25827013003357957,-0.25827013003357957,1.2740865511936141
367,A2,1.0350443496883115,-0.11373602405619707,0.775923572124082,-0.11324812316594096,1.3,0.2,1.2740865511936141,0.25827013003357957,-0.25827013003357957,1.2740865511936141
368,A2,0.9593451805012747,-0.34468579254224957,0.7439846414715076,-0.331654236295916,1.3,0.2,1.2740865511936141,0.25827013003357957,-0.25827013003357957,1.2740865511936141
369,A2,0.8622444432591169,-0.6147052122068479,0.6974122603078633,-0.5474307361887003,1.3,0.2,1.2740865511936141,0.25827013003357957,-0.25827013003357957,1.2740865511936141
370,A2,0.7471785740759548,-0.8775948938447669,0.6334627124108814,-0.705212381895134,1.3,0.2,1.2740865511936141,0.25827013003357957,-0.25827013003357957,1.2740865511936141
371,A2,0.6249510289919854,-1.0621061086135877,0.5545658129648093,-0.7864686020291599,1.3,0.2,1.2740865511936141,0.25827013003357957,-0.25827013003357957,1.2740865511936141
372,A2,0.5034434959368181,-1.1452568534079943,0.46482097356704627,-0.8161766700764628,1.3,0.2,1.2740865511936141,0.25827013003357957,-0.25827013003357957,1.2740865511936141
373,A2,0.3814280964234741,-1.1599290920279048,0.3639470454179692,-0.8210167715393593,1.3,0.2,1.2740865511936141,0.25827013003357957,-0.25827013003357957,1.2740865511936141
374,A2,0.251655927568466,-1.1400430776681336,0.24647462643587037,-0.8144285987863693,1.3,0.2,1.2740865511936141,0.25827013003357957,-0.25827013003357957,1.2740865511936141
375,A2,0.10368742664079089,-1.101309558440743,0.10331743366531136,-0.8009689240088702,1.3,0.2,1.2740865511936141,0.25827013003357957,-0.25827013003357957,1.2740865511936141
376,A2,-0.07523099541981565,-1.0471875410311973,-0.07508938763909045,-0.7807105265095795,1.3,0.2,1.2740865511936141,0.25827013003357957,-0.25827013003357957,1.2740865511936141
377,A2,-0.29730458812854266,-0.975299436291451,-0.28884400903315316,-0.751023856178987,1.3,0.2,1.2740865511936141,0.25827013003357957,-0.25827013003357957,1.2740865511936141
378,A2,-0.5619792962956546,-0.8822696150108015,-0.5094445124817932,-0.7075545113861105,1.3,0.2,1.2740865511936141,0.25827013003357957,-0.25827013003357957,1.2740865511936141
379,A2,-0.8318165975939766,-0.7699113867098459,-0.6814502272037544,-0.6468779204293216,1.3,0.2,1.2740865511936141,0.25827013003357957,-0.25827013003357957,1.2740865511936141
380,A2,-1.0352958144132687,-0.6481802198917654,-0.7760236211296989,-0.5704436276131215,1.3,0.2,1.2740865511936141,0.25827013003357957,-0.25827013003357957,1.2740865511936141
381,A2,-1.1360498089703857,-0.5263708326176797,-0.8130796611383346,-0.48260205304285014,1.3,0.2,1.2740865511936141,0.25827013003357957,-0.25827013003357957,1.2740865511936141
382,A2,-1.1605755562992626,-0.404882595550466,-0.8212273627813862,-0.3841189313835234,1.3,0.2,1.2740865511936141,0.25827013003357957,-0.25827013003357957,1.2740865511936141
383,A2,-1.1455211847487454,-0.27730226676192754,-0.8162648995494771,-0.27040643339184856,1.3,0.2,1.2740865511936141,0.25827013003357957,-0.25827013003357957,1.2740865511936141
384,A2,-1.1098300354414243,-0.13370435839229586,-0.8040023034976715,-0.13291327690143456,1.3,0.2,1.2740865511936141,0.25827013003357957,-0.25827013003357957,1.2740865511936141
385,A2,-1.0586960513235923,0.03830676089645052,-0.7851642842362101,0.03828803467306835,1.3,0.2,1.2740865511936141,0.25827013003357957,-0.25827013003357957,1.2740865511936141
386,A2,-0.9904785993291719,0.2515667518359996,-0.7575663261152046,0.246390866265308,1.3,0.2,1.2740865511936141,0.25827013003357957,-0.25827013003357957,1.2740865511936141
387,A2,-0.9015696666711104,0.5095800426004083,-0.7170613091536597,0.46961792392024726,1.3,0.2,1.2740865511936141,0.25827013003357957,-0.25827013003357957,1.2740865511936141
388,A2,-0.7923098880969823,0.7835293986234173,-0.659715592481237,0.6547278244857853,1.3,0.2,1.2740865511936141,0.25827013003357957,-0.25827013003357957,1.2740865511936141
389,A2,-0.6714381236265246,1.0045647477249011,-0.5859250826746862,0.7635045780529487,1.3,0.2,1.2740865511936141,0.25827013003357957,-0.25827013003357957,1.2740865511936141
390,A2,-0.5493288411878559,1.124097861964344,-0.5000170224471698,0.8089895765741523,1.3,0.2,1.2740865511936141,0.25827013003357957,-0.25827013003357957,1.2740865511936141
391,A2,-0.42812712053019775,1.1598622009753776,-0.40375492866798124,0.8209949684435266,1.3,0.2,1.2740865511936141,0.25827013003357957,-0.25827013003357957,1.2740865511936141
392,A2,-0.30238024733718777,1.1502964858203009,-0.2934893513151413,0.8178522734686924,1.3,0.2,1.2740865511936141,0.25827013003357957,-0.25827013003357957,1.2740865511936141
393,A2,-0.16270402241214152,1.1178141154172152,-0.16128333149488105,0.8068072516820295,1.3,0.2,1.2740865511936141,0.25827013003357957,-0.25827013003357957,1.2740865511936141
394,A2,0.002885290214623304,1.069596935770987,0.0028852822080661592,0.7893093177835451,1.3,0.2,1.2740865511936141,0.25827013003357957,-0.25827013003357957,1.2740865511936141
395,A2,0.20753111939836746,1.0049032043087605,0.2046021706437106,0.7636456985400222,1.3,0.2,1.2740865511936141,0.25827013003357957,-0.25827013003357957,1.2740865511936141
396,A2,0.4579077478236878,0.9201080851693915,0.4283774348493561,0.7259485430066217,1.3,0.2,1.2740865511936141,0.25827013003357957,-0.25827013003357957,1.2740865511936141
397,A2,0.733280753176391,0.8142841797013413,0.6250683785227324,0.6719468479377911,1.3,0.2,1.2740865511936141,0.25827013003357957,-0.25827013003357957,1.2740865511936141
398,A2,0.96993501444476,0.6946819506735353,0.7486757282045621,0.6009813484156378,1.3,0.2,1.2740865511936141,0.25827013003357957,-0.25827013003357957,1.2740865511936141
399,A2,1.1090932075135809,0.5723416758581906,0.8037416212769348,0.5170769400102357,1.3,0.2,1.2740865511936141,0.25827013003357957,-0.25827013003357957,1.2740865511936141
400,A2,1.1575819188373029,0.4512183221587945,0.8202502782750017,0.42289995257122787,1.3,0.2,1.2740865511936141,0.25827013003357957,-0.25827013003357957,1.2740865511936141
401,A2,1.154292273904765,0.3269649960412542,0.8191710327871738,0.31579106027563975,1.3,0.2,1.2740865511936141,0.25827013003357957,-0.25827013003357957,1.2740865511936141
402,A2,1.1252541942023526,0.1907777337266795,0.8093887572384834,0.1884964158461771,1.3,0.2,1.2740865511936141,0.25827013003357957,-0.25827013003357957,1.2740865511936141
403,A2,1.0799143241163205,0.03111980879811263,0.7931673232914871,0.03110976677300409,1.3,0.2,1.2740865511936141,0.25827013003357957,-0.25827013003357957,1.2740865511936141
404,A2,1.0185985429616993,-0.16521489226862413,0.7692950985559469,-0.16372789272841745,1.3,0.2,1.2740865511936141,0.25827013003357957,-0.25827013003357957,1.2740865511936141
405,A2,0.9378625148242056,-0.40728945131878724,0.7342386448480275,-0.38616876288701096,1.3,0.2,1.2740865511936141,0.25827013003357957,-0.25827013003357957,1.2740865511936141
406,A2,0.8357477261617613,-0.6816443375659956,0.683550203874993,-0.5925873474700767,1.3,0.2,1.2740865511936141,0.25827013003357957,-0.25827013003357957,1.2740865511936141
407,A2,0.7178545105354309,-0.9315481698583962,0.6155785782766691,-0.7313148872136201,1.3,0.2,1.2740865511936141,0.25827013003357957,-0.25827013003357957,1.2740865511936141
408,A2,0.5954235967690352,-1.0907440219439495,0.5337850997540593,-0.7971495402606747,1.3,0.2,1.2740865511936141,0.25827013003357957,-0.25827013003357957,1.2740865511936141
409,A2,0.4742085014048561,-1.1534982556597662,0.44159342619255965,-0.8189096635337623,1.3,0.2,1.2740865511936141,0.25827013003357957,-0.25827013003357957,1.2740865511936141
410,A2,0.3511283401208305,-1.1574121805555806,0.3373758343766842,-0.8201947339619178,1.3,0.2,1.2740865511936141,0.25827013003357957,-0.25827013003357957,1.2740865511936141
411,A2,0.21801421268385587,-1.1321331805153572,0.2146245563868589,-0.8117480763543429,1.3,0.2,1.2740865511936141,0.25827013003357957,-0.25827013003357957,1.2740865511936141
412,A2,0.0637999796138482,-1.0896684191267887,0.06371355571666046,-0.7967570901040452,1.3,0.2,1.2740865511936141,0.25827013003357957,-0.25827013003357957,1.2740865511936141
413,A2,-0.12460197279902611,-1.031592801389566,-0.12396111015520682,-0.7745463711198075,1.3,0.2,1.2740865511936141,0.25827013003357957,-0.25827013003357957,1.2740865511936141
414,A2,-0.35797937530592905,-0.9548236626806725,-0.3434329728494999,-0.7419590430204173,1.3,0.2,1.2740865511936141,0.25827013003357957,-0.25827013003357957,1.2740865511936141
415,A2,-0.6291891904644629,-0.8566215596931387,-0.55749365756387,-0.6945129174355131,1.3,0.2,1.2740865511936141,0.25827013003357957,-0.25827013003357957,1.2740865511936141
416,A2,-0.8896671129739356,-0.7408856083029116,-0.7112292736659316,-0.6296799269216644,1.3,0.2,1.2740865511936141,0.25827013003357957,-0.25827013003357957,1.2740865511936141
417,A2,-1.068795168998559,-0.6185774494540819,-0.7890068677476316,-0.550136790018093,1.3,0.2,1.2740865511936141,0.25827013003357957,-0.25827013003357957,1.2740865511936141
418,A2,-1.1473469392908848,-0.49714497914830946,-0.8168732677174126,-0.45986887240844027,1.3,0.2,1.2740865511936141,0.25827013003357957,-0.25827013003357957,1.2740865511936141
419,A2,-1.1595376379036597,-0.3749387805738347,-0.82088914331282,-0.35830403955431456,1.3,0.2,1.2740865511936141,0.25827013003357957,-0.25827013003357957,1.2740865511936141
420,A2,-1.138423048402961,-0.2444992122479412,-0.8138824049501752,-0.23974091676551088,1.3,0.2,1.2740865511936141,0.25827013003357957,-0.25827013003357957,1.2740865511936141
421,A2,-1.0988745441475312,-0.09524916326324084,-0.8000943921665373,-0.09496215847940429,1.3,0.2,1.2740865511936141,0.25827013003357957,-0.25827013003357957,1.2740865511936141
422,A2,-1.0439153937635597,0.08565047371306378,-0.7794295143077892,0.08544164242398657,1.3,0.2,1.2740865511936141,0.25827013003357957,-0.25827013003357957,1.2740865511936141
423,A2,-0.9709936376837992,0.3101634095365775,-0.749140608250926,0.300585749639903,1.3,0.2,1.2740865511936141,0.25827013003357957,-0.25827013003357957,1.2740865511936141
424,A2,-0.8768376532797699,0.5764529034030527,-0.7048315323114569,0.5200825482400858,1.3,0.2,1.2740865511936141,0.25827013003357957,-0.25827013003357957,1.2740865511936141
425,A2,-0.7636945888130522,0.8446671117250445,-0.6432479970956404,0.6882731674325493,1.3,0.2,1.2740865511936141,0.25827013003357957,-0.25827013003357957,1.2740865511936141
426,A2,-0.6417932217303562,1.0430513300269724,-0.5661192999924836,0.7790901497799245,1.3,0.2,1.2740865511936141,0.25827013003357957,-0.25827013003357957,1.2740865511936141
427,A2,-0.5200692722000243,1.138839987225598,-0.4777534748701616,0.8140231138354774,1.3,0.2,1.2740865511936141,0.25827013003357957,-0.25827013003357957,1.2740865511936141
428,A2,-0.3984614216574611,1.1605253537772413,-0.37863172595768724,0.821211016888308,1.3,0.2,1.2740865511936141,0.25827013003357957,-0.25827013003357957,1.2740865511936141
429,A2,-0.27031531378116397,1.1440831774073559,-0.2639182111627724,0.8157844561881663,1.3,0.2,1.2740865511936141,0.25827013003357957,-0.25827013003357957,1.2740865511936141
430,A2,-0.12556188587847403,1.1075421950173778,-0.12490616012419964,0.8031918788988963,1.3,0.2,1.2740865511936141,0.25827013003357957,-0.25827013003357957,1.2740865511936141
431,A2,0.04829921222965419,1.055595501150286,0.04826168955138707,0.7839722723272067,1.3,0.2,1.2740865511936141,0.25827013003357957,-0.25827013003357957,1.2740865511936141
432,A2,0.26396619031197216,0.9863839758447147,0.2580014872107354,0.7558162156675625,1.3,0.2,1.2740865511936141,0.25827013003357957,-0.25827013003357957,1.2740865511936141
433,A2,0.5239209773450986,0.8963411979053201,0.4807205599445535,0.714511662629894,1.3,0.2,1.2740865511936141,0.25827013003357957,-0.25827013003357957,1.2740865511936141
434,A2,0.797016620325551,0.7861939385010417,0.6623655906715604,0.6562475052334401,1.3,0.2,1.2740865511936141,0.25827013003357957,-0.25827013003357957,1.2740865511936141
435,A2,1.0134002195589022,0.6650468734397743,0.7671647203626459,0.5817122823944221,1.3,0.2,1.2740865511936141,0.25827013003357957,-0.25827013003357957,1.2740865511936141
436,A2,1.1276731595803948,0.5430160635776397,0.8102214019745152,0.4952676183134447,1.3,0.2,1.2740865511936141,0.25827013003357957,-0.25827013003357957,1.2740865511936141
437,A2,1.1602050239281996,0.42175782489090474,0.8211066860547772,0.39841027090278885,1.3,0.2,1.2740865511936141,0.25827013003357957,-0.25827013003357957,1.2740865511936141
438,A2,1.1490584582703256,0.29554183743583884,0.8174419254073699,0.2872275047644864,1.3,0.2,1.2740865511936141,0.25827013003357957,-0.25827013003357957,1.2740865511936141
439,A2,1.115674048548088,0.15483186858347073,0.8060589446344519,0.1536063621351146,1.3,0.2,1.2740865511936141,0.25827013003357957,-0.25827013003357957,1.2740865511936141
440,A2,1.0666607959506944,-0.01247314827134427,0.7881998520576547,-0.012472501456506371,1.3,0.2,1.2740865511936141,0.25827013003357957,-0.25827013003357957,1.2740865511936141
441,A2,1.0010135565864382,-0.2194595246488562,0.7620194952428123,-0.21600286342500405,1.3,0.2,1.2740865511936141,0.25827013003357957,-0.25827013003357957,1.2740865511936141
442,A2,0.9150917030118121,-0.4720132174335925,0.7235671485074989,-0.4398245210565358,1.3,0.2,1.2740865511936141,0.25827013003357957,-0.25827013003357957,1.2740865511936141
443,A2,0.8082936365536886,-0.747250288696363,0.6686478703017462,-0.6335056477958451,1.3,0.2,1.2740865511936141,0.25827013003357957,-0.25827013003357957,1.2740865511936141
444,A2,0.6882996730024669,-0.9798327983713927,0.5968885699258326,-0.7529935155509817,1.3,0.2,1.2740865511936141,0.25827013003357957,-0.25827013003357957,1.2740865511936141
445,A2,0.5660119663278982,-1.1135373998698075,0.5124244305325145,-0.8053092528591548,1.3,0.2,1.2740865511936141,0.25827013003357957,-0.25827013003357957,1.2740865511936141
446,A2,0.4448857499913444,-1.158377612925642,0.41768603186641734,-0.8205104511492974,1.3,0.2,1.2740865511936141,0.25827013003357957,-0.25827013003357957,1.2740865511936141
447,A2,0.3202548149101896,-1.1532771566864741,0.30973730807227734,-0.8188368232271483,1.3,0.2,1.2740865511936141,0.25827013003357957,-0.25827013003357957,1.2740865511936141
448,A2,0.18315104580664301,-1.1232648789278905,0.18113026421875056,-0.8087015570376926,1.3,0.2,1.2740865511936141,0.25827013003357957,-0.25827013003357957,1.2740865511936141
449,A2,0.02191217736077286,-1.077136314643853,0.021908671037554554,-0.7921347269955117,1.3,0.2,1.2740865511936141,0.25827013003357957,-0.25827013003357957,1.2740865511936141
450,A2,-0.17667119582177154,-1.0149065577161387,-0.1748557296878231,-0.7677837998054207,1.3,0.2,1.2740865511936141,0.25827013003357957,-0.25827013003357957,1.2740865511936141
451,A2,-0.4210769554078232,-0.9330630015128262,-0.3978373210063536,-0.7320187740669255,1.3,0.2,1.2740865511936141,0.25827013003357957,-0.25827013003357957,1.2740865511936141
452,A2,-0.6959377642223783,-0.8299057786313847,-0.6017829835768123,-0.680425410478363,1.3,0.2,1.2740865511936141,0.25827013003357957,-0.25827013003357957,1.2740865511936141
453,A2,-0.9424571653547826,-0.711498295160498,-0.7363491551232209,-0.6116155148931999,1.3,0.2,1.2740865511936141,0.25827013003357957,-0.25827013003357957,1.2740865511936141
454,A2,-1.0961345740872974,-0.5890741099829929,-0.7991062530198925,-0.5292293708890807,1.3,0.2,1.2740865511936141,0.25827013003357957,-0.25827013003357957,1.2740865511936141
455,A2,-1.1548146683844789,-0.46789874806834075,-0.819342805535884,-0.4364999802478406,1.3,0.2,1.2740865511936141,0.25827013003357957,-0.25827013003357957,1.2740865511936141
456,A2,-1.1566485560087794,-0.3445269815022213,-0.8199446578840534,-0.3315128861582105,1.3,0.2,1.2740865511936141,0.25827013003357957,-0.25827013003357957,1.2740865511936141
457,A2,-1.1303003375490097,-0.21060889638950228,-0.811122026917527,-0.2075492404520534,1.3,0.2,1.2740865511936141,0.25827013003357957,-0.25827013003357957,1.2740865511936141
458,A2,-1.0870434351924483,-0.05494710460532051,-0.7957964965042874,-0.05489187282772722,1.3,0.2,1.2740865511936141,0.25827013003357957,-0.25827013003357957,1.2740865511936141
459,A2,-1.0280905448161124,0.1355934676927919,-0.7731413901065859,0.13476854526986254,1.3,0.2,1.2740865511936141,0.25827013003357957,-0.25827013003357957,1.2740865511936141
460,A2,-0.9502423575946529,0.37138611840943003,-0.7398927519849798,0.3552035408156427,1.3,0.2,1.2740865511936141,0.25827013003357957,-0.25827013003357957,1.2740865511936141
461,A2,-0.8509489399548511,0.6436522515556261,-0.6915648928405409,0.5673811978588553,1.3,0.2,1.2740865511936141,0.25827013003357957,-0.25827013003357957,1.2740865511936141
462,A2,-0.7345759134961714,0.9015033083926756,-0.6258568673622349,0.7170290692364958,1.3,0.2,1.2740865511936141,0.25827013003357957,-0.25827013003357957,1.2740865511936141
463,A2,-0.6122086267288228,1.0751972284451472,-0.5456799392826889,0.7914112632667983,1.3,0.2,1.2740865511936141,0.25827013003357957,-0.25827013003357957,1.2740865511936141
464,A2,-0.49084558202226636,1.1492592758666322,-0.4548873026804985,0.8175085434796019,1.3,0.2,1.2740865511936141,0.25827013003357957,-0.25827013003357957,1.2740865511936141
465,A2,-0.36842775682592294,1.1590604435471574,-0.35261572261486296,0.8207334496842675,1.3,0.2,1.2740865511936141,0.25827013003357957,-0.25827013003357957,1.2740865511936141
466,A2,-0.23729201515015075,1.1367555588890912,-0.23293631884303917,0.8133187036098104,1.3,0.2,1.2740865511936141,0.25827013003357957,-0.25827013003357957,1.2740865511936141
467,A2,-0.08672510378241574,1.0963989154606197,-0.08650832904728926,0.7992017735303474,1.3,0.2,1.2740865511936141,0.25827013003357957,-0.25827013003357957,1.2740865511936141
468,A2,0.09619084736736709,1.0405947487371312,0.09589526693530728,0.7781228183635873,1.3,0.2,1.2740865511936141,0.25827013003357957,-0.25827013003357957,1.2740865511936141
469,A2,0.32314475140625576,0.9666289349929313,0.312347648314986,0.7472191570495454,1.3,0.2,1.2740865511936141,0.25827013003357957,-0.25827013003357957,1.2740865511936141
470,A2,0.5909423268698442,0.8713518110450607,0.5305730005970233,0.7020603004345991,1.3,0.2,1.2740865511936141,0.25827013003357957,-0.25827013003357957,1.2740865511936141
471,A2,0.8573171295717666,0.7574544290541713,0.6948728065263605,0.6395751205270375,1.3,0.2,1.2740865511936141,0.25827013003357957,-0.25827013003357957,1.2740865511936141
472,A2,1.0505112471301585,0.6354091694431717,0.7820050402343459,0.5617656037009233,1.3,0.2,1.2740865511936141,0.25827013003357957,-0.25827013003357957,1.2740865511936141
473,A2,1.141429380244431,0.5137694571702689,0.814894848545912,0.47287696984221467,1.3,0.2,1.2740865511936141,0.25827013003357957,-0.25827013003357957,1.2740865511936141
474,A2,1.1603765636603374,0.3920231891475071,0.821162563051341,0.3731030903613084,1.3,0.2,1.2740865511936141,0.25827013003357957,-0.25827013003357957,1.2740865511936141
475,A2,1.1425935615909373,0.26328386770014145,0.8152855802037681,0.25736447120325595,1.3,0.2,1.2740865511936141,0.25827013003357957,-0.25827013003357957,1.2740865511936141
476,A2,1.1052139485633918,0.11734069870139507,0.8023640777489127,0.11680509991903729,1.3,0.2,1.2740865511936141,0.25827013003357957,-0.25827013003357957,1.2740865511936141
477,A2,1.052448548965432,-0.058406867776813115,0.7827564808729737,-0.058340542618612094,1.3,0.2,1.2740865511936141,0.25827013003357957,-0.25827013003357957,1.2740865511936141
478,A2,0.9822318856115586,-0.2764935188394016,0.754030446959554,-0.2696566570200314,1.3,0.2,1.2740865511936141,0.25827013003357957,-0.25827013003357957,1.2740865511936141
479,A2,0.8910557917886938,-0.5383094617345732,0.7119148158281443,-0.4917072258184344,1.3,0.2,1.2740865511936141,0.25827013003357957,-0.25827013003357957,1.2740865511936141
480,A2,0.7800478032915397,-0.8103438955967555,0.6527341429502476,-0.6697799255593201,1.3,0.2,1.2740865511936141,0.25827013003357957,-0.25827013003357957,1.2740865511936141
481,A2,0.6586556445697136,-1.0219393273917072,0.5774680545773296,-0.7706552560882304,1.3,0.2,1.2740865511936141,0.25827013003357957,-0.25827013003357957,1.2740865511936141
482,A2,0.5367070488799468,-1.1310242469346101,0.49049128090349126,-0.8113695172413353,1.3,0.2,1.2740865511936141,0.25827013003357957,-0.25827013003357957,1.2740865511936141
483,A2,0.41537583375366505,-1.1604342368649223,0.39302768500732194,-0.821181345865729,1.3,0.2,1.2740865511936141,0.25827013003357957,-0.25827013003357957,1.2740865511936141
484,A2,0.28866467473669716,-1.1477634201722349,0.2809053168958094,-0.8170117912947457,1.3,0.2,1.2740865511936141,0.25827013003357957,-0.25827013003357957,1.2740865511936141
485,A2,0.1468879448390693,-1.1134931881770438,0.14584056182884514,-0.8052937129124209,1.3,0.2,1.2740865511936141,0.25827013003357957,-0.25827013003357957,1.2740865511936141
486,A2,-0.022169813504462704,-1.063680150250193,-0.022166182059296515,-0.787068304300102,1.3,0.2,1.2740865511936141,0.25827013003357957,-0.25827013003357957,1.2740865511936141
487,A2,-0.23151786774995517,-0.9970682786567205,-0.22746817887927465,-0.7603601564986467,1.3,0.2,1.2740865511936141,0.25827013003357957,-0.25827013003357957,1.2740865511936141
488,A2,-0.48619246402584554,-0.9100164133207458,-0.4511892184587042,-0.7211401318566546,1.3,0.2,1.2740865511936141,0.25827013003357957,-0.25827013003357957,1.2740865511936141
489,A2,-0.7611030709088434,-0.8022662454034745,-0.6417262329778495,-0.6653018205697011,1.3,0.2,1.2740865511936141,0.25827013003357957,-0.25827013003357957,1.2740865511936141
490,A2,-0.9894423506953318,-0.6819133844353349,-0.7571244408212985,-0.5927618880722934,1.3,0.2,1.2740865511936141,0.25827013003357957,-0.25827013003357957,1.2740865511936141
491,A2,-1.117734757541783,-0.5596873218705254,-0.80677954908502,-0.5077454017214997,1.3,0.2,1.2740865511936141,0.25827013003357957,-0.25827013003357957,1.2740865511936141
492,A2,-1.159042444193836,-0.438544528713141,-0.82072757466967,-0.4124372786299783,1.3,0.2,1.2740865511936141,0.25827013003357957,-0.25827013003357957,1.2740865511936141
493,A2,-1.1521981946628392,-0.31351137248126876,-0.8184809842459118,-0.30362814504830316,1.3,0.2,1.2740865511936141,0.25827013003357957,-0.25827013003357957,1.2740865511936141
494,A2,-1.1212336949389083,-0.1754593459387032,-0.8079976083851396,-0.17368068312490842,1.3,0.2,1.2740865511936141,0.25827013003357957,-0.25827013003357957,1.2740865511936141
495,A2,-1.0743154188551018,-0.01260257518711419,-0.79108152902613,-0.012601908028578444,1.3,0.2,1.2740865511936141,0.25827013003357957,-0.25827013003357957,1.2740865511936141
496,A2,-1.0111610334550853,0.18825680783015095,-0.766241804808738,0.1860639099739283,1.3,0.2,1.2740865511936141,0.25827013003357957,-0.25827013003357957,1.2740865511936141
497,A2,-0.9282036282456129,0.4349588959253989,-0.7297552693690603,0.4094571838086504,1.3,0.2,1.2740865511936141,0.25827013003357957,-0.25827013003357957,1.2740865511936141
498,A2,-0.8240208142603495,0.7101578794928503,-0.677252390463967,0.6107758253662675,1.3,0.2,1.2740865511936141,0.25827013003357957,-0.25827013003357957,1.2740865511936141
499,A2,-0.7051330106151539,0.9530953278440223,-0.6076157975502542,0.7411811653394589,1.3,0.2,1.2740865511936141,0.25827013003357957,-0.25827013003357957,1.2740865511936141
500,A2,-0.5827301600008985,1.1012579658007764,-0.5246469344427684,0.8009504299256391,1.3,0.2,1.2740865511936141,0.25827013003357957,-0.25827013003357957,1.2740865511936141
501,A2,-0.4615840316111427,1.1559808029212528,-0.431374360823289,0.8197257215290213,1.3,0.2,1.2740865511936141,0.25827013003357957,-0.25827013003357957,1.2740865511936141
502,A2,-0.3378976029635238,1.1558126297305908,-0.3255991715005309,0.8196705447513799,1.3,0.2,1.2740865511936141,0.25827013003357957,-0.25827013003357957,1.2740865511936141
503,A2,-0.20314510731097565,1.1284237578395444,-0.20039601842841176,0.8104791066893474,1.3,0.2,1.2740865511936141,0.25827013003357957,-0.25827013003357957,1.2740865511936141
504,A2,-0.045999327718229926,1.0843768355940293,-0.04596691124364972,0.7948165560889497,1.3,0.2,1.2740865511936141,0.25827013003357957,-0.25827013003357957,1.2740865511936141
505,A2,0.1467115518784903,1.024536964923095,0.14566791621339592,0.7717080220682531,1.3,0.2,1.2740865511936141,0.25827013003357957,-0.25827013003357957,1.2740865511936141
506,A2,0.3849026641954102,0.9456011407032316,0.36695756170707045,0.7377851063024194,1.3,0.2,1.2740865511936141,0.25827013003357957,-0.25827013003357957,1.2740865511936141
507,A2,0.6580835495713435,0.8452279044319733,0.577086609753516,0.6885681875423371,1.3,0.2,1.2740865511936141,0.25827013003357957,-0.25827013003357957,1.2740865511936141
508,A2,0.9130948836944178,0.7282512335857757,0.7226143874682284,0.6219943066074335,1.3,0.2,1.2740865511936141,0.25827013003357957,-0.25827013003357957,1.2740865511936141
509,A2,1.0813158232199291,0.6058448691519736,0.7936865416084674,0.5411955844149625,1.3,0.2,1.2740865511936141,0.25827013003357957,-0.25827013003357957,1.2740865511936141
510,A2,1.1510000024871705,0.4845444893613511,0.8180850862678012,0.4498757493773173,1.3,0.2,1.2740865511936141,0.25827013003357957,-0.25827013003357957,1.2740865511936141
511,A2,1.1585006744365067,0.36189370038087176,0.8205506589883733,0.3468809653546192,1.3,0.2,1.2740865511936141,0.25827013003357957,-0.25827013003357957,1.2740865511936141
512,A2,1.135041551218455,0.23003264742731178,0.812737680872025,0.22605933155896013,1.3,0.2,1.2740865511936141,0.25827013003357957,-0.25827013003357957,1.2740865511936141
513,A2,1.0938825218043713,0.07811328758908145,0.798290829491718,0.07795480015082475,1.3,0.2,1.2740865511936141,0.25827013003357957,-0.25827013003357957,1.2740865511936141
514,A2,1.0372250061682877,-0.10685351386428837,0.7767898810680914,-0.10644868978160812,1.3,0.2,1.2740865511936141,0.25827013003357957,-0.25827013003357957,1.2740865511936141
515,A2,0.9622050236203422,-0.3362464676351528,0.7452588093322081,-0.3241222883450696,1.3,0.2,1.2740865511936141,0.25827013003357957,-0.25827013003357957,1.2740865511936141
516,A2,0.8658131205710698,-0.605437938117452,0.699240632285018,-0.5409077771261133,1.3,0.2,1.2740865511936141,0.25827013003357957,-0.25827013003357957,1.2740865511936141
517,A2,0.751192763707925,-0.8697562932974278,0.6358599992741066,-0.7012502886532066,1.3,0.2,1.2740865511936141,0.25827013003357957,-0.25827013003357957,1.2740865511936141
518,A2,0.6290286702805716,-1.0576772064893658,0.557383017021061,-0.7847732271793646,1.3,0.2,1.2740865511936141,0.25827013003357957,-0.25827013003357957,1.2740865511936141
519,A2,0.5074707224197688,-1.1438243987705776,0.4679721675062362,-0.8156978775659953,1.3,0.2,1.2740865511936141,0.25827013003357957,-0.25827013003357957,1.2740865511936141
520,A2,0.3855666480455363,-1.1601329281979416,0.3675319948708183,-0.8210831970426121,1.3,0.2,1.2740865511936141,0.25827013003357957,-0.25827013003357957,1.2740865511936141
521,A2,0.2562063077296873,-1.1410535948698355,0.2507437546586174,-0.814768566142519,1.3,0.2,1.2740865511936141,0.25827013003357957,-0.25827013003357957,1.2740865511936141
522,A2,0.10903886208143404,-1.1028452945782772,0.10860876917858779,-0.8015187300221037,1.3,0.2,1.2740865511936141,0.25827013003357957,-0.25827013003357957,1.2740865511936141
523,A2,-0.06863137447502807,-1.0492546353894885,-0.06852381978172252,-0.7815164067260126,1.3,0.2,1.2740865511936141,0.25827013003357957,-0.25827013003357957,1.2740865511936141
524,A2,-0.28914762120881077,-0.9780218875013482,-0.28135009475157424,-0.7522083199202393,1.3,0.2,1.2740865511936141,0.25827013003357957,-0.25827013003357957,1.2740865511936141
525,A2,-0.5527373124981704,-0.8857141785498714,-0.5025689587769316,-0.7092704225818519,1.3,0.2,1.2740865511936141,0.25827013003357957,-0.25827013003357957,1.2740865511936141
526,A2,-0.8234997156942533,-0.7738733562367901,-0.6769702050322637,-0.6491760976239778,1.3,0.2,1.2740865511936141,0.25827013003357957,-0.25827013003357957,1.2740865511936141
527,A2,-1.0301814289384272,-0.652265352456521,-0.7739810945967167,-0.5731930115196132,1.3,0.2,1.2740865511936141,0.25827013003357957,-0.25827013003357957,1.2740865511936141
528,A2,-1.1341575371232988,-0.5304013092702793,-0.8124373800114278,-0.48568779373859666,1.3,0.2,1.2740865511936141,0.25827013003357957,-0.25827013003357957,1.2740865511936141
529,A2,-1.1605541892041256,-0.40897997830155186,-0.8212204058404238,-0.3876062480121304,1.3,0.2,1.2740865511936141,0.25827013003357957,-0.25827013003357957,1.2740865511936141
530,A2,-1.1464129907229665,-0.28174720674823667,-0.816562288996836,-0.2745213879396632,1.3,0.2,1.2740865511936141,0.25827013003357957,-0.25827013003357957,1.2740865511936141
531,A2,-1.1112717051829175,-0.13887035982919946,-0.8045114589937304,-0.1379844889112585,1.3,0.2,1.2740865511936141,0.25827013003357957,-0.25827013003357957,1.2740865511936141
532,A2,-1.0606545020787925,0.031977097532656734,-0.7859142293324939,0.03196620275742878,1.3,0.2,1.2740865511936141,0.25827013003357957,-0.25827013003357957,1.2740865511936141
533,A2,-0.9930668346413835,0.2437058792309119,-0.7586669951355329,0.23899303903941294,1.3,0.2,1.2740865511936141,0.25827013003357957,-0.25827013003357957,1.2740865511936141
534,A2,-0.9048826520668241,0.5004388403548455,-0.7186670135111592,0.46246221226440526,1.3,0.2,1.2740865511936141,0.25827013003357957,-0.25827013003357957,1.2740865511936141
535,A2,-0.7962038010039025,0.7748271081116966,-0.6619091324389969,0.6497275686101963,1.3,0.2,1.2740865511936141,0.25827013003357957,-0.25827013003357957,1.2740865511936141
536,A2,-0.6755243001214019,0.9987605148114109,-0.588602017264354,0.7610731123894352,1.3,0.2,1.2740865511936141,0.25827013003357957,-0.25827013003357957,1.2740865511936141
537,A2,-0.5533674625000643,1.1216913365073373,-0.5030397991157158,0.8081564152837145,1.3,0.2,1.2740865511936141,0.25827013003357957,-0.25827013003357957,1.2740865511936141
538,A2,-0.43219358030567434,1.1595813743035037,-0.4071528844571393,0.8209034070345153,1.3,0.2,1.2740865511936141,0.25827013003357957,-0.25827013003357957,1.2740865511936141
539,A2,-0.30673318468671595,1.1510574191439855,-0.2974622434315745,0.8181040751766997,1.3,0.2,1.2740865511936141,0.25827013003357957,-0.25827013003357957,1.2740865511936141
540,A2,-0.16770079796716247,1.1191610119504756,-0.16614616994373457,0.8072768915237101,1.3,0.2,1.2740865511936141,0.25827013003357957,-0.25827013003357957,1.2740865511936141
541,A2,-0.0031890929107083743,1.0714512234956945,-0.0031890820993940297,0.7900073447610032,1.3,0.2,1.2740865511936141,0.25827013003357957,-0.25827013003357957,1.2740865511936141
542,A2,0.199972133045417,1.0073613779526693,0.19734853873644745,0.7646684545892077,1.3,0.2,1.2740865511936141,0.25827013003357957,-0.25827013003357957,1.2740865511936141
543,A2,0.44893014030115075,0.9232845613527152,0.42101918246996173,0.7274475504626325,1.3,0.2,1.2740865511936141,0.25827013003357957,-0.25827013003357957,1.2740865511936141
544,A2,0.7242928516301015,0.8180944617400296,0.619561353816729,0.6740313925920278,1.3,0.2,1.2740865511936141,0.25827013003357957,-0.25827013003357957,1.2740865511936141
545,A2,0.9634569639486606,0.6987601409697786,0.7458148894911324,0.6035801997522394,1.3,0.2,1.2740865511936141,0.25827013003357957,-0.25827013003357957,1.2740865511936141
546,A2,1.1061194570563082,0.576391706581229,0.8026863963697534,0.5200379028721676,1.3,0.2,1.2740865511936141,0.25827013003357957,-0.25827013003357957,1.2740865511936141
547,A2,1.1570021992379542,0.455263378193758,0.8200605099036921,0.42621588261386956,1.3,0.2,1.2740865511936141,0.25827013003357957,-0.25827013003357957,1.2740865511936141
548,A2,1.1549068982583326,0.3312387894152172,0.8193731171173144,0.31963344473083577,1.3,0.2,1.2740865511936141,0.25827013003357957,-0.25827013003357957,1.2740865511936141
549,A2,1.1265040402624742,0.195621071739337,0.8098193805980478,0.19316336851073695,1.3,0.2,1.2740865511936141,0.25827013003357957,-0.25827013003357957,1.2740865511936141
550,A2,1.0816683100189077,0.03695469327201534,0.7938169469751124,0.03693788007198832,1.3,0.2,1.2740865511936141,0.25827013003357957,-0.25827013003357957,1.2740865511936141
551,A2,1.0209314473399222,-0.1579571498887985,0.7702456475822609,-0.15665642854059902,1.3,0.2,1.2740865511936141,0.25827013003357957,-0.25827013003357957,1.2740865511936141
552,A2,0.9408999445301981,-0.39852529232046985,0.7356354573332278,-0.3786864386725168,1.3,0.2,1.2740865511936141,0.25827013003357957,-0.25827013003357957,1.2740865511936141
553,A2,0.8394598470115252,-0.6724719638548234,0.6855228555989545,-0.5866035858255285,1.3,0.2,1.2740865511936141,0.25827013003357957,-0.25827013003357957,1.2740865511936141
554,A2,0.7219132664651466,-0.9244338166387877,0.6180930253563038,-0.7279881906812502,1.3,0.2,1.2740865511936141,0.25827013003357957,-0.25827013003357957,1.2740865511936141
555,A2,0.5994864063228834,-1.0871549292063745,0.5366840043591257,-0.7958373786165295,1.3,0.2,1.2740865511936141,0.25827013003357957,-0.25827013003357957,1.2740865511936141
556,A2,0.4782408489338228,-1.152575148625274,0.44483365947367653,-0.8186053741727184,1.3,0.2,1.2740865511936141,0.25827013003357957,-0.25827013003357957,1.2740865511936141
557,A2,0.355335266619876,-1.1578613450438564,0.34109861242125705,-0.8203416826382925,1.3,0.2,1.2740865511936141,0.25827013003357957,-0.25827013003357957,1.2740865511936141
558,A2,0.22271940166976936,-1.1332818882173,0.21910844581695404,-0.8121394952611103,1.3,0.2,1.2740865511936141,0.25827013003357957,-0.25827013003357957,1.2740865511936141
559,A2,0.0694117510218232,-1.0913251753979507,0.069300490369972,-0.7973613031429823,1.3,0.2,1.2740865511936141,0.25827013003357957,-0.25827013003357957,1.2740865511936141
560,A2,-0.11763978467497858,-1.0338055594359317,-0.11710009501928624,-0.7754301306507642,1.3,0.2,1.2740865511936141,0.25827013003357957,-0.25827013003357957,1.2740865511936141
561,A2,-0.34946609688269537,-0.9577216440848701,-0.33590196655378113,-0.7432588778035869,1.3,0.2,1.2740865511936141,0.25827013003357957,-0.25827013003357957,1.2740865511936141
562,A2,-0.6199297451246045,-0.8602226956844278,-0.5510791111324355,-0.6963723933373389,1.3,0.2,1.2740865511936141,0.25827013003357957,-0.25827013003357957,1.2740865511936141
563,A2,-0.8819746727165966,-0.7449114272826495,-0.7074071963129203,-0.6321033650635117,1.3,0.2,1.2740865511936141,0.25827013003357957,-0.25827013003357957,1.2740865511936141
564,A2,-1.0645514133294889,-0.6226522478132199,-0.7873996130861387,-0.5529719773451711,1.3,0.2,1.2740865511936141,0.25827013003357957,-0.25827013003357957,1.2740865511936141
565,A2,-1.1460314019419675,-0.5011723590622751,-0.8164350940563163,-0.46303865672636063,1.3,0.2,1.2740865511936141,0.25827013003357957,-0.25827013003357957,1.2740865511936141
566,A2,-1.1597980273429371,-0.37909052731190995,-0.8209740488381344,-0.36191738171215565,1.3,0.2,1.2740865511936141,0.25827013003357957,-0.25827013003357957,1.2740865511936141
567,A2,-1.1394644437398476,-0.2490809943350439,-0.814233677401531,-0.24405458918875564,1.3,0.2,1.2740865511936141,0.25827013003357957,-0.25827013003357957,1.2740865511936141
568,A2,-1.100436188391282,-0.10065443210226291,-0.80065564650653,-0.10031588343740812,1.3,0.2,1.2740865511936141,0.25827013003357957,-0.25827013003357957,1.2740865511936141
569,A2,-1.046013187611011,0.0789743199766533,-0.7802515313719672,0.078810542436609,1.3,0.2,1.2740865511936141,0.25827013003357957,-0.25827013003357957,1.2740865511936141
570,A2,-0.9737535736261258,0.3019271166770947,-0.7503491341938733,0.2930751964675819,1.3,0.2,1.2740865511936141,0.25827013003357957,-0.25827013003357957,1.2740865511936141
571,A2,-0.8803171714748871,0.5671959347666078,-0.7065781787455812,0.5132969841818126,1.3,0.2,1.2740865511936141,0.25827013003357957,-0.25827013003357957,1.2740865511936141
572,A2,-0.7676724760561415,0.8364728224177999,-0.6455739979813615,0.683936314078182,1.3,0.2,1.2740865511936141,0.25827013003357957,-0.25827013003357957,1.2740865511936141
573,A2,-0.645876827856687,1.0381265400448876,-0.5688877313841862,0.7771471768204206,1.3,0.2,1.2740865511936141,0.25827013003357957,-0.25827013003357957,1.2740865511936141
574,A2,-0.5240983052829977,1.1370794746440853,-0.480856897145579,0.8134283243191347,1.3,0.2,1.2740865511936141,0.25827013003357957,-0.25827013003357957,1.2740865511936141
575,A2,-0.4025690666069735,1.160569061728299,-0.38214500686649605,0.8212252482312034,1.3,0.2,1.2740865511936141,0.25827013003357957,-0.25827013003357957,1.2740865511936141
576,A2,-0.27478786220686235,1.1450086848871066,-0.26807430046223674,0.8160938008318832,1.3,0.2,1.2740865511936141,0.25827013003357957,-0.25827013003357957,1.2740865511936141
577,A2,-0.13077720887912325,1.109009720591425,-0.1300367273072869,0.8037120649728481,1.3,0.2,1.2740865511936141,0.25827013003357957,-0.25827013003357957,1.2740865511936141
578,A2,0.041896774106648604,1.0575833354847481,0.041872276950145136,0.7847371657617418,1.3,0.2,1.2740865511936141,0.25827013003357957,-0.25827013003357957,1.2740865511936141
579,A2,0.256023074773502,0.9890087107061131,0.25057203411603923,0.7569393187326509,1.3,0.2,1.2740865511936141,0.25827013003357957,-0.25827013003357957,1.2740865511936141
580,A2,0.514745275049084,0.899690934232999,0.4736342328469404,0.7161473473929146,1.3,0.2,1.2740865511936141,0.25827013003357957,-0.25827013003357957,1.2740865511936141
581,A2,0.7884104747895626,0.7901081290805597,0.6575076312186254,0.6584702864526836,1.3,0.2,1.2740865511936141,0.25827013003357957,-0.25827013003357957,1.2740865511936141
582,A2,1.007784836748204,0.6691335549170655,0.764844252535319,0.5844096476904211,1.3,0.2,1.2740865511936141,0.25827013003357957,-0.25827013003357957,1.2740865511936141
583,A2,1.1254133316148658,0.547052047952431,0.8094436350462221,0.4983075230771911,1.3,0.2,1.2740865511936141,0.25827013003357957,-0.25827013003357957,1.2740865511936141
584,A2,1.1599991981435207,0.4258318006330096,0.8210396200128799,0.40183200864430413,1.3,0.2,1.2740865511936141,0.25827013003357957,-0.25827013003357957,1.2740865511936141
585,A2,1.1498567429797444,0.2999187486293767,0.8177066144727667,0.29123825455928026,1.3,0.2,1.2740865511936141,0.25827013003357957,-0.25827013003357957,1.2740865511936141
586,A2,1.1170471421975916,0.1598735496778817,0.8065393647152632,0.15852523417524814,1.3,0.2,1.2740865511936141,0.25827013003357957,-0.25827013003357957,1.2740865511936141
587,A2,1.0685432904360033,-0.006330157714709739,0.7889117727128159,-0.006330073164366329,1.3,0.2,1.2740865511936141,0.25827013003357957,-0.25827013003357957,1.2740865511936141
588,A2,1.003507010872429,-0.21181740721035147,0.7630630811356356,-0.20870540207260296,1.3,0.2,1.2740865511936141,0.25827013003357957,-0.25827013003357957,1.2740865511936141
589,A2,0.9183060380552732,-0.4629851471308838,0.725095061445894,-0.4325140618008717,1.3,0.2,1.2740865511936141,0.25827013003357957,-0.25827013003357957,1.2740865511936141
590,A2,0.8121284031424579,-0.7383307451489517,0.6707627181283954,-0.6281355777537171,1.3,0.2,1.2740865511936141,0.25827013003357957,-0.25827013003357957,1.2740865511936141
591,A2,0.6923811008642915,-0.9735370663749396,0.5995094836259586,-0.7502545103122558,1.3,0.2,1.2740865511936141,0.25827013003357957,-0.25827013003357957,1.2740865511936141
592,A2,0.5700586404642362,-1.1107245738536362,0.5154023425451747,-0.8043183672534016,1.3,0.2,1.2740865511936141,0.25827013003357957,-0.25827013003357957,1.2740865511936141
593,A2,0.44893578379155896,-1.157884244624319,0.4210238256003006,-0.8203491715654962,1.3,0.2,1.2740865511936141,0.25827013003357957,-0.25827013003357957,1.2740865511936141
594,A2,0.3245491067162687,-1.1539337249594463,0.31361443673576284,-0.8190530503016296,1.3,0.2,1.2740865511936141,0.25827013003357957,-0.25827013003357957,1.2740865511936141
595,A2,0.18803499829939413,-1.1245417174595662,0.18584977060583632,-0.8091428895057989,1.3,0.2,1.2740865511936141,0.25827013003357957,-0.25827013003357957,1.2740865511936141
596,A2,0.02781125398290532,-1.0789175179343593,0.027804085848903672,-0.7927973298284345,1.3,0.2,1.2740865511936141,0.25827013003357957,-0.25827013003357957,1.2740865511936141
597,A2,-0.1693310576167436,-1.0172733806242775,-0.16773099633734048,-0.7687536354265067,1.3,0.2,1.2740865511936141,0.25827013003357957,-0.25827013003357957,1.2740865511936141
598,A2,-0.4122499080371017,-0.936138761843404,-0.3903813808509157,-0.7334431721107394,1.3,0.2,1.2740865511936141,0.25827013003357957,-0.25827013003357957,1.2740865511936141
599,A2,-0.6868061306118258,-0.8336462316560219,-0.5959262836496501,-0.6824290045875119,1.3,0.2,1.2740865511936141,0.25827013003357957,-0.25827013003357957,1.2740865511936141
600,A2,-0.935512691254313,-0.7155636581207712,-0.733153756379164,-0.6141538078530823,1.3,0.2,1.2740865511936141,0.25827013003357957,-0.25827013003357957,1.2740865511936141
601,A2,-1.0927189247746059,-0.5931333909553052,-0.7978683636698941,-0.5321454327523475,1.3,0.2,1.2740865511936141,0.25827013003357957,-0.25827013003357957,1.2740865511936141
602,A2,-1.153990621888392,-0.47193377311416884,-0.8190717771725983,-0.4397604426530257,1.3,0.2,1.2740865511936141,0.25827013003357957,-0.25827013003357957,1.2740865511936141
603,A2,-1.1571453224654817,-0.3487510913339686,-0.8201073773683542,-0.33526748289793956,1.3,0.2,1.2740865511936141,0.25827013003357957,-0.25827013003357957,1.2740865511936141
604,A2,-1.131477356443768,-0.21535055201837708,-0.8115242785678827,-0.21208214633784725,1.3,0.2,1.2740865511936141,0.25827013003357957,-0.25827013003357957,1.2740865511936141
605,A2,-1.0887266528029158,-0.06061852944619328,-0.7964129194804005,-0.060544388679926314,1.3,0.2,1.2740865511936141,0.25827013003357957,-0.25827013003357957,1.2740865511936141
606,A2,-1.0303357970439893,0.12855087690729275,-0.7740429815980592,0.12784741140767075,1.3,0.2,1.2740865511936141,0.25827013003357957,-0.25827013003357957,1.2740865511936141
607,A2,-0.9531785853311776,0.36280084898834075,-0.7412186830507586,0.3476787087853309,1.3,0.2,1.2740865511936141,0.25827013003357957,-0.25827013003357957,1.2740865511936141
608,A2,-0.854581730240519,0.6344074126545892,-0.6934554994677017,0.5610795960911968,1.3,0.2,1.2740865511936141,0.25827013003357957,-0.25827013003357957,1.2740865511936141
609,A2,-0.7386122254813874,0.8939628095489631,-0.6283059686785412,0.7133455260286095,1.3,0.2,1.2740865511936141,0.25827013003357957,-0.25827013003357957,1.2740865511936141
610,A2,-0.6162803429617243,1.0711366052986664,-0.5485328798492974,0.7898890540344758,1.3,0.2,1.2740865511936141,0.25827013003357957,-0.25827013003357957,1.2740865511936141
611,A2,-0.4948736164059072,1.1480566788867435,-0.45807598641188485,0.8171092740336644,1.3,0.2,1.2740865511936141,0.25827013003357957,-0.25827013003357957,1.2740865511936141
612,A2,-0.37259353525581296,1.159375281477727,-0.35625816559668233,0.8208361851657555,1.3,0.2,1.2740865511936141,0.25827013003357957,-0.25827013003357957,1.2740865511936141
613,A2,-0.2419062692606134,1.13782718700694,-0.2372954903290107,0.8136811472871014,1.3,0.2,1.2740865511936141,0.25827013003357957,-0.25827013003357957,1.2740865511936141
614,A2,-0.092185457171375,1.0979865438619418,-0.09192520625443401,0.7997746190744411,1.3,0.2,1.2740865511936141,0.25827013003357957,-0.25827013003357957,1.2740865511936141
615,A2,0.089437225861439,1.0427236211214377,0.08919951643482099,0.7789613212175883,1.3,0.2,1.2740865511936141,0.25827013003357957,-0.25827013003357957,1.2740865511936141
616,A2,0.31483034598457466,0.9694265725547845,0.30482504229330926,0.7484521907243779,1.3,0.2,1.2740865511936141,0.25827013003357957,-0.25827013003357957,1.2740865511936141
617,A2,0.5816763314752325,0.8748656671027434,0.5238827546388876,0.7038378243109524,1.3,0.2,1.2740865511936141,0.25827013003357957,-0.25827013003357957,1.2740865511936141
618,A2,0.8492522584950121,0.7614470390130229,0.6906786305917985,0.6419285060407557,1.3,0.2,1.2740865511936141,0.25827013003357957,-0.25827013003357957,1.2740865511936141
619,A2,1.0457753131612402,0.639490816639977,0.7801584558185458,0.5645527560326602,1.3,0.2,1.2740865511936141,0.25827013003357957,-0.25827013003357957,1.2740865511936141
620,A2,1.1397965100697576,0.5177974480694494,0.8143455613092035,0.47599828891342727,1.3,0.2,1.2740865511936141,0.25827013003357957,-0.25827013003357957,1.2740865511936141
621,A2,1.1604828676617034,0.39614188428417374,0.82119718239679,0.3766429790127439,1.3,0.2,1.2740865511936141,0.25827013003357957,-0.25827013003357957,1.2740865511936141
622,A2,1.1435519171356956,0.2677850510808076,0.8156066748679273,0.261562620405307,1.3,0.2,1.2740865511936141,0.25827013003357957,-0.25827013003357957,1.2740865511936141
623,A2,1.1067073074969713,0.12260657497896699,0.8028953929260776,0.12199589083792095,1.3,0.2,1.2740865511936141,0.25827013003357957,-0.25827013003357957,1.2740865511936141
624,A2,1.0544661167327,-0.051930573716900685,0.7835366361871661,-0.051883942163162326,1.3,0.2,1.2740865511936141,0.25827013003357957,-0.25827013003357957,1.2740865511936141
625,A2,0.9848934180444173,-0.2684687418471253,0.7551764308616005,-0.26219942248761274,1.3,0.2,1.2740865511936141,0.25827013003357957,-0.25827013003357957,1.2740865511936141
626,A2,0.8944418553985541,-0.52910427291912,0.7135807233351292,-0.4846960945379086,1.3,0.2,1.2740865511936141,0.25827013003357957,-0.25827013003357957,1.2740865511936141
627,A2,0.7839810794292256,-0.8018413616720375,0.6549858076367949,-0.6650649346948303,1.3,0.2,1.2740865511936141,0.25827013003357957,-0.25827013003357957,1.2740865511936141
628,A2,0.6627422015683201,-1.0165135586736467,0.5801854422825583,-0.7684426731091952,1.3,0.2,1.2740865511936141,0.25827013003357957,-0.25827013003357957,1.2740865511936141
629,A2,0.540740680103263,-1.1289070447936025,0.49354842925475434,-0.8106448689164006,1.3,0.2,1.2740865511936141,0.25827013003357957,-0.25827013003357957,1.2740865511936141
630,A2,0.41945806037012257,-1.1603005422819908,0.3964737788188101,-0.8211378019474737,1.3,0.2,1.2740865511936141,0.25827013003357957,-0.25827013003357957,1.2740865511936141
631,A2,0.29306654260949583,-1.1485979645484004,0.2849548096863347,-0.8172890812708283,1.3,0.2,1.2740865511936141,0.25827013003357957,-0.25827013003357957,1.2740865511936141
632,A2,0.1519757334244532,-1.1148923426359307,0.15081640081400077,-0.8057849647244596,1.3,0.2,1.2740865511936141,0.25827013003357957,-0.25827013003357957,1.2740865511936141
633,A2,-0.015957039641945475,-1.0655911581588833,-0.01595568541488976,-0.7877943946962562,1.3,0.2,1.2740865511936141,0.25827013003357957,-0.25827013003357957,1.2740865511936141
634,A2,-0.22379268496011437,-0.9995973664413355,-0.22012996175713828,-0.7614250083331973,1.3,0.2,1.2740865511936141,0.25827013003357957,-0.25827013003357957,1.2740865511936141
635,A2,-0.47711795970256876,-0.9132683690125092,-0.44393251443531023,-0.7226972732967069,1.3,0.2,1.2740865511936141,0.25827013003357957,-0.25827013003357957,1.2740865511936141
636,A2,-0.7522595650288476,-0.8061243682622885,-0.6364950426700897,-0.6674467197586534,1.3,0.2,1.2740865511936141,0.25827013003357957,-0.25827013003357957,1.2740865511936141
637,A2,-0.9833313248699205,-0.6859972318466606,-0.7545043938298406,-0.5954043961358658,1.3,0.2,1.2740865511936141,0.25827013003357957,-0.25827013003357957,1.2740865511936141
638,A2,-1.115079071807665,-0.5637307857329217,-0.8058504427697446,-0.5107402738494867,1.3,0.2,1.2740865511936141,0.25827013003357957,-0.25827013003357957,1.2740865511936141
639,A2,-1.158632168346844,-0.442600215422815,-0.8205936129690385,-0.41579743573092026,1.3,0.2,1.2740865511936141,0.25827013003357957,-0.25827013003357957,1.2740865511936141
640,A2,-1.1528953440730834,-0.31782710175931816,-0.818710974242471,-0.30754085560891736,1.3,0.2,1.2740865511936141,0.25827013003357957,-0.25827013003357957,1.2740865511936141
641,A2,-1.1225372583657072,-0.1803850782963772,-0.8084496508353624,-0.17845370891839277,1.3,0.2,1.2740865511936141,0.25827013003357957,-0.25827013003357957,1.2740865511936141
642,A2,-1.0761240900538362,-0.018567074096693115,-0.7917573480250232,-0.018564940809754026,1.3,0.2,1.2740865511936141,0.25827013003357957,-0.25827013003357957,1.2740865511936141
643,A2,-1.0135621586044048,0.18083393182005178,-0.7672313432482843,0.17888823354121727,1.3,0.2,1.2740865511936141,0.25827013003357957,-0.25827013003357957,1.2740865511936141
644,A2,-0.9313176487486831,0.42607203130821963,-0.7312076356624025,0.40203343007390246,1.3,0.2,1.2740865511936141,0.25827013003357957,-0.25827013003357957,1.2740865511936141
645,A2,-0.8277885884645144,0.7010744775314725,-0.6792867957699771,0.6050493476846236,1.3,0.2,1.2740865511936141,0.25827013003357957,-0.25827013003357957,1.2740865511936141
646,A2,-0.7092039971906907,0.9463247257670536,-0.6101774376549852,0.7381146485945191,1.3,0.2,1.2740865511936141,0.25827013003357957,-0.25827013003357957,1.2740865511936141
647,A2,-0.5867859008858003,1.0980125531799867,-0.5275800575047302,0.799783991611857,1.3,0.2,1.2740865511936141,0.25827013003357957,-0.25827013003357957,1.2740865511936141
648,A2,-0.4656223404323607,1.1552521976274832,-0.4346554720284315,0.8194865599522858,1.3,0.2,1.2740865511936141,0.25827013003357957,-0.25827013003357957,1.2740865511936141
649,A2,-0.3421397909144891,1.1563553301997167,-0.3293863708590755,0.8198485473914253,1.3,0.2,1.2740865511936141,0.25827013003357957,-0.25827013003357957,1.2740865511936141
650,A2,-0.20792435431539555,1.1296286690800976,-0.20497891361075396,0.8108921366466073,1.3,0.2,1.2740865511936141,0.25827013003357957,-0.25827013003357957,1.2740865511936141
651,A2,-0.051731659534812846,1.086086696442488,-0.05168556140204227,0.795445385593899,1.3,0.2,1.2740865511936141,0.25827013003357957,-0.25827013003357957,1.2740865511936141
652,A2,0.13958790449871333,1.0268151046583693,0.13868830192642392,0.7726278351178508,1.3,0.2,1.2740865511936141,0.25827013003357957,-0.25827013003357957,1.2740865511936141
653,A2,0.37624759173578654,0.9485756880288171,0.3594442878302218,0.7391375555707183,1.3,0.2,1.2740865511936141,0.25827013003357957,-0.25827013003357957,1.2740865511936141
654,A2,0.6488602856178036,0.848891496077036,0.5709022179417191,0.690489918171401,1.3,0.2,1.2740865511936141,0.25827013003357957,-0.25827013003357957,1.2740865511936141
655,A2,0.9057117588791535,0.7322969284126944,0.719067662530543,0.6244685757427104,1.3,0.2,1.2740865511936141,0.25827013003357957,-0.25827013003357957,1.2740865511936141
656,A2,1.0774360184873473,0.6099133152921127,0.7922463469402473,0.5440660763817387,1.3,0.2,1.2740865511936141,0.25827013003357957,-0.25827013003357957,1.2740865511936141
657,A2,1.1499064321628103,0.48857370383576476,0.8177230786074058,0.45308366625062024,1.3,0.2,1.2740865511936141,0.25827013003357957,-0.25827013003357957,1.2740865511936141
658,A2,1.158867954452973,0.36607435989201753,0.8206706119710426,0.3505532342533412,1.3,0.2,1.2740865511936141,0.25827013003357957,-0.25827013003357957,1.2740865511936141
659,A2,1.1361428190664407,0.23468045557110806,0.8131111800124207,0.23046496295916677,1.3,0.2,1.2740865511936141,0.25827013003357957,-0.25827013003357957,1.2740865511936141
660,A2,1.0954962350306432,0.08362997963404359,0.7988754209313607,0.08343555491618675,1.3,0.2,1.2740865511936141,0.25827013003357957,-0.25827013003357957,1.2740865511936141
661,A2,1.0393853415054115,-0.10002154043448336,0.7776452279092378,-0.0996893210372392,1.3,0.2,1.2740865511936141,0.25827013003357957,-0.25827013003357957,1.2740865511936141
662,A2,0.9650405525718059,-0.32785535736328053,0.7465167934368517,-0.31659240568619607,1.3,0.2,1.2740865511936141,0.25827013003357957,-0.25827013003357957,1.2740865511936141
663,A2,0.8693606449738565,-0.5961691156080017,0.7010491453747192,-0.5343179883351047,1.3,0.2,1.2740865511936141,0.25827013003357957,-0.25827013003357957,1.2740865511936141
664,A2,0.7551989115211184,-0.8618274169344419,0.6382403134361395,-0.6971980065560657,1.3,0.2,1.2740865511936141,0.25827013003357957,-0.25827013003357957,1.2740865511936141
665,A2,0.6331079799661947,-1.0531290124159047,0.560188589095864,-0.7830198787859179,1.3,0.2,1.2740865511936141,0.25827013003357957,-0.25827013003357957,1.2740865511936141
666,A2,0.5114981015862493,-1.1423150766275083,0.47111162497963716,-0.8151921803679165,1.3,0.2,1.2740865511936141,0.25827013003357957,-0.25827013003357957,1.2740865511936141
667,A2,0.3896971950715462,-1.1602994542887832,0.3710991529471365,-0.8211374475521809,1.3,0.2,1.2740865511936141,0.25827013003357957,-0.25827013003357957,1.2740865511936141
668,A2,0.2607371645745453,-1.1420440050946934,0.25498489820419407,-0.8151012261518231,1.3,0.2,1.2740865511936141,0.25827013003357957,-0.25827013003357957,1.2740865511936141
669,A2,0.11435652989067491,-1.1043644929172587,0.11386062780783547,-0.8020612852482314,1.3,0.2,1.2740865511936141,0.25827013003357957,-0.25827013003357957,1.2740865511936141
670,A2,-0.06208017783553588,-1.0513022959174714,-0.06200054931796082,-0.7823121474254089,1.3,0.2,1.2740865511936141,0.25827013003357957,-0.25827013003357957,1.2740865511936141
671,A2,-0.28104192609503953,-0.9807204959356063,-0.2738691324636676,-0.7533776324195227,1.3,0.2,1.2740865511936141,0.25827013003357957,-0.25827013003357957,1.2740865511936141
672,A2,-0.5435079175484018,-0.889136092982225,-0.4956387349832512,-0.7109667694691864,1.3,0.2,1.2740865511936141,0.25827013003357957,-0.25827013003357957,1.2740865511936141
673,A2,-0.8151081264931369,-0.7778245187924577,-0.6723985222280193,-0.6514562628115566,1.3,0.2,1.2740865511936141,0.25827013003357957,-0.25827013003357957,1.2740865511936141
674,A2,-1.0249456079207104,-0.6563512093688395,-0.7718732524495878,-0.5759300339147716,1.3,0.2,1.2740865511936141,0.25827013003357957,-0.25827013003357957,1.2740865511936141
675,A2,-1.1321788549215053,-0.5344329053596956,-0.8117636537208817,-0.48876232911523804,1.3,0.2,1.2740865511936141,0.25827013003357957,-0.25827013003357957,1.2740865511936141
676,A2,-1.1604898642496733,-0.413071205852766,-0.8211994607189359,-0.3910772915531704,1.3,0.2,1.2740865511936141,0.25827013003357957,-0.25827013003357957,1.2740865511936141
677,A2,-1.1472827716920624,-0.2861750261417334,-0.8168519168790163,-0.2786105208499438,1.3,0.2,1.2740865511936141,0.25827013003357957,-0.25827013003357957,1.2740865511936141
678,A2,-1.1126968170609168,-0.14400546684543916,-0.8050136072676564,-0.14301821396473577,1.3,0.2,1.2740865511936141,0.25827013003357957,-0.25827013003357957,1.2740865511936141
679,A2,-1.0625943432654215,0.025693386039617988,-0.7866547760023752,0.025687733701833696,1.3,0.2,1.2740865511936141,0.25827013003357957,-0.25827013003357957,1.2740865511936141
680,A2,-0.9956318962134106,0.23589782732981912,-0.7597535529753023,0.23161735122847926,1.3,0.2,1.2740865511936141,0.25827013003357957,-0.25827013003357957,1.2740865511936141
681,A2,-0.9081719406475851,0.4913222011436985,-0.7202536863749411,0.45526521663834674,1.3,0.2,1.2740865511936141,0.25827013003357957,-0.25827013003357957,1.2740865511936141
682,A2,-0.8000841285569841,0.7660673029823859,-0.6640838001449754,0.6446368357898258,1.3,0.2,1.2740865511936141,0.25827013003357957,-0.25827013003357957,1.2740865511936141
683,A2,-0.6796097992263874,0.9928361323004598,-0.5912656654831748,0.7585690622960208,1.3,0.2,1.2740865511936141,0.25827013003357957,-0.25827013003357957,1.2740865511936141
684,A2,-0.5574079022160116,1.1191889007316416,-0.5060516714162432,0.8072866050796214,1.3,0.2,1.2740865511936141,0.25827013003357957,-0.25827013003357957,1.2740865511936141
685,A2,-0.43625561229220455,1.1592510374710794,-0.41053592559021124,0.820795649163468,1.3,0.2,1.2740865511936141,0.25827013003357957,-0.25827013003357957,1.2740865511936141
686,A2,-0.3110713025358651,1.1517938647630466,-0.30141138733582873,0.8183474752670777,1.3,0.2,1.2740865511936141,0.25827013003357957,-0.25827013003357957,1.2740865511936141
687,A2,-0.17266948613130892,1.1204910706418587,-0.17097367473838807,0.8077396591549414,1.3,0.2,1.2740865511936141,0.25827013003357957,-0.25827013003357957,1.2740865511936141
688,A2,-0.009220232789105637,1.073287629802027,-0.00921997151905128,0.790696627811374,1.3,0.2,1.2740865511936141,0.25827013003357957,-0.25827013003357957,1.2740865511936141
689,A2,0.19246627916714504,1.0097971828117456,0.19012444602502815,0.7656781182997353,1.3,0.2,1.2740865511936141,0.25827013003357957,-0.25827013003357957,1.2740865511936141
690,A2,0.4399867869107637,0.9264367276714796,0.4136334898203941,0.7289282533933499,1.3,0.2,1.2740865511936141,0.25827013003357957,-0.25827013003357957,1.2740865511936141
691,A2,0.7152652612924953,0.8218885092313615,0.6139679277433909,0.676096443928799,1.3,0.2,1.2740865511936141,0.25827013003357957,-0.25827013003357957,1.2740865511936141
692,A2,0.9568637960907986,0.7028358099847771,0.7428746891362453,0.6061646934823843,1.3,0.2,1.2740865511936141,0.25827013003357957,-0.25827013003357957,1.2740865511936141
693,A2,1.1030408848580873,0.5804439412124323,0.8015886558304606,0.5229880205417468,1.3,0.2,1.2740865511936141,0.25827013003357957,-0.25827013003357957,1.2740865511936141
694,A2,1.1563655100542778,0.4593055970328338,0.8198518848121875,0.42951808485459253,1.3,0.2,1.2740865511936141,0.25827013003357957,-0.25827013003357957,1.2740865511936141
695,A2,1.155493952037114,0.335499962508955,0.8195659464712719,0.323454045944256,1.3,0.2,1.2740865511936141,0.25827013003357957,-0.25827013003357957,1.2740865511936141
696,A2,1.1277364687212232,0.2004390463005088,0.8102431501621876,0.19779722600304755,1.3,0.2,1.2740865511936141,0.25827013003357957,-0.25827013003357957,1.2740865511936141
697,A2,1.0834050160984796,0.04274918176268139,0.7944583908459245,0.04272315951442792,1.3,0.2,1.2740865511936141,0.25827013003357957,-0.25827013003357957,1.2740865511936141
698,A2,1.0232428672229488,-0.15075186894821319,0.7711840796541154,-0.14962015364873613,1.3,0.2,1.2740865511936141,0.25827013003357957,-0.25827013003357957,1.2740865511936141
699,A2,0.9439128478434301,-0.3898028380834716,0.7370148378865172,-0.37119024380443766,1.3,0.2,1.2740865511936141,0.25827013003357957,-0.25827013003357957,1.2740865511936141
700,A2,0.8431533404467851,-0.6632774155831411,0.6874756695186194,-0.580540384900997,1.3,0.2,1.2740865511936141,0.25827013003357957,-0.25827013003357957,1.2740865511936141
701,A2,0.7259672641083738,-0.9172131273886206,0.6205919624468851,-0.7245763517517958,1.3,0.2,1.2740865511936141,0.25827013003357957,-0.25827013003357957,1.2740865511936141
702,A2,0.6035514445462358,-1.0834533519188478,0.5395718745561544,-0.7944762181454545,1.3,0.2,1.2740865511936141,0.25827013003357957,-0.25827013003357957,1.2740865511936141
703,A2,0.48227179260531106,-1.1515867629863679,0.44806116744296337,-0.8182790564209427,1.3,0.2,1.2740865511936141,0.25827013003357957,-0.25827013003357957,1.2740865511936141
704,A2,0.359531669245598,-1.1582791568878155,0.3448014489610912,-0.82047827679936,1.3,0.2,1.2740865511936141,0.25827013003357957,-0.25827013003357957,1.2740865511936141
705,A2,0.2274018577146997,-1.1344122530755238,0.2235615028905791,-0.8125239516370014,1.3,0.2,1.2740865511936141,0.25827013003357957,-0.25827013003357957,1.2740865511936141
706,A2,0.07498603755283284,-1.0929650977254464,0.07484580647100171,-0.7979578068458829,1.3,0.2,1.2740865511936141,0.25827013003357957,-0.25827013003357957,1.2740865511936141
707,A2,-0.11072863109745289,-1.035997746292025,-0.11027829792068823,-0.7763026886859062,1.3,0.2,1.2740865511936141,0.25827013003357957,-0.25827013003357957,1.2740865511936141
708,A2,-0.340999892621598,-0.9605952249662982,-0.3283697650045271,-0.7445422510160641,1.3,0.2,1.2740865511936141,0.25827013003357957,-0.25827013003357957,1.2740865511936141
709,A2,-0.6106645253962883,-0.863803166908172,-0.5445947062092791,-0.6982119759336083,1.3,0.2,1.2740865511936141,0.25827013003357957,-0.25827013003357957,1.2740865511936141
710,A2,-0.8741880888478555,-0.7489299428310602,-0.7034957468916067,-0.6345101375423112,1.3,0.2,1.2740865511936141,0.25827013003357957,-0.25827013003357957,1.2740865511936141
711,A2,-1.0601894856671799,-0.6267288948109037,-0.7857363705164765,-0.5557956942784561,1.3,0.2,1.2740865511936141,0.25827013003357957,-0.25827013003357957,1.2740865511936141
712,A2,-1.1446415686921259,-0.5051995847060953,-0.8159711506198437,-0.46619652013805446,1.3,0.2,1.2740865511936141,0.25827013003357957,-0.25827013003357957,1.2740865511936141
713,A2,-1.1600225050439794,-0.3832337413469215,-0.8210472154452081,-0.3655124887691798,1.3,0.2,1.2740865511936141,0.25827013003357957,-0.25827013003357957,1.2740865511936141
714,A2,-1.1404861730970188,-0.25364257513737665,-0.8145777378717952,-0.24833966999103066,1.3,0.2,1.2740865511936141,0.25827013003357957,-0.25827013003357957,1.2740865511936141
715,A2,-1.1019812595852512,-0.10602513538082486,-0.8012095649626558,-0.10562962588522391,1.3,0.2,1.2740865511936141,0.25827013003357957,-0.25827013003357957,1.2740865511936141
716,A2,-1.0480913086193813,0.07234721277907619,-0.7810631907563884,0.07222125184523838,1.3,0.2,1.2740865511936141,0.25827013003357957,-0.25827013003357957,1.2740865511936141
717,A2,-0.9764895148698293,0.2937414175274802,-0.7515422230562111,0.28557476595427855,1.3,0.2,1.2740865511936141,0.25827013003357957,-0.25827013003357957,1.2740865511936141
718,A2,-0.8837744071127492,0.5579478763370633,-0.7083051545287731,0.5064532547121574,1.3,0.2,1.2740865511936141,0.25827013003357957,-0.25827013003357957,1.2740865511936141
719,A2,-0.7716403235757858,0.8281993450005946,-0.6478822575962555,0.6795079549707169,1.3,0.2,1.2740865511936141,0.25827013003357957,-0.25827013003357957,1.2740865511936141
720,A2,-0.6499614632712071,1.0330805817731004,-0.5716440228401898,0.7751409136369065,1.3,0.2,1.2740865511936141,0.25827013003357957,-0.25827013003357957,1.2740865511936141
721,A2,-0.5281282170115494,1.1352351894565678,-0.48394899053093693,0.8128034024730025,1.3,0.2,1.2740865511936141,0.25827013003357957,-0.25827013003357957,1.2740865511936141
722,A2,-0.40667005985075416,1.1605714525693074,-0.3856416129637897,0.8212260266614272,1.3,0.2,1.2740865511936141,0.25827013003357957,-0.25827013003357957,1.2740865511936141
723,A2,-0.2792426399649707,1.14591274558601,-0.27220398179579336,0.8163955261911481,1.3,0.2,1.2740865511936141,0.25827013003357957,-0.25827013003357957,1.2740865511936141
724,A2,-0.13596085367915123,1.1104607181488335,-0.13512924071090202,0.8042251874286365,1.3,0.2,1.2740865511936141,0.25827013003357957,-0.25827013003357957,1.2740865511936141
725,A2,0.03554099547070899,1.0595523420037327,0.03552603834541403,0.7854924655830239,1.3,0.2,1.2740865511936141,0.25827013003357957,-0.25827013003357957,1.2740865511936141
726,A2,0.24813248889960526,0.9916100719201955,0.24316237297449778,0.7580480258598719,1.3,0.2,1.2740865511936141,0.25827013003357957,-0.25827013003357957,1.2740865511936141
727,A2,0.5055910713736605,0.9030172172195344,0.4665028654816318,0.7177638329199207,1.3,0.2,1.2740865511936141,0.25827013003357957,-0.25827013003357957,1.2740865511936141
728,A2,0.7797419854650591,0.7940094907274727,0.6525585873976292,0.6606744101280089,1.3,0.2,1.2740865511936141,0.25827013003357957,-0.25827013003357957,1.2740865511936141
729,A2,1.0020485858828412,0.6732199894401555,0.7624531680385265,0.587093997707707,1.3,0.2,1.2740865511936141,0.25827013003357957,-0.25827013003357957,1.2740865511936141
730,A2,1.1230601704427547,0.551089687912059,0.8086307158084315,0.5013364644451042,1.3,0.2,1.2740865511936141,0.25827013003357957,-0.25827013003357957,1.2740865511936141
731,A2,1.1597457537564,0.4299008868514726,0.820957006833357,0.4052384750531698,1.3,0.2,1.2740865511936141,0.25827013003357957,-0.25827013003357957,1.2740865511936141
732,A2,1.1506312751611358,0.30428021818462314,0.8179630977826657,0.29522469652149425,1.3,0.2,1.2740865511936141,0.25827013003357957,-0.25827013003357957,1.2740865511936141
733,A2,1.1184035030172919,0.16488637979125334,0.8070128867232091,0.16340816944148917,1.3,0.2,1.2740865511936141,0.25827013003357957,-0.25827013003357957,1.2740865511936141
734,A2,1.0704077147841788,-0.00023117215220899712,0.7896147784648944,-0.00023117214809100715,1.3,0.2,1.2740865511936141,0.25827013003357957,-0.25827013003357957,1.2740865511936141
735,A2,1.0059778650050994,-0.20422844483545768,0.7640932982440461,-0.20143562457178094,1.3,0.2,1.2740865511936141,0.25827013003357957,-0.25827013003357957,1.2740865511936141
736,A2,0.9214961901983613,-0.4539888956934685,0.7266044535211081,-0.42517235629391614,1.3,0.2,1.2740865511936141,0.25827013003357957,-0.25827013003357957,1.2740865511936141
737,A2,0.8159476425219162,-0.7293666077872527,0.6728582168599799,-0.6226776938883442,1.3,0.2,1.2740865511936141,0.25827013003357957,-0.25827013003357957,1.2740865511936141
738,A2,0.6964605559918646,-0.9671244546739828,0.6021163451840165,-0.7474379290009243,1.3,0.2,1.2740865511936141,0.25827013003357957,-0.25827013003357957,1.2740865511936141
739,A2,0.5741074465377091,-1.1078092799581047,0.5183694176963302,-0.8032866424210467,1.3,0.2,1.2740865511936141,0.25827013003357957,-0.25827013003357957,1.2740865511936141
740,A2,0.45298255804463794,-1.1573360447759917,0.4243475832294191,-0.820169814642348,1.3,0.2,1.2740865511936141,0.25827013003357957,-0.25827013003357957,1.2740865511936141
741,A2,0.32883018414681964,-1.1545636360308722,0.3174692539557139,-0.8192602799105992,1.3,0.2,1.2740865511936141,0.25827013003357957,-0.25827013003357957,1.2740865511936141
742,A2,0.1928928478585879,-1.1258013300620162,0.1905355620409764,-0.8095773752898947,1.3,0.2,1.2740865511936141,0.25827013003357957,-0.25827013003357957,1.2740865511936141
743,A2,0.03366914313215938,-1.0806812903918244,0.03365642632591921,-0.7934516070418459,1.3,0.2,1.2740865511936141,0.25827013003357957,-0.25827013003357957,1.2740865511936141
744,A2,-0.16204364958295783,-1.019618471158637,-0.16064006807180517,-0.7697110914563818,1.3,0.2,1.2740865511936141,0.25827013003357957,-0.25827013003357957,1.2740865511936141
745,A2,-0.40346273399184185,-0.9391900186596258,-0.38290790696643145,-0.7348498867468668,1.3,0.2,1.2740865511936141,0.25827013003357957,-0.25827013003357957,1.2740865511936141
746,A2,-0.6776475904169004,-0.8373686829272273,-0.5899879544900477,-0.684412826826607,1.3,0.2,1.2740865511936141,0.25827013003357957,-0.25827013003357957,1.2740865511936141
747,A2,-0.9284591079631574,-0.7196249123997938,-0.7298746729505208,-0.6166769112601146,1.3,0.2,1.2740865511936141,0.25827013003357957,-0.25827013003357957,1.2740865511936141
748,A2,-1.089192730922952,-0.5971949323769825,-0.7965833133211737,-0.5350505370386216,1.3,0.2,1.2740865511936141,0.25827013003357957,-0.25827013003357957,1.2740865511936141
749,A2,-1.1531036581832579,-0.47596701753578935,-0.8187796462623871,-0.4430079234331737,1.3,0.2,1.2740865511936141,0.25827013003357957,-0.25827013003357957,1.2740865511936141
750,A2,-1.157611849684964,-0.3529641116093819,-0.8202600710930892,-0.33900164508613023,1.3,0.2,1.2740865511936141,0.25827013003357957,-0.25827013003357957,1.2740865511936141
751,A2,-1.132636324018815,-0.2200687616141839,-0.8119196109501832,-0.21658359858203288,1.3,0.2,1.2740865511936141,0.25827013003357957,-0.25827013003357957,1.2740865511936141
752,A2,-1.090392931130902,-0.06625166666556728,-0.7970215133624007,-0.06615490410384528,1.3,0.2,1.2740865511936141,0.25827013003357957,-0.25827013003357957,1.2740865511936141
753,A2,-1.032560226872275,0.12155977628145509,-0.774933126770889,0.12096454031063346,1.3,0.2,1.2740865511936141,0.25827013003357957,-0.25827013003357957,1.2740865511936141
754,A2,-0.9560903473377262,0.3542613733995418,-0.7425278787810303,0.3401493174470453,1.3,0.2,1.2740865511936141,0.25827013003357957,-0.25827013003357957,1.2740865511936141
755,A2,-0.8581943757933512,0.6251524425633025,-0.695326199480656,0.5547052675750818,1.3,0.2,1.2740865511936141,0.25827013003357957,-0.25827013003357957,1.2740865511936141
756,A2,-0.742641957863944,0.8863245092492906,-0.6307387174384167,0.7095735862793607,1.3,0.2,1.2740865511936141,0.25827013003357957,-0.25827013003357957,1.2740865511936141
757,A2,-0.6203540548086319,1.0669591339307882,-0.5513744938913635,0.7883128183131886,1.3,0.2,1.2740865511936141,0.25827013003357957,-0.25827013003357957,1.2740865511936141
758,A2,-0.49890117324528704,1.1467823221808902,-0.4612525487611322,0.8166853227412707,1.3,0.2,1.2740865511936141,0.25827013003357957,-0.25827013003357957,1.2740865511936141
759,A2,-0.3767502445794314,1.159655542008727,-0.3598819187217987,0.8209275929556745,1.3,0.2,1.2740865511936141,0.25827013003357957,-0.25827013003357957,1.2740865511936141
760,A2,-0.2464996364803815,1.1388795556335833,-0.2416254588913774,0.8140364624556911,1.3,0.2,1.2740865511936141,0.25827013003357957,-0.25827013003357957,1.2740865511936141
761,A2,-0.09761044458898296,1.0995575476833208,-0.09730161728475566,0.8003400360065198,1.3,0.2,1.2740865511936141,0.25827013003357957,-0.25827013003357957,1.2740865511936141
762,A2,0.08273324317858835,1.0448325776063312,0.08254499469149297,0.7797892421937237,1.3,0.2,1.2740865511936141,0.25827013003357957,-0.25827013003357957,1.2740865511936141
763,A2,0.30656573658493896,0.9722000797318903,0.2973096041703892,0.7496695026968406,1.3,0.2,1.2740865511936141,0.25827013003357957,-0.25827013003357957,1.2740865511936141
764,A2,0.5724154081579117,0.878357641096731,0.5171309565515224,0.7055955900471372,1.3,0.2,1.2740865511936141,0.25827013003357957,-0.25827013003357957,1.2740865511936141
765,A2,0.8411038617407783,0.7654303724676292,0.6863932976588515,0.6442644331320724,1.3,0.2,1.2740865511936141,0.25827013003357957,-0.25827013003357957,1.2740865511936141
766,A2,1.0409187282976087,0.6435737634254219,0.7782506041419184,0.5673279743691929,1.3,0.2,1.2740865511936141,0.25827013003357957,-0.25827013003357957,1.2740865511936141
767,A2,1.1380824979075421,0.5218260575292589,0.8137674047890013,0.47910813841247035,1.3,0.2,1.2740865511936141,0.25827013003357957,-0.25827013003357957,1.2740865511936141
768,A2,1.1605494274493315,0.4002534222667931,0.8212188554210709,0.38016577929453155,1.3,0.2,1.2740865511936141,0.25827013003357957,-0.25827013003357957,1.2740865511936141
769,A2,1.1444893645313152,0.27226780604757506,0.8159202790291915,0.2657337689716406,1.3,0.2,1.2740865511936141,0.25827013003357957,-0.25827013003357957,1.2740865511936141
770,A2,1.108184149423853,0.12783998468285437,0.8034195800429289,0.12714807524676358,1.3,0.2,1.2740865511936141,0.25827013003357957,-0.25827013003357957,1.2740865511936141
771,A2,1.0564646318258182,-0.04550162672715599,0.7843069962481808,-0.04547025055184954,1.3,0.2,1.2740865511936141,0.25827013003357957,-0.25827013003357957,1.2740865511936141
772,A2,0.9875313884041819,-0.26049610461477934,0.7563077329731408,-0.25475949746148097,1.3,0.2,1.2740865511936141,0.25827013003357957,-0.25827013003357957,1.2740865511936141
773,A2,0.8978047426081438,-0.5199173460448914,0.7152272795234401,-0.47763621710418785,1.3,0.2,1.2740865511936141,0.25827013003357957,-0.25827013003357957,1.2740865511936141
774,A2,0.7879022899873652,-0.7932717230615213,0.657219046580767,-0.6602584685048913,1.3,0.2,1.2740865511936141,0.25827013003357957,-0.25827013003357957,1.2740865511936141
775,A2,0.6668289079203144,-1.0109664836547343,0.5828900735073371,-0.7661614683774973,1.3,0.2,1.2740865511936141,0.25827013003357957,-0.25827013003357957,1.2740865511936141
776,A2,0.544775781415381,-1.1266991179825436,0.49659453711770163,-0.8098865142935461,1.3,0.2,1.2740865511936141,0.25827013003357957,-0.25827013003357957,1.2740865511936141
777,A2,0.4235349257788451,-1.160121051529836,0.39990423192482594,-0.8210793273205652,1.3,0.2,1.2740865511936141,0.25827013003357957,-0.25827013003357957,1.2740865511936141
778,A2,0.2974523390258663,-1.1494094463824351,0.2889794271655979,-0.8175583458890457,1.3,0.2,1.2740865511936141,0.25827013003357957,-0.25827013003357957,1.2740865511936141
779,A2,0.15703390142052073,-1.1162748475444184,0.15575570771356367,-0.8062692839964157,1.3,0.2,1.2740865511936141,0.25827013003357957,-0.25827013003357957,1.2740865511936141
780,A2,-0.00978902035034046,-1.0674838982649923,-0.00978870768496282,-0.7885113924575429,1.3,0.2,1.2740865511936141,0.25827013003357957,-0.25827013003357957,1.2740865511936141
781,A2,-0.2161206006779452,-1.0021036297864492,-0.21281743887584437,-0.762476212036455,1.3,0.2,1.2740865511936141,0.25827013003357957,-0.25827013003357957,1.2740865511936141
782,A2,-0.46807266716134877,-0.9164962997488201,-0.43664075145957715,-0.7242356895484399,1.3,0.2,1.2740865511936141,0.25827013003357957,-0.25827013003357957,1.2740865511936141
783,A2,-0.7433665548523555,-0.8099676882906759,-0.6311748476419339,-0.669572434514724,1.3,0.2,1.2740865511936141,0.25827013003357957,-0.25827013003357957,1.2740865511936141
784,A2,-0.9771019445612845,-0.6900796238907697,-0.7518086201877489,-0.5980331498464305,1.3,0.2,1.2740865511936141,0.25827013003357957,-0.25827013003357957,1.2740865511936141
785,A2,-1.1123233514278674,-0.5677762832910366,-0.8048821253600521,-0.513724298737488,1.3,0.2,1.2740865511936141,0.25827013003357957,-0.25827013003357957,1.2740865511936141
786,A2,-1.1581691326537153,-0.4466522088643596,-0.8204423159394485,-0.4191432347839307,1.3,0.2,1.2740865511936141,0.25827013003357957,-0.25827013003357957,1.2740865511936141
787,A2,-1.1535666985189343,-0.32212901483926093,-0.8189322064557482,-0.31143071748463097,1.3,0.2,1.2740865511936141,0.25827013003357957,-0.25827013003357957,1.2740865511936141
788,A2,-1.1238237624857874,-0.18528396132573396,-0.8088948443698452,-0.1831924028727272,1.3,0.2,1.2740865511936141,0.25827013003357957,-0.25827013003357957,1.2740865511936141
789,A2,-1.0779151682525745,-0.024489600142092116,-0.792424688594359,-0.024484705514489925,1.3,0.2,1.2740865511936141,0.25827013003357957,-0.25827013003357957,1.2740865511936141
790,A2,-1.0159413066489218,0.17346399335913615,-0.7682082352084495,0.1717448520141056,1.3,0.2,1.2740865511936141,0.25827013003357957,-0.25827013003357957,1.2740865511936141
791,A2,-0.9344072157329852,0.41722304698806234,-0.7326420754025396,0.39458842292715235,1.3,0.2,1.2740865511936141,0.25827013003357957,-0.25827013003357957,1.2740865511936141
792,A2,-0.8315390118098127,0.6919593669904682,-0.6813015170286041,0.5992392575011544,1.3,0.2,1.2740865511936141,0.25827013003357957,-0.25827013003357957,1.2740865511936141
793,A2,-0.7132714991979028,0.9394425103245205,-0.6127242066632307,0.7349660102644233,1.3,0.2,1.2740865511936141,0.25827013003357957,-0.25827013003357957,1.2740865511936141
794,A2,-0.590843904259145,1.094658669791964,-0.5305022810171972,0.798572188626403,1.3,0.2,1.2740865511936141,0.25827013003357957,-0.25827013003357957,1.2740865511936141
795,A2,-0.469658478623805,1.1544629787875722,-0.437923330635068,0.8192271798118783,1.3,0.2,1.2740865511936141,0.25827013003357957,-0.25827013003357957,1.2740865511936141
796,A2,-0.34637031575899807,1.1568688477184441,-0.333152632628784,0.8200168324035408,1.3,0.2,1.2740865511936141,0.25827013003357957,-0.25827013003357957,1.2740865511936141
797,A2,-0.212679434792494,1.1308157916678048,-0.2095297329954529,0.8112982803010731,1.3,0.2,1.2740865511936141,0.25827013003357957,-0.25827013003357957,1.2740865511936141
798,A2,-0.05742490253531779,1.0877794993247412,-0.05736186386022466,0.7960662589990583,1.3,0.2,1.2740865511936141,0.25827013003357957,-0.25827013003357957,1.2740865511936141
799,A2,0.13251615693132077,1.0290721704878611,0.1317458823205841,0.773535951806432,1.3,0.2,1.2740865511936141,0.25827013003357957,-0.25827013003357957,1.2740865511936141
800,A2,0.3676368876984887,0.9515257269030006,0.3519229954142452,0.7404730006537897,1.3,0.2,1.2740865511936141,0.25827013003357957,-0.25827013003357957,1.2740865511936141
801,A2,0.6396224136782709,0.8525354938675298,0.5646424038265776,0.6923917503782432,1.3,0.2,1.2740865511936141,0.25827013003357957,-0.25827013003357957,1.2740865511936141
802,A2,0.8982274003534428,0.7363367502555626,0.7154336642715455,0.6269268097488951,1.3,0.2,1.2740865511936141,0.25827013003357957,-0.25827013003357957,1.2740865511936141
803,A2,1.0734408785949276,0.6139838713819725,0.7907540583221143,0.5469253676042549,1.3,0.2,1.2740865511936141,0.25827013003357957,-0.25827013003357957,1.2740865511936141
804,A2,1.1487435968197908,0.49260210190377157,0.8173374310450569,0.4562792455305872,1.3,0.2,1.2740865511936141,0.25827013003357957,-0.25827013003357957,1.2740865511936141
805,A2,1.1592019287564532,0.3702454057219714,0.8207796246139616,0.3542063477254659,1.3,0.2,1.2740865511936141,0.25827013003357957,-0.25827013003357957,1.2740865511936141
806,A2,1.1372252007001669,0.2393066836064644,0.8134776226071739,0.23484077642297124,1.3,0.2,1.2740865511936141,0.25827013003357957,-0.25827013003357957,1.2740865511936141
807,A2,1.0970932565247022,0.08911050354221206,0.7994524834933591,0.08887538426447882,1.3,0.2,1.2740865511936141,0.25827013003357957,-0.25827013003357957,1.2740865511936141
808,A2,1.041525514587995,-0.09323976504396096,0.7784897627832666,-0.092970503273879,1.3,0.2,1.2740865511936141,0.25827013003357957,-0.25827013003357957,1.2740865511936141
809,A2,0.9678518330342349,-0.31951312014279587,0.7477587731613903,-0.30906661546854153,1.3,0.2,1.2740865511936141,0.25827013003357957,-0.25827013003357957,1.2740865511936141
810,A2,0.8728867214558652,-0.5869013737695392,0.7028378324226248,-0.5276633845064559,1.3,0.2,1.2740865511936141,0.25827013003357957,-0.25827013003357957,1.2740865511936141
811,A2,0.7591965390292963,-0.8538108401292909,0.6406034625514333,-0.6930551014368755,1.3,0.2,1.2740865511936141,0.25827013003357957,-0.25827013003357957,1.2740865511936141
812,A2,0.6371888251163056,-1.0484609235499693,0.5629824167877969,-0.7812072769071969,1.3,0.2,1.2740865511936141,0.25827013003357957,-0.25827013003357957,1.2740865511936141
813,A2,0.5155258207978096,-1.1407272271924485,0.4742394553771432,-0.8146588277580102,1.3,0.2,1.2740865511936141,0.25827013003357957,-0.25827013003357957,1.2740865511936141
814,A2,0.39382007076333736,-1.1604277420649445,0.3746487974860208,-0.8211792307501119,1.3,0.2,1.2740865511936141,0.25827013003357957,-0.25827013003357957,1.2740865511936141
815,A2,0.26524892759109275,-1.143014007661874,0.2591984425945954,-0.8154265114158801,1.3,0.2,1.2740865511936141,0.25827013003357957,-0.25827013003357957,1.2740865511936141
816,A2,0.11964093866389655,-1.1058671671551064,0.11907334328390033,-0.8025966400524891,1.3,0.2,1.2740865511936141,0.25827013003357957,-0.25827013003357957,1.2740865511936141
817,A2,-0.05557699330719254,-1.0533306729775245,-0.05551984180523881,-0.7830978848791164,1.3,0.2,1.2740865511936141,0.25827013003357957,-0.25827013003357957,1.2740865511936141
818,A2,-0.27298787632520227,-0.9833953666301645,-0.2664028637478402,-0.7545319767637642,1.3,0.2,1.2740865511936141,0.25827013003357957,-0.25827013003357957,1.2740865511936141
819,A2,-0.5342933776538592,-0.8925351417787718,-0.48865612574777045,-0.7126436295573398,1.3,0.2,1.2740865511936141,0.25827013003357957,-0.25827013003357957,1.2740865511936141
820,A2,-0.8066447608469862,-0.7817643830742288,-0.6677351849684677,-0.653718249926351,1.3,0.2,1.2740865511936141,0.25827013003357957,-0.25827013003357957,1.2740865511936141
821,A2,-1.0195883163409079,-0.6604375774511871,-0.7696988017308983,-0.5786545452860388,1.3,0.2,1.2740865511936141,0.25827013003357957,-0.25827013003357957,1.2740865511936141
822,A2,-1.1301120764107246,-0.5384657643262687,-0.8110576165133806,-0.4918257290868103,1.3,0.2,1.2740865511936141,0.25827013003357957,-0.25827013003357957,1.2740865511936141
823,A2,-1.1603814964479566,-0.41715659087886303,-0.821164169614521,-0.3945323125644288,1.3,0.2,1.2740865511936141,0.25827013003357957,-0.25827013003357957,1.2740865511936141
824,A2,-1.148130136496397,-0.29058613658439525,-0.8171336849146419,-0.2826742034905477,1.3,0.2,1.2740865511936141,0.25827013003357957,-0.25827013003357957,1.2740865511936141
825,A2,-1.1141053417696676,-0.1491101779789512,-0.8055087800994141,-0.1480148210103127,1.3,0.2,1.2740865511936141,0.25827013003357957,-0.25827013003357957,1.2740865511936141
826,A2,-1.0645157106622685,0.01945516455289631,-0.7873860456251632,0.0194527103089811,1.3,0.2,1.2740865511936141,0.25827013003357957,-0.25827013003357957,1.2740865511936141
827,A2,-0.9981739173075358,0.22814273297917512,-0.7608261808839165,0.2242652327094696,1.3,0.2,1.2740865511936141,0.25827013003357957,-0.25827013003357957,1.2740865511936141
828,A2,-0.9114373940463123,0.48223199356528235,-0.721821442759472,0.44802935784361597,1.3,0.2,1.2740865511936141,0.25827013003357957,-0.25827013003357957,1.2740865511936141
829,A2,-0.8039503920738826,0.7572530972509772,-0.6662394677847482,0.6394561294528425,1.3,0.2,1.2740865511936141,0.25827013003357957,-0.25827013003357957,1.2740865511936141
830,A2,-0.6836943280743837,0.9867922085924591,-0.5939158480731075,0.7559911881330122,1.3,0.2,1.2740865511936141,0.25827013003357957,-0.25827013003357957,1.2740865511936141
831,A2,-0.5614502521073427,1.1165889289319975,-0.5090526675221441,0.8063791626180119,1.3,0.2,1.2740865511936141,0.25827013003357957,-0.25827013003357957,1.2740865511936141
832,A2,-0.44031350635347516,1.1588699448892619,-0.4139042733594118,0.8206712618469251,1.3,0.2,1.2740865511936141,0.25827013003357957,-0.25827013003357957,1.2740865511936141
833,A2,-0.3153949946567648,1.15250532817225,-0.30533713657155653,0.8185823401192366,1.3,0.2,1.2740865511936141,0.25827013003357957,-0.25827013003357957,1.2740865511936141
834,A2,-0.1776105718600009,1.121804212556933,-0.1757662349256422,0.808195566518353,1.3,0.2,1.2740865511936141,0.25827013003357957,-0.25827013003357957,1.2740865511936141
835,A2,-0.015208622015440487,1.0751062703850958,-0.015207449528092639,0.7913772726843715,1.3,0.2,1.2740865511936141,0.25827013003357957,-0.25827013003357957,1.2740865511936141
836,A2,0.18501350420011367,1.0122107700145389,0.1829310091966844,0.7666748647208186,1.3,0.2,1.2740865511936141,0.25827013003357957,-0.25827013003357957,1.2740865511936141
837,A2,0.4310791556186938,0.9295645187465769,0.40622278017743546,0.7303907959512772,1.3,0.2,1.2740865511936141,0.25827013003357957,-0.25827013003357957,1.2740865511936141
838,A2,0.7062011068582165,0.825665879978093,0.6082891186739605,0.6781419207222097,1.3,0.2,1.2740865511936141,0.25827013003357957,-0.25827013003357957,1.2740865511936141
839,A2,0.9501567873860559,0.7069085912148382,0.7398540239894045,0.6087346309423802,1.3,0.2,1.2740865511936141,0.25827013003357957,-0.25827013003357957,1.2740865511936141
840,A2,1.0998560341008095,0.5844984115478842,0.8004473030602166,0.5259272778419274,1.3,0.2,1.2740865511936141,0.25827013003357957,-0.25827013003357957,1.2740865511936141
841,A2,1.1556704502046622,0.4633452425578768,0.8196238844960917,0.4328067491499396,1.3,0.2,1.2740865511936141,0.25827013003357957,-0.25827013003357957,1.2740865511936141
842,A2,1.1560528236559042,0.339748891130333,0.8197493465176087,0.32725319678520365,1.3,0.2,1.2740865511936141,0.25827013003357957,-0.25827013003357957,1.2740865511936141
843,A2,1.128951343435458,0.2052321265391006,0.8106600563772703,0.20239838560295953,1.3,0.2,1.2740865511936141,0.25827013003357957,-0.25827013003357957,1.2740865511936141
844,A2,1.0851245327884,0.04850378290644339,0.7950917444332871,0.04846578172622876,1.3,0.2,1.2740865511936141,0.25827013003357957,-0.25827013003357957,1.2740865511936141
845,A2,1.0255329622961333,-0.1435988475329374,0.7721105603357616,-0.1426198885866008,1.3,0.2,1.2740865511936141,0.25827013003357957,-0.25827013003357957,1.2740865511936141
846,A2,0.9469012237877235,-0.3811231767991369,0.7383769512193821,-0.3636824853188454,1.3,0.2,1.2740865511936141,0.25827013003357957,-0.25827013003357957,1.2740865511936141
847,A2,0.8468278204857244,-0.6540636746546378,0.6894086149838966,-0.574399249875126,1.3,0.2,1.2740865511936141,0.25827013003357957,-0.25827013003357957,1.2740865511936141
848,A2,0.7300160756715596,-0.9098880119197593,0.6230751844020462,-0.721078499010389,1.3,0.2,1.2740865511936141,0.25827013003357957,-0.25827013003357957,1.2740865511936141
849,A2,0.6076186751252968,-1.0796381268402275,0.5424486514089861,-0.7930648632563995,1.3,0.2,1.2740865511936141,0.25827013003357957,-0.25827013003357957,1.2740865511936141
850,A2,0.48630156611500885,-1.15053156023512,0.4512761061714668,-0.8179300957953128,1.3,0.2,1.2740865511936141,0.25827013003357957,-0.25827013003357957,1.2740865511936141
851,A2,0.36371790554865374,-1.1586648734912648,0.34848465390996664,-0.8206042950368566,1.3,0.2,1.2740865511936141,0.25827013003357957,-0.25827013003357957,1.2740865511936141
852,A2,0.23206203285876675,-1.1355240730382097,0.22798412400613527,-0.8129014122821454,1.3,0.2,1.2740865511936141,0.25827013003357957,-0.25827013003357957,1.2740865511936141
853,A2,0.08052335282728396,-1.0945882461876333,0.08034976494723368,-0.7985466739549552,1.3,0.2,1.2740865511936141,0.25827013003357957,-0.25827013003357957,1.2740865511936141
854,A2,-0.10386819840939022,-1.0381695220274898,-0.10349627244499739,-0.7771641989335829,1.3,0.2,1.2740865511936141,0.25827013003357957,-0.25827013003357957,1.2740865511936141
855,A2,-0.33258150753686055,-0.9634444581880762,-0.320838465439777,-0.7458093398811712,1.3,0.2,1.2740865511936141,0.25827013003357957,-0.25827013003357957,1.2740865511936141
856,A2,-0.6013962491137852,-0.867362657508282,-0.5380423617212129,-0.7000316848272152,1.3,0.2,1.2740865511936141,0.25827013003357957,-0.25827013003357957,1.2740865511936141
857,A2,-0.8663098113093979,-0.7529406843224498,-0.6994943841639244,-0.636900047226194,1.3,0.2,1.2740865511936141,0.25827013003357957,-0.25827013003357957,1.2740865511936141
858,A2,-1.0557086455142175,-0.630807279069696,-0.7840158728804267,-0.5586078395131977,1.3,0.2,1.2740865511936141,0.25827013003357957,-0.25827013003357957,1.2740865511936141
859,A2,-1.1431757989081244,-0.5092268542778677,-0.8154807172108997,-0.46934258244392346,1.3,0.2,1.2740865511936141,0.25827013003357957,-0.25827013003357957,1.2740865511936141
860,A2,-1.1602101843542183,-0.38736876132034714,-0.8211083672309039,-0.36908964573211545,1.3,0.2,1.2740865511936141,0.25827013003357957,-0.25827013003357957,1.2740865511936141
861,A2,-1.1414879585587232,-0.25818438903571805,-0.8149145267795193,-0.25259654779896035,1.3,0.2,1.2740865511936141,0.25827013003357957,-0.25827013003357957,1.2740865511936141
862,A2,-1.1035097821881645,-0.11136178363099089,-0.8017562028325476,-0.1109037067429438,1.3,0.2,1.2740865511936141,0.25827013003357957,-0.25827013003357957,1.2740865511936141
863,A2,-1.0501499101267144,0.06576875752208583,-0.7818646326605119,0.06567409307538624,1.3,0.2,1.2740865511936141,0.25827013003357957,-0.25827013003357957,1.2740865511936141
864,A2,-0.9792015567682761,0.2856067590950746,-0.7527200575096097,0.2780862819197584,1.3,0.2,1.2740865511936141,0.25827013003357957,-0.25827013003357957,1.2740865511936141
865,A2,-0.8872091218947068,0.5487110989972905,-0.7100125255332659,0.4995535832310074,1.3,0.2,1.2740865511936141,0.25827013003357957,-0.25827013003357957,1.2740865511936141
866,A2,-0.7755976410611337,0.8198495292901531,-0.6501726013361779,0.6749879682214148,1.3,0.2,1.2740865511936141,0.25827013003357957,-0.25827013003357957,1.2740865511936141
867,A2,-0.6540469369933452,1.0279132548197727,-0.5743880344378887,0.7730700650058739,1.3,0.2,1.2740865511936141,0.25827013003357957,-0.25827013003357957,1.2740865511936141
868,A2,-0.5321591636297135,1.1333054452983626,-0.48702983602914374,0.8121475146316048,1.3,0.2,1.2740865511936141,0.25827013003357957,-0.25827013003357957,1.2740865511936141
869,A2,-0.4107647199044101,1.1605314850589266,-0.38912180249407685,0.8212130133000036,1.3,0.2,1.2740865511936141,0.25827013003357957,-0.25827013003357957,1.2740865511936141
870,A2,-0.28368006360366144,1.1467949944397633,-0.2763076308276248,0.8166895428776662,1.3,0.2,1.2740865511936141,0.25827013003357957,-0.25827013003357957,1.2740865511936141
871,A2,-0.14111332199356733,1.111895170824016,-0.14018406126287336,0.8047312832623942,1.3,0.2,1.2740865511936141,0.25827013003357957,-0.25827013003357957,1.2740865511936141
872,A2,0.02923142602353926,1.0615026610603928,0.029223103014986835,0.7862382973451632,1.3,0.2,1.2740865511936141,0.25827013003357957,-0.25827013003357957,1.2740865511936141
873,A2,0.24029462982825578,0.9941881860651729,0.2357740203970379,0.7591425192870271,1.3,0.2,1.2740865511936141,0.25827013003357957,-0.25827013003357957,1.2740865511936141
874,A2,0.49646034567899455,0.9063198873563573,0.4593288548649872,0.7193612247224521,1.3,0.2,1.2740865511936141,0.25827013003357957,-0.25827013003357957,1.2740865511936141
875,A2,0.7710142336088265,0.797897538794888,0.6475188224081263,0.6628597369306364,1.3,0.2,1.2740865511936141,0.25827013003357957,-0.25827013003357957,1.2740865511936141
876,A2,0.9961918937260197,0.6773059056885238,0.7599902049546794,0.5897651604547125,1.3,0.2,1.2740865511936141,0.25827013003357957,-0.25827013003357957,1.2740865511936141
877,A2,1.120612023851549,0.5551290902400012,0.807781693139594,0.5043544822568828,1.3,0.2,1.2740865511936141,0.25827013003357957,-0.25827013003357957,1.2740865511936141
878,A2,1.1594434892450676,0.43396537995180473,0.8208584352005988,0.4086298996709259,1.3,0.2,1.2740865511936141,0.25827013003357957,-0.25827013003357957,1.2740865511936141
879,A2,1.1513815900465363,0.30862664478790325,0.8182112519215169,0.2991871894061372,1.3,0.2,1.2740865511936141,0.25827013003357957,-0.25827013003357957,1.2740865511936141
880,A2,1.119743066420799,0.16987084788306783,0.8074795281981958,0.16825555276913948,1.3,0.2,1.2740865511936141,0.25827013003357957,-0.25827013003357957,1.2740865511936141
881,A2,1.0722541907340435,0.005824294199606561,0.7903089794208651,0.005824228342481979,1.3,0.2,1.2740865511936141,0.25827013003357957,-0.25827013003357957,1.2740865511936141
882,A2,1.008426266179033,-0.1966926318794954,0.7651103236911735,-0.19419473263293313,1.3,0.2,1.2740865511936141,0.25827013003357957,-0.25827013003357957,1.2740865511936141
883,A2,0.9246620747453731,-0.44502603995001333,0.7280954617411872,-0.4178018398246798,1.3,0.2,1.2740865511936141,0.25827013003357957,-0.25827013003357957,1.2740865511936141
884,A2,0.8197509002897625,-0.7203610147653287,0.6749342718827473,-0.6171328738923221,1.3,0.2,1.2740865511936141,0.25827013003357957,-0.25827013003357957,1.2740865511936141
885,A2,0.7005376911572959,-0.9605960570889487,0.604708960077093,-0.7445426218569822,1.3,0.2,1.2740865511936141,0.25827013003357957,-0.25827013003357957,1.2740865511936141
886,A2,0.5781584336579553,-1.104790003049995,0.521325652822749,-0.8022130119404202,1.3,0.2,1.2740865511936141,0.25827013003357957,-0.25827013003357957,1.2740865511936141
887,A2,0.45702634414521387,-1.1567316538501837,0.42765750347497267,-0.8199718864233955,1.3,0.2,1.2740865511936141,0.25827013003357957,-0.25827013003357957,1.2740865511936141
888,A2,0.3330984279640491,-1.155166311881223,0.3213020985291735,-0.8194583494996295,1.3,0.2,1.2740865511936141,0.25827013003357957,-0.25827013003357957,1.2740865511936141
889,A2,0.1977250681239337,-1.127043597127986,0.19518803455701517,-0.8100050109346828,1.3,0.2,1.2740865511936141,0.25827013003357957,-0.25827013003357957,1.2740865511936141
890,A2,0.039486350281055876,-1.0824277298973548,0.039465841069863616,-0.794097652677332,1.3,0.2,1.2740865511936141,0.25827013003357957,-0.25827013003357957,1.2740865511936141
891,A2,-0.154808806677677,-1.0219419875156046,-0.15358384429325156,-0.7706563363369962,1.3,0.2,1.2740865511936141,0.25827013003357957,-0.25827013003357957,1.2740865511936141
892,A2,-0.39471662269160396,-0.9422167542824342,-0.37541924884730166,-0.7362390778727542,1.3,0.2,1.2740865511936141,0.25827013003357957,-0.25827013003357957,1.2740865511936141
893,A2,-0.6684651783935547,-0.8410727293639627,-0.5839693729915472,-0.6863768325061792,1.3,0.2,1.2740865511936141,0.25827013003357957,-0.25827013003357957,1.2740865511936141
894,A2,-0.921298158220905,-0.72368164544884,-0.7265109598729258,-0.6191846203466904,1.3,0.2,1.2740865511936141,0.25827013003357957,-0.25827013003357957,1.2740865511936141
895,A2,-1.0855547356805906,-0.6012587174124409,-0.7952499314658995,-0.5379446367839187,1.3,0.2,1.2740865511936141,0.25827013003357957,-0.25827013003357957,1.2740865511936141
896,A2,-1.1521522738113954,-0.47999872380423125,-0.8184658257138342,-0.44624258818557994,1.3,0.2,1.2740865511936141,0.25827013003357957,-0.25827013003357957,1.2740865511936141
897,A2,-1.1580474324307835,-0.35716640494192475,-0.8204025312791184,-0.34271568914802203,1.3,0.2,1.2740865511936141,0.25827013003357957,-0.25827013003357957,1.2740865511936141
898,A2,-1.1337770572687307,-0.22476398199321038,-0.8123079976077372,-0.22105399459607764,1.3,0.2,1.2740865511936141,0.25827013003357957,-0.25827013003357957,1.2740865511936141
899,A2,-1.0920423391078036,-0.07184702943302143,-0.7976223555647177,-0.07172365947664475,1.3,0.2,1.2740865511936141,0.25827013003357957,-0.25827013003357957,1.2740865511936141
900,A2,-1.0347639950158949,0.11461987954780621,-0.7758119827824228,0.11412055553614962,1.3,0.2,1.2740865511936141,0.25827013003357957,-0.25827013003357957,1.2740865511936141
901,A2,-0.958977682800111,0.3457685266981777,-0.7438205137121205,0.3326175293260248,1.3,0.2,1.2740865511936141,0.25827013003357957,-0.25827013003357957,1.2740865511936141
902,A2,-0.8617865404720577,0.6158901416036091,-0.6971769989326819,0.5482600271353186,1.3,0.2,1.2740865511936141,0.25827013003357957,-0.25827013003357957,1.2740865511936141
903,A2,-0.7466646496412022,0.8785907213009199,-0.6331549128301429,0.7057126084965911,1.3,0.2,1.2740865511936141,0.25827013003357957,-0.25827013003357957,1.2740865511936141
904,A2,-0.624429672096299,1.0626639451613118,-0.5542046914813452,0.7866813050011958,1.3,0.2,1.2740865511936141,0.25827013003357957,-0.25827013003357957,1.2740865511936141
905,A2,-0.5029284610871432,1.145434588511572,-0.4644171197472452,0.8162359993366712,1.3,0.2,1.2740865511936141,0.25827013003357957,-0.25827013003357957,1.2740865511936141
906,A2,-0.3808982287272684,1.159900379261874,-0.3634872740256044,0.8210074129249676,1.3,0.2,1.2740865511936141,0.25827013003357957,-0.25827013003357957,1.2740865511936141
907,A2,-0.25107255607138634,1.1399124087661077,-0.24592661587219405,0.8143845970931016,1.3,0.2,1.2740865511936141,0.25827013003357957,-0.25827013003357957,1.2740865511936141
908,A2,-0.10300057807474078,1.1011119617155807,-0.10263786874145825,0.8008980844924902,1.3,0.2,1.2740865511936141,0.25827013003357957,-0.25827013003357957,1.2740865511936141
909,A2,0.07607852421885283,1.0469217740348347,0.07593208388675854,0.7806067253348301,1.3,0.2,1.2740865511936141,0.25827013003357957,-0.25827013003357957,1.2740865511936141
910,A2,0.2983514473415377,0.9749495413412407,0.2898032374791215,0.7508712747791881,1.3,0.2,1.2740865511936141,0.25827013003357957,-0.25827013003357957,1.2740865511936141
911,A2,0.5631620291402184,0.8818274730458833,0.5103197585057178,0.7073336513710856,1.3,0.2,1.2740865511936141,0.25827013003357957,-0.25827013003357957,1.2740865511936141
912,A2,0.8328746952372448,0.769403942030596,0.6820165628134492,0.646582719630116,1.3,0.2,1.2740865511936141,0.25827013003357957,-0.25827013003357957,1.2740865511936141
913,A2,1.035941133448246,0.6476578409520375,0.7762801923496453,0.5700911288710422,1.3,0.2,1.2740865511936141,0.25827013003357957,-0.25827013003357957,1.2740865511936141
914,A2,1.1362856630151892,0.5258554540287453,0.8131595770927459,0.48220661025038536,1.3,0.2,1.2740865511936141,0.25827013003357957,-0.25827013003357957,1.2740865511936141
915,A2,1.160575245080573,0.4043581273028827,0.8212272614530307,0.3836717569918987,1.3,0.2,1.2740865511936141,0.25827013003357957,-0.25827013003357957,1.2740865511936141
916,A2,1.145405563859378,0.27673255405360797,0.816226311874274,0.26987829656677903,1.3,0.2,1.2740865511936141,0.25827013003357957,-0.25827013003357957,1.2740865511936141
917,A2,1.1096444694369199,0.1330414324101771,0.8039366812250826,0.13226200484013415,1.3,0.2,1.2740865511936141,0.25827013003357957,-0.25827013003357957,1.2740865511936141
918,A2,1.0584442387486688,-0.039119589598046844,0.7850676907252675,-0.03909964635184117,1.3,0.2,1.2740865511936141,0.25827013003357957,-0.25827013003357957,1.2740865511936141
919,A2,0.990145915782134,-0.25257586814208416,0.7574245361675191,-0.24733848474080783,1.3,0.2,1.2740865511936141,0.25827013003357957,-0.25827013003357957,1.2740865511936141
920,A2,0.9011442724587804,-0.5107507704474791,0.716854579780711,-0.4705299564362788,1.3,0.2,1.2740865511936141,0.25827013003357957,-0.25827013003357957,1.2740865511936141
921,A2,0.7918109462266614,-0.7846380149643113,0.6594337096571807,-0.6553607522311589,1.3,0.2,1.2740865511936141,0.25827013003357957,-0.25827013003357957,1.2740865511936141
922,A2,0.6709155141802826,-1.0052983505395356,0.5855817842478955,-0.7638103636716739,1.3,0.2,1.2740865511936141,0.25827013003357957,-0.25827013003357957,1.2740865511936141
923,A2,0.5488124739877254,-1.1243987955793826,0.49962965585637764,-0.8090935346191819,1.3,0.2,1.2740865511936141,0.25827013003357957,-0.25827013003357957,1.2740865511936141
924,A2,0.4276067327086799,-1.1598946073026637,0.40331928195639394,-0.8210055315642566,1.3,0.2,1.2740865511936141,0.25827013003357957,-0.25827013003357957,1.2740865511936141
925,A2,0.3018224675823182,-1.1501974296175115,0.29297953307125824,-0.8178194715534515,1.3,0.2,1.2740865511936141,0.25827013003357957,-0.25827013003357957,1.2740865511936141
926,A2,0.16206294159897158,-1.117640652114012,0.1606588621946335,-0.8067466937497529,1.3,0.2,1.2740865511936141,0.25827013003357957,-0.25827013003357957,1.2740865511936141
927,A2,-0.0036652778466584046,-1.0693584979565285,-0.0036652614333126817,-0.7892194120022459,1.3,0.2,1.2740865511936141,0.25827013003357957,-0.25827013003357957,1.2740865511936141
928,A2,-0.20850166046163757,-1.0045872112260048,-0.20553189795783688,-0.763513946537095,1.3,0.2,1.2740865511936141,0.25827013003357957,-0.25827013003357957,1.2740865511936141
929,A2,-0.45905827328396526,-0.919700100920054,-0.42931636739739965,-0.725755509820795,1.3,0.2,1.2740865511936141,0.25827013003357957,-0.25827013003357957,1.2740865511936141
930,A2,-0.734427179802327,-0.8137957404840693,-0.6257663837609722,-0.6716788572304363,1.3,0.2,1.2740865511936141,0.25827013003357957,-0.25827013003357957,1.2740865511936141
931,A2,-0.9707551195366275,-0.6941602334138054,-0.7490359305647015,-0.6006479597543216,1.3,0.2,1.2740865511936141,0.25827013003357957,-0.25827013003357957,1.2740865511936141
932,A2,-1.1094660321634329,-0.5718238803380956,-0.803873561439008,-0.516697485172329,1.3,0.2,1.2740865511936141,0.25827013003357957,-0.25827013003357957,1.2740865511936141
933,A2,-1.1576520201730345,-0.4507007876502169,-0.8202732133758359,-0.4224748832007375,1.3,0.2,1.2740865511936141,0.25827013003357957,-0.25827013003357957,1.2740865511936141
934,A2,-1.1542117124866982,-0.3264174974215133,-0.8191445296492466,-0.3152980752193553,1.3,0.2,1.2740865511936141,0.25827013003357957,-0.25827013003357957,1.2740865511936141
935,A2,-1.125093103596164,-0.19015647306540687,-0.8093331914806884,-0.18789715903546444,1.3,0.2,1.2740865511936141,0.25827013003357957,-0.25827013003357957,1.2740865511936141
936,A2,-1.0796887583971806,-0.0303706547303636,-0.7930836492462039,-0.030361320446459426,1.3,0.2,1.2740865511936141,0.25827013003357957,-0.25827013003357957,1.2740865511936141
937,A2,-1.0182986336558402,0.16614686716100924,-0.7691726518134487,0.16463474569544484,1.3,0.2,1.2740865511936141,0.25827013003357957,-0.25827013003357957,1.2740865511936141
938,A2,-0.9374722940426357,0.40841323615187963,-0.7340587430469063,0.3871245466464551,1.3,0.2,1.2740865511936141,0.25827013003357957,-0.25827013003357957,1.2740865511936141
939,A2,-0.8352716653005817,0.6828156255381839,-0.6832964955696705,0.5933467987587538,1.3,0.2,1.2740865511936141,0.25827013003357957,-0.25827013003357957,1.2740865511936141
940,A2,-0.7173351206126126,0.93245025125458,-0.6152559012667882,0.7317342393539294,1.3,0.2,1.2740865511936141,0.25827013003357957,-0.25827013003357957,1.2740865511936141
941,A2,-0.5949041721985591,1.0911949750328311,-0.5334135700481378,0.7973138772998891,1.3,0.2,1.2740865511936141,0.25827013003357957,-0.25827013003357957,1.2740865511936141
942,A2,-0.4736926970546854,1.1536116802458327,-0.44117811158104514,0.8189470206436368,1.3,0.2,1.2740865511936141,0.25827013003357957,-0.25827013003357957,1.2740865511936141
943,A2,-0.35058954513416063,1.1573525133881422,-0.3368982795954146,0.8201752050999609,1.3,0.2,1.2740865511936141,0.25827013003357957,-0.25827013003357957,1.2740865511936141
944,A2,-0.21741081028129902,1.1319849609195212,-0.21404887444786955,0.8116975177462282,1.3,0.2,1.2740865511936141,0.25827013003357957,-0.25827013003357957,1.2740865511936141
945,A2,-0.06307956877590892,1.0894553216349019,-0.06299603651689832,0.7966792583448159,1.3,0.2,1.2740865511936141,0.25827013003357957,-0.25827013003357957,1.2740865511936141
946,A2,0.1254960527430894,1.0313083232148523,0.12484135355488332,0.7744325326033885,1.3,0.2,1.2740865511936141,0.25827013003357957,-0.25827013003357957,1.2740865511936141
947,A2,0.3590714804947954,0.9544512819805996,0.3443959068282736,0.7417916128436162,1.3,0.2,1.2740865511936141,0.25827013003357957,-0.25827013003357957,1.2740865511936141
948,A2,0.6303728094829718,0.8561595420727008,0.5583088704569465,0.694273676429227,1.3,0.2,1.2740865511936141,0.25827013003357957,-0.25827013003357957,1.2740865511936141
949,A2,0.8906439759515612,0.7403702494144085,0.7117116580576845,0.6293688052537423,1.3,0.2,1.2740865511936141,0.25827013003357957,-0.25827013003357957,1.2740865511936141
950,A2,1.0693294150309667,0.6180564680416132,0.7892084436276795,0.5497733797596933,1.3,0.2,1.2740865511936141,0.25827013003357957,-0.25827013003357957,1.2740865511936141
951,A2,1.1475099063940066,0.49662990199676504,0.8169274825987856,0.4594626272629307,1.3,0.2,1.2740865511936141,0.25827013003357957,-0.25827013003357957,1.2740865511936141
952,A2,1.1595017913683352,0.37440718701299114,0.8208774519434013,0.35784060469581375,1.3,0.2,1.2740865511936141,0.25827013003357957,-0.25827013003357957,1.2740865511936141
953,A2,1.1382884612052524,0.243911775658871,0.8138369639499207,0.23918716558730177,1.3,0.2,1.2740865511936141,0.25827013003357957,-0.25827013003357957,1.2740865511936141
954,A2,1.0986736309914318,0.0945553723874216,0.8000220821527119,0.09427457888886402,1.3,0.2,1.2740865511936141,0.25827013003357957,-0.25827013003357957,1.2740865511936141
955,A2,1.0436456832771708,-0.08650783410557289,0.779323633482446,-0.08629268129972696,1.3,0.2,1.2740865511936141,0.25827013003357957,-0.25827013003357957,1.2740865511936141
956,A2,0.9706389384270991,-0.31122036086817184,0.7489849289891574,-0.3015468978046745,1.3,0.2,1.2740865511936141,0.25827013003357957,-0.25827013003357957,1.2740865511936141
957,A2,0.8763910685645537,-0.577637282050312,0.7046067345515425,-0.5209460369230419,1.3,0.2,1.2740865511936141,0.25827013003357957,-0.25827013003357957,1.2740865511936141
958,A2,0.7631851636759772,-0.8457092124964224,0.6429492579044152,-0.6888212109928509,1.3,0.2,1.2740865511936141,0.25827013003357957,-0.25827013003357957,1.2740865511936141
959,A2,0.6412710588629185,-1.043672429546857,0.5657643807727126,-0.7793341353113556,1.3,0.2,1.2740865511936141,0.25827013003357957,-0.25827013003357957,1.2740865511936141
960,A2,0.519554060220425,-1.1390591808768387,0.47735576133194385,-0.8140970492085781,1.3,0.2,1.2740865511936141,0.25827013003357957,-0.25827013003357957,1.2740865511936141
961,A2,0.3979356048887655,-1.1605168363145346,0.37818120167035074,-0.8212082434768753,1.3,0.2,1.2740865511936141,0.25827013003357957,-0.25827013003357957,1.2740865511936141
962,A2,0.26974202313501383,-1.1439632868748748,0.263384771176046,-0.815744349395612,1.3,0.2,1.2740865511936141,0.25827013003357957,-0.25827013003357957,1.2740865511936141
963,A2,0.12489259555204518,-1.1073533238776359,0.12424725677854859,-0.8031248416101706,1.3,0.2,1.2740865511936141,0.25827013003357957,-0.25827013003357957,1.2740865511936141
964,A2,-0.049121398391608395,-1.0553399147895313,-0.049081927953036335,-0.7838737528062093,1.3,0.2,1.2740865511936141,0.25827013003357957,-0.25827013003357957,1.2740865511936141
965,A2,-0.2649858003787872,-0.9860466103693294,-0.2589529765412344,-0.755671536084327,1.3,0.2,1.2740865511936141,0.25827013003357957,-0.25827013003357957,1.2740865511936141
966,A2,-0.5250958906899161,-0.8959111223209739,-0.48162344954101205,-0.714301087511794,1.3,0.2,1.2740865511936141,0.25827013003357957,-0.25827013003357957,1.2740865511936141
967,A2,-0.798112594554478,-0.7856924581615713,-0.6629802836527662,-0.655961898844439,1.3,0.2,1.2740865511936141,0.25827013003357957,-0.25827013003357957,1.2740865511936141
968,A2,-1.014109628020144,-0.6645242293444262,-0.7674564535365173,-0.5813663902760993,1.3,0.2,1.2740865511936141,0.25827013003357957,-0.25827013003357957,1.2740865511936141
969,A2,-1.1279555192913844,-0.5425000211167699,-0.8103183820019131,-0.49487805638558235,1.3,0.2,1.2740865511936141,0.25827013003357957,-0.25827013003357957,1.2740865511936141
970,A2,-1.1602279726670766,-0.42123644223347156,-0.8211141622414881,-0.39797155661063377,1.3,0.2,1.2740865511936141,0.25827013003357957,-0.25827013003357957,1.2740865511936141
971,A2,-1.1489546767819858,-0.29498094658067364,-0.8174074889611124,-0.28671280433671453,1.3,0.2,1.2740865511936141,0.25827013003357957,-0.25827013003357957,1.2740865511936141
972,A2,-1.1154972417886313,-0.15418498959600588,-0.8059970058848944,-0.15297468352357904,1.3,0.2,1.2740865511936141,0.25827013003357957,-0.25827013003357957,1.2740865511936141
973,A2,-1.0664187369057445,0.013261964566076062,-0.7881081568817389,0.013261187117302882,1.3,0.2,1.2740865511936141,0.25827013003357957,-0.25827013003357957,1.2740865511936141
974,A2,-1.0006930350478251,0.22044069631738905,-0.761885059305001,0.2169380578330905,1.3,0.2,1.2740865511936141,0.25827013003357957,-0.25827013003357957,1.2740865511936141
975,A2,-0.9146788872100663,0.47317001526454716,-0.7233704034220917,0.4407570665422457,1.3,0.2,1.2740865511936141,0.25827013003357957,-0.25827013003357957,1.2740865511936141
976,A2,-0.8078021176425012,0.7483876189792906,-0.6683760152439,0.6341860434701782,1.3,0.2,1.2740865511936141,0.25827013003357957,-0.25827013003357957,1.2740865511936141
977,A2,-0.6877775802501067,0.9806294693084106,-0.5965523815363472,0.7533382677909074,1.3,0.2,1.2740865511936141,0.25827013003357957,-0.25827013003357957,1.2740865511936141
978,A2,-0.5654945940163523,1.1138898166431224,-0.5120428080806534,0.8054330841029582,1.3,0.2,1.2740865511936141,0.25827013003357957,-0.25827013003357957,1.2740865511936141
979,A2,-0.44436754804635525,1.1584368229677238,-0.41725814369660874,0.8205297978366356,1.3,0.2,1.2740865511936141,0.25827013003357957,-0.25827013003357957,1.2740865511936141
980,A2,-0.31970465167616713,1.1531912953073657,-0.30923984123729464,0.8188085293763329,1.3,0.2,1.2740865511936141,0.25827013003357957,-0.25827013003357957,1.2740865511936141
981,A2,-0.18252453745905597,1.1231003492889267,-0.18052424177326865,0.8086446219128218,1.3,0.2,1.2740865511936141,0.25827013003357957,-0.25827013003357957,1.2740865511936141
982,A2,-0.021154756955366727,1.0769072568711668,-0.021151601768177195,0.7920493823205308,1.3,0.2,1.2740865511936141,0.25827013003357957,-0.25827013003357957,1.2740865511936141
983,A2,0.17761372561590225,1.014602292834883,0.17576929124844198,0.7676588674448132,1.3,0.2,1.2740865511936141,0.25827013003357957,-0.25827013003357957,1.2740865511936141
984,A2,0.42220864560887567,0.9326678812093125,0.39878946437956553,0.7318353265150409,1.3,0.2,1.2740865511936141,0.25827013003357957,-0.25827013003357957,1.2740865511936141
985,A2,0.6971034982659161,0.8294261403798691,0.6025260338767641,0.6801677504701575,1.3,0.2,1.2740865511936141,0.25827013003357957,-0.25827013003357957,1.2740865511936141
986,A2,0.943337329864988,0.7109781063116729,0.7367518244880978,0.6112898113324889,1.3,0.2,1.2740865511936141,0.25827013003357957,-0.25827013003357957,1.2740865511936141
987,A2,1.0965634902086878,0.5885551379873879,0.7992612227036696,0.528855651893897,1.3,0.2,1.2740865511936141,0.25827013003357957,-0.25827013003357957,1.2740865511936141
988,A2,1.1549155927209398,0.4673825736822712,0.8193759743381649,0.436082059595409,1.3,0.2,1.2740865511936141,0.25827013003357957,-0.25827013003357957,1.2740865511936141
989,A2,1.1565828795124373,0.3439859479086139,0.8199231351441916,0.331031226242616,1.3,0.2,1.2740865511936141,0.25827013003357957,-0.25827013003357957,1.2740865511936141
990,A2,1.1301485173465744,0.21000077864961703,0.8110700857062494,0.20696724502539038,1.3,0.2,1.2740865511936141,0.25827013003357957,-0.25827013003357957,1.2740865511936141
991,A2,1.0868269455591837,0.054219006922743784,0.7957170943593793,0.05416594010434996,1.3,0.2,1.2740865511936141,0.25827013003357957,-0.25827013003357957,1.2740865511936141
992,A2,1.0278018928722867,-0.13649786161042787,0.7730252532571511,-0.13565640462020093,1.3,0.2,1.2740865511936141,0.25827013003357957,-0.25827013003357957,1.2740865511936141
993,A2,0.9498650816468266,-0.37248733338784246,0.7397219648005495,-0.35616543934913414,1.3,0.2,1.2740865511936141,0.25827013003357957,-0.25827013003357957,1.2740865511936141
994,A2,0.8504829126407283,-0.6448336843124296,0.6913216703120696,-0.5681817650897153,1.3,0.2,1.2740865511936141,0.25827013003357957,-0.25827013003357957,1.2740865511936141
995,A2,0.7340592643408839,-0.9024604832207852,0.6255424864107028,-0.7174938120082825,1.3,0.2,1.2740865511936141,0.25827013003357957,-0.25827013003357957,1.2740865511936141
996,A2,0.6116880490104227,-1.075708155751213,0.5453142683768513,-0.7916021033764131,1.3,0.2,1.2740865511936141,0.25827013003357957,-0.25827013003357957,1.2740865511936141
997,A2,0.4903303973390501,-1.149407980811321,0.4544786255406012,-0.8175578599074986,1.3,0.2,1.2740865511936141,0.25827013003357957,-0.25827013003357957,1.2740865511936141
998,A2,0.3678943298179539,-1.1590177278466305,0.3521485329414293,-0.8207195069358545,1.3,0.2,1.2740865511936141,0.25827013003357957,-0.25827013003357957,1.2740865511936141
999,A2,0.236700376065818,-1.1366171334831434,0.23237670464071183,-0.8132718395779432,1.3,0.2,1.2740865511936141,0.25827013003357957,-0.25827013003357957,1.2740865511936141
1000,A2,0.08602421043297778,-1.0961946749950793,0.08581263889915922,-0.7991279741994646,1.3,0.2,1.2740865511936141,0.25827013003357957,-0.25827013003357957,1.2740865511936141
