t,condition,a1,a2,o1,o2,alpha,phi,w11,w12,w21,w22
0,A2,0.1,0.1,0.09966799462495582,0.09966799462495582,1.3,0.2,1.2740865511936141,0.25827013003357957,-0.25827013003357957,1.2740865511936141
1,A2,0.15272691746806707,0.10124438560412016,0.15155041544056097,0.10089986544526922,1.3,0.2,1.2740865511936141,0.25827013003357957,-0.25827013003357957,1.2740865511936141
2,A2,0.21914776750954415,0.0894142160785861,0.21570563200636636,0.08917668968369473,1.3,0.2,1.2740865511936141,0.25827013003357957,-0.25827013003357957,1.2740865511936141
3,A2,0.2978593199966022,0.057908499378702065,0.28935237763498495,0.05784385607652505,1.3,0.2,1.2740865511936141,0.25827013003357957,-0.25827013003357957,1.2740865511936141
4,A2,0.383599313131158,-0.0010329971010333977,0.36582917805943516,-0.0010329967336023356,1.3,0.2,1.2740865511936141,0.25827013003357957,-0.25827013003357957,1.2740865511936141
5,A2,0.46583124359902855,-0.09579887663319753,0.43482489269907154,-0.09550688614706215,1.3,0.2,1.2740865511936141,0.25827013003357957,-0.25827013003357957,1.2740865511936141
6,A2,0.5293379720077894,-0.23398632076557807,0.4848748703748819,-0.2298075914419131,1.3,0.2,1.2740865511936141,0.25827013003357957,-0.25827013003357957,1.2740865511936141
7,A2,0.5584201148319774,-0.41802345744007396,0.5068042824616654,-0.3952639959406519,1.3,0.2,1.2740865511936141,0.25827013003357957,-0.25827013003357957,1.2740865511936141
8,A2,0.5436276367425531,-0.6344929493319812,0.49572903887002756,-0.5611382021275776,1.3,0.2,1.2740865511936141,0.25827013003357957,-0.25827013003357957,1.2740865511936141
9,A2,0.48667646503013995,-0.8429706400220939,0.4515746063609244,-0.6873793053770431,1.3,0.2,1.2740865511936141,0.25827013003357957,-0.25827013003357957,1.2740865511936141
10,A2,0.3978155902428835,-0.9924089608543973,0.378078346973892,-0.7583876380656672,1.3,0.2,1.2740865511936141,0.25827013003357957,-0.25827013003357957,1.2740865511936141
11,A2,0.28583566327786947,-1.0638978340867846,0.2782974710418675,-0.7871511239211286,1.3,0.2,1.2740865511936141,0.25827013003357957,-0.25827013003357957,1.2740865511936141
12,A2,0.15127744195444942,-1.0747745847788475,0.15013392062955025,-0.7912532819305668,1.3,0.2,1.2740865511936141,0.25827013003357957,-0.25827013003357957,1.2740865511936141
13,A2,-0.013073478861624604,-1.0469002722989893,-0.013072734090959758,-0.7805983254732135,1.3,0.2,1.2740865511936141,0.25827013003357957,-0.25827013003357957,1.2740865511936141
14,A2,-0.21826102571658343,-0.9911735316361103,-0.21485998782195342,-0.7578622762356682,1.3,0.2,1.2740865511936141,0.25827013003357957,-0.25827013003357957,1.2740865511936141
15,A2,-0.4694834095045052,-0.9100902168150553,-0.43778182487150863,-0.7211755524685037,1.3,0.2,1.2740865511936141,0.25827013003357957,-0.25827013003357957,1.2740865511936141
16,A2,-0.7440300391388662,-0.8057741036138429,-0.6315738447898106,-0.6672524473908238,1.3,0.2,1.2740865511936141,0.25827013003357957,-0.25827013003357957,1.2740865511936141
17,A2,-0.977011118085193,-0.687020710452001,-0.7517691276108518,-0.5960646424566729,1.3,0.2,1.2740865511936141,0.25827013003357957,-0.25827013003357957,1.2740865511936141
18,A2,-1.1117646278072462,-0.5652784342527917,-0.804685274083055,-0.5118833051262239,1.3,0.2,1.2740865511936141,0.25827013003357957,-0.25827013003357957,1.2740865511936141
19,A2,-1.157442853429736,-0.4443574644683219,-0.8202047723459793,-0.4172498156784206,1.3,0.2,1.2740865511936141,0.25827013003357957,-0.25827013003357957,1.2740865511936141
20,A2,-1.1527750338225848,-0.3197779854359315,-0.818671302560732,-0.30930616063836475,1.3,0.2,1.2740865511936141,0.25827013003357957,-0.25827013003357957,1.2740865511936141
21,A2,-1.1229426387690444,-0.18264447570355194,-0.8085900323063401,-0.18064026883734413,1.3,0.2,1.2740865511936141,0.25827013003357957,-0.25827013003357957,1.2740865511936141
22,A2,-1.0768676713126395,-0.021316684342044312,-0.7920346299917971,-0.021313456154349857,1.3,0.2,1.2740865511936141,0.25827013003357957,-0.25827013003357957,1.2740865511936141
23,A2,-1.0146252992446079,0.1774036990333676,-0.7676683160072673,0.1755657458932243,1.3,0.2,1.2740865511936141,0.25827013003357957,-0.25827013003357957,1.2740865511936141
24,A2,-0.9327324891810232,0.42195175149068853,-0.7318653301402985,0.39857340278311787,1.3,0.2,1.2740865511936141,0.25827013003357957,-0.25827013003357957,1.2740865511936141
25,A2,-0.8295201698519066,0.6968359661318494,-0.680218276028183,0.6023555985030468,1.3,0.2,1.2740865511936141,0.25827013003357957,-0.25827013003357957,1.2740865511936141
26,A2,-0.711086498611777,0.9431332296899283,-0.6113576956163307,0.7366584965190266,1.3,0.2,1.2740865511936141,0.25827013003357957,-0.25827013003357957,1.2740865511936141
27,A2,-0.5886657322671758,1.0964621147812588,-0.5289353095881449,0.7992246048080864,1.3,0.2,1.2740865511936141,0.25827013003357957,-0.25827013003357957,1.2740865511936141
28,A2,-0.4674935217878655,1.1548895115556959,-0.4361719046228824,0.8193674032839044,1.3,0.2,1.2740865511936141,0.25827013003357957,-0.25827013003357957,1.2740865511936141
29,A2,-0.3441026318971078,1.156595163534403,-0.33113511979099963,0.8199271608976713,1.3,0.2,1.2740865511936141,0.25827013003357957,-0.25827013003357957,1.2740865511936141
30,A2,-0.21013210829049375,1.130180479105192,-0.20709294568586364,0.8110810216279909,1.3,0.2,1.2740865511936141,0.25827013003357957,-0.25827013003357957,1.2740865511936141
31,A2,-0.0543763360217987,1.0868733435959252,-0.05432280626975274,0.7957341141225984,1.3,0.2,1.2740865511936141,0.25827013003357957,-0.25827013003357957,1.2740865511936141
32,A2,0.13630239623521062,1.0278640913686452,0.13546453124255214,0.7730502827163406,1.3,0.2,1.2740865511936141,0.25827013003357957,-0.25827013003357957,1.2740865511936141
33,A2,0.37224933445952757,0.9499465265063589,0.35595761388126035,0.739758841740832,1.3,0.2,1.2740865511936141,0.25827013003357957,-0.25827013003357957,1.2740865511936141
34,A2,0.6445784208909779,0.8505835721650034,0.5680088834205689,0.691374218410691,1.3,0.2,1.2740865511936141,0.25827013003357957,-0.25827013003357957,1.2740865511936141
35,A2,0.9022537886154418,0.7341708653377992,0.717393508368407,0.6256104128155211,1.3,0.2,1.2740865511936141,0.25827013003357957,-0.25827013003357957,1.2740865511936141
36,A2,1.0755979035940169,0.6118004985633863,0.7915609353645634,0.5453932742253619,1.3,0.2,1.2740865511936141,0.25827013003357957,-0.25827013003357957,1.2740865511936141
37,A2,1.149375934051852,0.4904416900958767,0.8175472329510126,0.454566926220497,1.3,0.2,1.2740865511936141,0.25827013003357957,-0.25827013003357957,1.2740865511936141
38,A2,1.1590269936123703,0.3680095771521038,0.8207225314393902,0.3522494845187722,1.3,0.2,1.2740865511936141,0.25827013003357957,-0.25827013003357957,1.2740865511936141
39,A2,1.1366470597394298,0.23682821597391093,0.8132819720299793,0.23249763773697055,1.3,0.2,1.2740865511936141,0.25827013003357957,-0.25827013003357957,1.2740865511936141
40,A2,1.0962388180224452,0.0861756727548103,0.7991439266831737,0.0859629839261425,1.3,0.2,1.2740865511936141,0.25827013003357957,-0.25827013003357957,1.2740865511936141
41,A2,1.0403802004917664,-0.09687072413923765,0.778038159610882,-0.09656884760766288,1.3,0.2,1.2740865511936141,0.25827013003357957,-0.25827013003357957,1.2740865511936141
42,A2,0.9663471066468313,-0.3239810866549783,0.747094657532225,-0.31310219253233246,1.3,0.2,1.2740865511936141,0.25827013003357957,-0.25827013003357957,1.2740865511936141
43,A2,0.8709983116512825,-0.5918715270029188,0.7018809923924336,-0.5312402945558228,1.3,0.2,1.2740865511936141,0.25827013003357957,-0.25827013003357957,1.2740865511936141
44,A2,0.7570536329916175,-0.8581210099189998,0.6393382119165572,-0.6952883024977459,1.3,0.2,1.2740865511936141,0.25827013003357957,-0.25827013003357957,1.2740865511936141
45,A2,0.6350000171701387,-1.0509794385417408,0.5614855075812348,-0.7821868510910837,1.3,0.2,1.2740865511936141,0.25827013003357957,-0.25827013003357957,1.2740865511936141
46,A2,0.5133656341575211,-1.1415886825506076,0.47256338689052285,-0.814948358633079,1.3,0.2,1.2740865511936141,0.25827013003357957,-0.25827013003357957,1.2740865511936141
47,A2,0.3916098372689022,-1.1603637510330402,0.3727472246472487,-0.8211583900366493,1.3,0.2,1.2740865511936141,0.25827013003357957,-0.25827013003357957,1.2740865511936141
48,A2,0.26283154174487416,-1.1424963353247959,0.2569420565774352,-0.8152529767363138,1.3,0.2,1.2740865511936141,0.25827013003357957,-0.25827013003357957,1.2740865511936141
49,A2,0.11681092640938828,-1.1050633118436473,0.11628252325072587,-0.8023104126729105,1.3,0.2,1.2740865511936141,0.25827013003357957,-0.25827013003357957,1.2740865511936141
50,A2,-0.059058815595718905,-1.0522452090697516,-0.05899024665205586,-0.7826777163632749,1.3,0.2,1.2740865511936141,0.25827013003357957,-0.25827013003357957,1.2740865511936141
51,A2,-0.2773009554905066,-0.9819637336638393,-0.27040521799968986,-0.7539147326026654,1.3,0.2,1.2740865511936141,0.25827013003357957,-0.25827013003357957,1.2740865511936141
52,A2,-0.539233307649504,-0.8907150307412475,-0.4924073897103615,-0.7117467194440492,1.3,0.2,1.2740865511936141,0.25827013003357957,-0.25827013003357957,1.2740865511936141
53,A2,-0.8111925507201128,-0.7796528025298469,-0.6702476036786749,-0.6525073784933295,1.3,0.2,1.2740865511936141,0.25827013003357957,-0.25827013003357957,1.2740865511936141
54,A2,-1.0224766233080895,-0.658245939736166,-0.770873356512995,-0.5771949091413868,1.3,0.2,1.2740865511936141,0.25827013003357957,-0.25827013003357957,1.2740865511936141
55,A2,-1.1312315804453534,-0.5363027091284278,-0.8114403469366893,-0.4901841570017645,1.3,0.2,1.2740865511936141,0.25827013003357957,-0.25827013003357957,1.2740865511936141
56,A2,-1.1604451590971625,-0.4149662381262955,-0.8211849027810538,-0.3926813041864365,1.3,0.2,1.2740865511936141,0.25827013003357957,-0.25827013003357957,1.2740865511936141
57,A2,-1.1476784921705627,-0.2882224369462322,-0.8169835514768858,-0.2804979245326159,1.3,0.2,1.2740865511936141,0.25827013003357957,-0.25827013003357957,1.2740865511936141
58,A2,-1.113351990926284,-0.1463761852094963,-0.8052440761476778,-0.1453396497130889,1.3,0.2,1.2740865511936141,0.25827013003357957,-0.25827013003357957,1.2740865511936141
59,A2,-1.0634875380785171,0.02279519920079298,-0.7869949997334168,0.02279125173238812,1.3,0.2,1.2740865511936141,0.25827013003357957,-0.25827013003357957,1.2740865511936141
60,A2,-0.9968134454684164,0.23229532823403035,-0.7602526336664677,0.22820528167661605,1.3,0.2,1.2740865511936141,0.25827013003357957,-0.25827013003357957,1.2740865511936141
61,A2,-0.9096890482910026,0.4871038268509369,-0.7209829736527875,0.4519147550548806,1.3,0.2,1.2740865511936141,0.25827013003357957,-0.25827013003357957,1.2740865511936141
62,A2,-0.8018786278184791,0.761986878058682,-0.6650857170859943,0.6422457824403439,1.3,0.2,1.2740865511936141,0.25827013003357957,-0.25827013003357957,1.2740865511936141
63,A2,-0.6815038657858405,0.9900484886033383,-0.5924961961401419,0.7573829991097221,1.3,0.2,1.2740865511936141,0.25827013003357957,-0.25827013003357957,1.2740865511936141
64,A2,-0.5592820294702382,1.1179955628898977,-0.5074445339900375,0.8068705788390218,1.3,0.2,1.2740865511936141,0.25827013003357957,-0.25827013003357957,1.2740865511936141
65,A2,-0.4381376869163938,1.1590807188310406,-0.4120995858121109,0.8207400673579607,1.3,0.2,1.2740865511936141,0.25827013003357957,-0.25827013003357957,1.2740865511936141
66,A2,-0.31307789611535985,1.152126895460997,-0.30323457911566737,0.8184574477988653,1.3,0.2,1.2740865511936141,0.25827013003357957,-0.25827013003357957,1.2740865511936141
67,A2,-0.17496398763816315,1.1211020611436648,-0.17320022600101306,0.8079519081868503,1.3,0.2,1.2740865511936141,0.25827013003357957,-0.25827013003357957,1.2740865511936141
68,A2,-0.012002234223288721,1.0741331051232106,-0.012001657934707224,0.7910132992084709,1.3,0.2,1.2740865511936141,0.25827013003357957,-0.25827013003357957,1.2740865511936141
69,A2,0.18900395667822595,1.0109190760922184,0.18678509230319174,0.766141888503994,1.3,0.2,1.2740865511936141,0.25827013003357957,-0.25827013003357957,1.2740865511936141
70,A2,0.43585193923505317,0.9278900663715367,0.4102002318739618,0.7296086590556247,1.3,0.2,1.2740865511936141,0.25827013003357957,-0.25827013003357957,1.2740865511936141
71,A2,0.7110667219750386,0.8236421129112856,0.6113453105106326,0.6770473357839044,1.3,0.2,1.2740865511936141,0.25827013003357957,-0.25827013003357957,1.2740865511936141
72,A2,0.9537679417086786,0.7047246722027394,0.7414841280192321,0.6073581525265797,1.3,0.2,1.2740865511936141,0.25827013003357957,-0.25827013003357957,1.2740865511936141
73,A2,1.1015774244628223,0.5823236517305526,0.801064919660041,0.5243522565341341,1.3,0.2,1.2740865511936141,0.25827013003357957,-0.25827013003357957,1.2740865511936141
74,A2,1.1560505662503229,0.4611790171722264,0.8197486060623562,0.4310446554403504,1.3,0.2,1.2740865511936141,0.25827013003357957,-0.25827013003357957,1.2740865511936141
75,A2,1.155756633554619,0.3374716193778654,0.8196521693117211,0.3252182956838338,1.3,0.2,1.2740865511936141,0.25827013003357957,-0.25827013003357957,1.2740865511936141
76,A2,1.128301977092298,0.20266458438243706,0.8104373167143004,0.19993474822829285,1.3,0.2,1.2740865511936141,0.25827013003357957,-0.25827013003357957,1.2740865511936141
77,A2,1.084204459234282,0.04542242266208152,0.7947530669278888,0.04539120996014589,1.3,0.2,1.2740865511936141,0.25827013003357957,-0.25827013003357957,1.2740865511936141
78,A2,1.0243073877914899,-0.1474286477874245,0.7716151493045417,-0.1463697225330574,1.3,0.2,1.2740865511936141,0.25827013003357957,-0.25827013003357957,1.2740865511936141
79,A2,0.9453015571545774,-0.3857728399280732,0.7376485639513989,-0.36771032088540295,1.3,0.2,1.2740865511936141,0.25827013003357957,-0.25827013003357957,1.2740865511936141
80,A2,0.8448595224479977,-0.6590073651059912,0.6883744159471614,-0.5777024394785992,1.3,0.2,1.2740865511936141,0.25827013003357957,-0.25827013003357957,1.2740865511936141
81,A2,0.7278453013791834,-0.9138294586498888,0.6217453573587174,-0.7229652019979087,1.3,0.2,1.2740865511936141,0.25827013003357957,-0.25827013003357957,1.2740865511936141
82,A2,0.6054370813480564,-1.0816984951393205,0.5409071710310748,-0.7938281108148942,1.3,0.2,1.2740865511936141,0.25827013003357957,-0.25827013003357957,1.2740865511936141
83,A2,0.4841404626504029,-1.1511058853469822,0.4495534343340295,-0.8181201025918571,1.3,0.2,1.2740865511936141,0.25827013003357957,-0.25827013003357957,1.2740865511936141
84,A2,0.36147399944840414,-1.158462043915917,0.34651171178959744,-0.8205380381279676,1.3,0.2,1.2740865511936141,0.25827013003357957,-0.25827013003357957,1.2740865511936141
85,A2,0.22956544601739537,-1.1349301039836939,0.22561595866457088,-0.8126998458497159,1.3,0.2,1.2740865511936141,0.25827013003357957,-0.25827013003357957,1.2740865511936141
86,A2,0.07755816380330793,-1.0937198067361957,0.0774030260039154,-0.7982317999029699,1.3,0.2,1.2740865511936141,0.25827013003357957,-0.25827013003357957,1.2740865511936141
87,A2,-0.1075412763046001,-1.0370072905824697,-0.10712860907812354,-0.7767035210114686,1.3,0.2,1.2740865511936141,0.25827013003357957,-0.25827013003357957,1.2740865511936141
88,A2,-0.3370904394436864,-0.9619193905885153,-0.32487738974035424,-0.7451317929058996,1.3,0.2,1.2740865511936141,0.25827013003357957,-0.25827013003357957,1.2740865511936141
89,A2,-0.6063671981010326,-0.8654562705149808,-0.541564822637805,-0.6990582140796221,1.3,0.2,1.2740865511936141,0.25827013003357957,-0.25827013003357957,1.2740865511936141
90,A2,-0.8705463129737683,-0.7507906518959945,-0.7016515921932102,-0.6356204072334809,1.3,0.2,1.2740865511936141,0.25827013003357957,-0.25827013003357957,1.2740865511936141
91,A2,-1.058126622465143,-0.6286197645663778,-0.7849458009028422,-0.5571010841864599,1.3,0.2,1.2740865511936141,0.25827013003357957,-0.25827013003357957,1.2740865511936141
92,A2,-1.1439714578008968,-0.5070669449488607,-0.8157470830518501,-0.46765675689175384,1.3,0.2,1.2740865511936141,0.25827013003357957,-0.25827013003357957,1.2740865511936141
93,A2,-1.1601141591052977,-0.3851520793162906,-0.8210770815578652,-0.36717337136709,1.3,0.2,1.2740865511936141,0.25827013003357957,-0.25827013003357957,1.2740865511936141
94,A2,-1.1409531814740244,-0.25575096979368594,-0.8147348091985854,-0.25031699623049375,1.3,0.2,1.2740865511936141,0.25827013003357957,-0.25827013003357957,1.2740865511936141
95,A2,-1.1026920663552777,-0.1085038533178524,-0.8014639338255531,-0.1080800406338232,1.3,0.2,1.2740865511936141,0.25827013003357957,-0.25827013003357957,1.2740865511936141
96,A2,-1.049048265502398,0.06929086818233635,-0.7814360679842333,0.06918018707010518,1.3,0.2,1.2740865511936141,0.25827013003357957,-0.25827013003357957,1.2740865511936141
97,A2,-0.977750008925987,0.2899631408462964,-0.7520902508183701,0.28210088715371656,1.3,0.2,1.2740865511936141,0.25827013003357957,-0.25827013003357957,1.2740865511936141
98,A2,-0.885369841043739,0.5536633932781856,-0.709099267267987,0.5032608119871529,1.3,0.2,1.2740865511936141,0.25827013003357957,-0.25827013003357957,1.2740865511936141
99,A2,-0.7734766045346615,0.8243369922596284,-0.6489464897090863,0.6774235101992856,1.3,0.2,1.2740865511936141,0.25827013003357957,-0.25827013003357957,1.2740865511936141
100,A2,-0.6518557369156786,1.0306996780892805,-0.5729179106830934,0.7741888049515979,1.3,0.2,1.2740865511936141,0.25827013003357957,-0.25827013003357957,1.2740865511936141
101,A2,-0.5299971616138828,1.1343511277641762,-0.4853789209252836,0.8125031799294744,1.3,0.2,1.2740865511936141,0.25827013003357957,-0.25827013003357957,1.2740865511936141
102,A2,-0.4085694534506903,1.16055825137312,-0.3872573443429152,0.8212217284662326,1.3,0.2,1.2740865511936141,0.25827013003357957,-0.25827013003357957,1.2740865511936141
103,A2,-0.2813023316808878,1.1463245644667044,-0.27410998932774056,0.8165328209389938,1.3,0.2,1.2740865511936141,0.25827013003357957,-0.25827013003357957,1.2740865511936141
104,A2,-0.13835381310969988,1.1111279083537342,-0.1374777410226356,0.8044607271669338,1.3,0.2,1.2740865511936141,0.25827013003357957,-0.25827013003357957,1.2740865511936141
105,A2,0.032609635686893346,1.0604589874974646,0.032598081699302374,0.7858394650302107,1.3,0.2,1.2740865511936141,0.25827013003357957,-0.25827013003357957,1.2740865511936141
106,A2,0.24449163830666296,0.9928083829928518,0.2397337781289016,0.7585572804418577,1.3,0.2,1.2740865511936141,0.25827013003357957,-0.25827013003357957,1.2740865511936141
107,A2,0.5013542700385043,0.9045515552701809,0.46318155307855086,0.7185068842450824,1.3,0.2,1.2740865511936141,0.25827013003357957,-0.25827013003357957,1.2740865511936141
108,A2,0.7757022539623523,0.7958139982139336,0.6502329877028044,0.6616900549755235,1.3,0.2,1.2740865511936141,0.25827013003357957,-0.25827013003357957,1.2740865511936141
109,A2,0.9993478813150405,0.6751146418167515,0.761320146792646,0.5883342214783234,1.3,0.2,1.2740865511936141,0.25827013003357957,-0.25827013003357957,1.2740865511936141
110,A2,1.1219369160656698,0.5529624658831763,0.8082415858036113,0.5027372248769996,1.3,0.2,1.2740865511936141,0.25827013003357957,-0.25827013003357957,1.2740865511936141
111,A2,1.159611743029484,0.43178607753613957,0.8209133105635393,0.40681287844269043,1.3,0.2,1.2740865511936141,0.25827013003357957,-0.25827013003357957,1.2740865511936141
112,A2,1.1509822236995606,0.30629742981065283,0.818079206083104,0.2970649943302975,1.3,0.2,1.2740865511936141,0.25827013003357957,-0.25827013003357957,1.2740865511936141
113,A2,1.1190267289957423,0.16720109117378842,0.8072301151602621,0.16566021702593095,1.3,0.2,1.2740865511936141,0.25827013003357957,-0.25827013003357957,1.2740865511936141
114,A2,1.0712661192368405,0.002582027771091705,0.7899377560427708,0.00258202203309474,1.3,0.2,1.2740865511936141,0.25827013003357957,-0.25827013003357957,1.2740865511936141
115,A2,1.0071159304203934,-0.20072760742434886,0.7645665054768014,-0.1980744817032446,1.3,0.2,1.2740865511936141,0.25827013003357957,-0.25827013003357957,1.2740865511936141
116,A2,0.9229671799752605,-0.44982872406156255,0.7272980864400538,-0.4217582060451156,1.3,0.2,1.2740865511936141,0.25827013003357957,-0.25827013003357957,1.2740865511936141
117,A2,0.817713163924122,-0.7251958295356733,0.6738232718802457,-0.6201174067554786,1.3,0.2,1.2740865511936141,0.25827013003357957,-0.25827013003357957,1.2740865511936141
118,A2,0.6983513653050757,-0.9641116721563784,0.6033202806496105,-0.7461052810668751,1.3,0.2,1.2740865511936141,0.25827013003357957,-0.25827013003357957,1.2740865511936141
119,A2,0.5759855476781434,-1.1064223117171077,0.5197415227629087,-0.8027940939374817,1.3,0.2,1.2740865511936141,0.25827013003357957,-0.25827013003357957,1.2740865511936141
120,A2,0.45485794921768863,-1.1570628691312355,0.42588404653373135,-0.8200803783513178,1.3,0.2,1.2740865511936141,0.25827013003357957,-0.25827013003357957,1.2740865511936141
121,A2,0.3308108701017605,-1.1548465090326787,0.31924919149100706,-0.819353270563279,1.3,0.2,1.2740865511936141,0.25827013003357957,-0.25827013003357957,1.2740865511936141
122,A2,0.1951366256263101,-1.126379512900674,0.1926969544839429,-0.8097765148826964,1.3,0.2,1.2740865511936141,0.25827013003357957,-0.25827013003357957,1.2740865511936141
123,A2,0.03637151236706673,-1.0814932345761217,0.03635548238346376,-0.793752185507927,1.3,0.2,1.2740865511936141,0.25827013003357957,-0.25827013003357957,1.2740865511936141
124,A2,-0.15868244899864276,-1.0206985196987994,-0.15736384741044238,-0.7701508938713156,1.3,0.2,1.2740865511936141,0.25827013003357957,-0.25827013003357957,1.2740865511936141
125,A2,-0.3994021331353509,-0.9405965149379043,-0.37943728800652665,-0.735496200475554,1.3,0.2,1.2740865511936141,0.25827013003357957,-0.25827013003357957,1.2740865511936141
126,A2,-0.6733926450065186,-0.8390884997668712,-0.5872071309947003,-0.6853259697556493,1.3,0.2,1.2740865511936141,0.25827013003357957,-0.25827013003357957,1.2740865511936141
127,A2,-0.925151935689515,-0.7215065391707478,-0.7283255540469492,-0.6178416205577241,1.3,0.2,1.2740865511936141,0.25827013003357957,-0.25827013003357957,1.2740865511936141
128,A2,-1.0875198289834567,-0.5990789639697798,-0.7959711276701129,-0.5363938540826556,1.3,0.2,1.2740865511936141,0.25827013003357957,-0.25827013003357957,1.2740865511936141
129,A2,-1.1526706193460465,-0.4778366289832864,-0.818636866093206,-0.44450936705450284,1.3,0.2,1.2740865511936141,0.25827013003357957,-0.25827013003357957,1.2740865511936141
130,A2,-1.1578177134309517,-0.3549139565875534,-0.8203274128656424,-0.3407262675925468,1.3,0.2,1.2740865511936141,0.25827013003357957,-0.25827013003357957,1.2740865511936141
131,A2,-1.1331675417445497,-0.2222486875871411,-0.8121005647402745,-0.21866028382737654,1.3,0.2,1.2740865511936141,0.25827013003357957,-0.25827013003357957,1.2740865511936141
132,A2,-1.0911598276895986,-0.06885080844882488,-0.7973010730949872,-0.06874222011277821,1.3,0.2,1.2740865511936141,0.25827013003357957,-0.25827013003357957,1.2740865511936141
133,A2,-1.0335846366098842,0.11833551367927299,-0.7753420318369937,0.11778622787683987,1.3,0.2,1.2740865511936141,0.25827013003357957,-0.25827013003357957,1.2740865511936141
134,A2,-0.9574321909487283,0.3503175362367482,-0.7431293004781565,0.3366571217368817,1.3,0.2,1.2740865511936141,0.25827013003357957,-0.25827013003357957,1.2740865511936141
135,A2,-0.8598625689294224,0.6208584122347689,-0.6961868579529076,0.5517254220641151,1.3,0.2,1.2740865511936141,0.25827013003357957,-0.25827013003357957,1.2740865511936141
136,A2,-0.744508116336208,0.8827502105346762,-0.6318611371477655,0.7077944231454188,1.3,0.2,1.2740865511936141,0.25827013003357957,-0.25827013003357957,1.2740865511936141
137,A2,-0.6222436193590619,1.064982213593739,-0.5526882343868371,0.7875632624612884,1.3,0.2,1.2740865511936141,0.25827013003357957,-0.25827013003357957,1.2740865511936141
138,A2,-0.5007685802296661,1.146166623079212,-0.46272139071217727,0.8164801763681256,1.3,0.2,1.2740865511936141,0.25827013003357957,-0.25827013003357957,1.2740865511936141
139,A2,-0.378674659535555,1.1597735257753718,-0.36155593165919697,0.8209660611269605,1.3,0.2,1.2740865511936141,0.25827013003357957,-0.25827013003357957,1.2740865511936141
140,A2,-0.24862253867084458,1.1393609149522876,-0.24362339213973144,0.8141987828239022,1.3,0.2,1.2740865511936141,0.25827013003357957,-0.25827013003357957,1.2740865511936141
141,A2,-0.10011406196828845,1.1002803643612942,-0.09978092225053795,0.8005997064087766,1.3,0.2,1.2740865511936141,0.25827013003357957,-0.25827013003357957,1.2740865511936141
142,A2,0.07964145917393431,1.045803750589495,0.07947350300932211,0.7801695846383542,1.3,0.2,1.2740865511936141,0.25827013003357957,-0.25827013003357957,1.2740865511936141
143,A2,0.302750621433214,0.9734779434815933,0.29382778606465726,0.7502286654749506,1.3,0.2,1.2740865511936141,0.25827013003357957,-0.25827013003357957,1.2740865511936141
144,A2,0.5681236855791086,0.8799693124871696,0.513979971525371,0.706403946487146,1.3,0.2,1.2740865511936141,0.25827013003357957,-0.25827013003357957,1.2740865511936141
145,A2,0.837298008418821,0.7672740938488531,0.6843752559190115,0.6453415880880802,1.3,0.2,1.2740865511936141,0.25827013003357957,-0.25827013003357957,1.2740865511936141
146,A2,1.0386257654076856,0.6454673519709846,0.7773448144699179,0.5686107109952914,1.3,0.2,1.2740865511936141,0.25827013003357957,-0.25827013003357957,1.2740865511936141
147,A2,1.1372597360234575,0.5236943134296651,0.81348930399568,0.4805462573154833,1.3,0.2,1.2740865511936141,0.25827013003357957,-0.25827013003357957,1.2740865511936141
148,A2,1.1605665261247693,0.40215753534819276,0.8212244226646341,0.38179351823848506,1.3,0.2,1.2740865511936141,0.25827013003357957,-0.25827013003357957,1.2740865511936141
149,A2,1.144916854030182,0.2743402484922013,0.8160631278619485,0.2676588041545223,1.3,0.2,1.2740865511936141,0.25827013003357957,-0.25827013003357957,1.2740865511936141
150,A2,1.1088633302875244,0.13025575253332722,0.8036602298388031,0.12952405383673807,1.3,0.2,1.2740865511936141,0.25827013003357957,-0.25827013003357957,1.2740865511936141
151,A2,1.0573848847936786,-0.04253657701381852,0.7846609115966725,-0.04251094090187082,1.3,0.2,1.2740865511936141,0.25827013003357957,-0.25827013003357957,1.2740865511936141
152,A2,0.9887466084780658,-0.25681709375199985,0.7568273676375122,-0.2513160513603381,1.3,0.2,1.2740865511936141,0.25827013003357957,-0.25827013003357957,1.2740865511936141
153,A2,0.8993561414178592,-0.5156643037900024,0.7159842196666872,-0.4743467860709576,1.3,0.2,1.2740865511936141,0.25827013003357957,-0.25827013003357957,1.2740865511936141
154,A2,0.7897162590246238,-0.7892761982502277,0.6582482673602217,-0.6579988086182416,1.3,0.2,1.2740865511936141,0.25827013003357957,-0.25827013003357957,1.2740865511936141
155,A2,0.6687238269263832,-1.0083532983674253,0.5841397913983082,-0.765080069095609,1.3,0.2,1.2740865511936141,0.25827013003357957,-0.25827013003357957,1.2740865511936141
156,A2,0.5466473233062047,-1.1256440865032256,0.4980032344132097,-0.8095231847029304,1.3,0.2,1.2740865511936141,0.25827013003357957,-0.25827013003357957,1.2740865511936141
157,A2,0.42542356523836805,-1.1600219626184705,0.4014896344508206,-0.8210470386787072,1.3,0.2,1.2740865511936141,0.25827013003357957,-0.25827013003357957,1.2740865511936141
158,A2,0.2994806182541957,-1.1497777699746317,0.29083723513569876,-0.8176804446122525,1.3,0.2,1.2740865511936141,0.25827013003357957,-0.25827013003357957,1.2740865511936141
159,A2,0.15936937511680702,-1.1169102281915895,0.15803369040218396,-0.8064915087727207,1.3,0.2,1.2740865511936141,0.25827013003357957,-0.25827013003357957,1.2740865511936141
160,A2,-0.006944067264790438,-1.0683553667490286,-0.006943955652472943,-0.7888407987841887,1.3,0.2,1.2740865511936141,0.25827013003357957,-0.25827013003357957,1.2740865511936141
161,A2,-0.21258121618668582,-1.003258036434451,-0.20943582452020684,-0.7629590561041032,1.3,0.2,1.2740865511936141,0.25827013003357957,-0.25827013003357957,1.2740865511936141
162,A2,-0.46388890198964516,-0.9179848548610883,-0.43324846540333467,-0.7249427089667779,1.3,0.2,1.2740865511936141,0.25827013003357957,-0.25827013003357957,1.2740865511936141
163,A2,-0.7392270908074057,-0.8117446183838699,-0.6286779608533525,-0.6705515524657606,1.3,0.2,1.2740865511936141,0.25827013003357957,-0.25827013003357957,1.2740865511936141
164,A2,-0.9741735716046325,-0.6919719761797838,-0.7505326054739244,-0.5992473388247721,1.3,0.2,1.2740865511936141,0.25827013003357957,-0.25827013003357957,1.2740865511936141
165,A2,-1.1110111869871804,-0.5696528216250132,-0.8044195389896892,-0.5151042629198435,1.3,0.2,1.2740865511936141,0.25827013003357957,-0.25827013003357957,1.2740865511936141
166,A2,-1.1579361611092893,-0.44852987491225293,-0.82036614894704,-0.4206898114961358,1.3,0.2,1.2740865511936141,0.25827013003357957,-0.25827013003357957,1.2740865511936141
167,A2,-1.1538690897468298,-0.3241191590877044,-0.8190317743593001,-0.31322672392823175,1.3,0.2,1.2740865511936141,0.25827013003357957,-0.25827013003357957,1.2740865511936141
168,A2,-1.1244144754303635,-0.18754651356598526,-0.8090989498638019,-0.18537811542056107,1.3,0.2,1.2740865511936141,0.25827013003357957,-0.25827013003357957,1.2740865511936141
169,A2,-1.0787397205813947,-0.027221672751597592,-0.7927312737097205,-0.027214950814210482,1.3,0.2,1.2740865511936141,0.25827013003357957,-0.25827013003357957,1.2740865511936141
170,A2,-1.0170370634297823,0.1700646063189134,-0.7686569599149528,0.16844381977699224,1.3,0.2,1.2740865511936141,0.25827013003357957,-0.25827013003357957,1.2740865511936141
171,A2,-0.9358314878718537,0.4131331383979976,-0.7333011607570168,0.3911297507746069,1.3,0.2,1.2740865511936141,0.25827013003357957,-0.25827013003357957,1.2740865511936141
172,A2,-0.8332720153026222,0.6877229413761262,-0.6822290132237517,0.5965171861104943,1.3,0.2,1.2740865511936141,0.25827013003357957,-0.25827013003357957,1.2740865511936141
173,A2,-0.7151562393584501,0.9362139003372181,-0.6138999978020181,0.7334778887735474,1.3,0.2,1.2740865511936141,0.25827013003357957,-0.25827013003357957,1.2740865511936141
174,A2,-0.5927263012670411,1.0930663459442038,-0.5318535590051112,0.797994583640456,1.3,0.2,1.2740865511936141,0.25827013003357957,-0.25827013003357957,1.2740865511936141
175,A2,-0.4715293018499588,1.1540760547847249,-0.4394341337590836,0.8190998930015896,1.3,0.2,1.2740865511936141,0.25827013003357957,-0.25827013003357957,1.2740865511936141
176,A2,-0.3483280840818525,1.1570968686246055,-0.33489197024056083,0.8200915117928655,1.3,0.2,1.2740865511936141,0.25827013003357957,-0.25827013003357957,1.2740865511936141
177,A2,-0.21487621399605236,1.1313601586245605,-0.21162909794594692,0.8114842601044707,1.3,0.2,1.2740865511936141,0.25827013003357957,-0.25827013003357957,1.2740865511936141
178,A2,-0.0600516421567823,1.0885586569497958,-0.05997956006014683,0.796351470730561,1.3,0.2,1.2740865511936141,0.25827013003357957,-0.25827013003357957,1.2740865511936141
179,A2,0.1292546470788716,1.0301116276571538,0.12853961608798903,0.7739531060330415,1.3,0.2,1.2740865511936141,0.25827013003357957,-0.25827013003357957,1.2740865511936141
180,A2,0.36365956548834355,0.9528853002897121,0.34843339771522974,0.7410865015864957,1.3,0.2,1.2740865511936141,0.25827013003357957,-0.25827013003357957,1.2740865511936141
181,A2,0.6353348131465448,0.8542184060065249,0.5617147106827677,0.6932668432603417,1.3,0.2,1.2740865511936141,0.25827013003357957,-0.25827013003357957,1.2740865511936141
182,A2,0.8947232762453439,0.7382078300166397,0.713718817669453,0.62806115357017,1.3,0.2,1.2740865511936141,0.25827013003357957,-0.25827013003357957,1.2740865511936141
183,A2,1.071548982728065,0.6158720172439985,0.7900440884841238,0.5482473506339153,1.3,0.2,1.2740865511936141,0.25827013003357957,-0.25827013003357957,1.2740865511936141
184,A2,1.1481804625264267,0.4944697867051457,0.8171504071913519,0.4577568347339628,1.3,0.2,1.2740865511936141,0.25827013003357957,-0.25827013003357957,1.2740865511936141
185,A2,1.1593452613353874,0.37217628492919685,0.820826391514719,0.3558938184930528,1.3,0.2,1.2740865511936141,0.25827013003357957,-0.25827013003357957,1.2740865511936141
186,A2,1.1377206090740357,0.24144458892343937,0.8136451290299045,0.2368597591136427,1.3,0.2,1.2740865511936141,0.25827013003357957,-0.25827013003357957,1.2740865511936141
187,A2,1.0978281171271969,0.0916396003299092,0.7997175210936371,0.09138393493006428,1.3,0.2,1.2740865511936141,0.25827013003357957,-0.25827013003357957,1.2740865511936141
188,A2,1.0425110791366663,-0.09011210567343834,0.7788777317776326,-0.08986898612631948,1.3,0.2,1.2740865511936141,0.25827013003357957,-0.25827013003357957,1.2740865511936141
189,A2,0.9691471683492384,-0.3156617196594178,0.7483292776567254,-0.3055789748963405,1.3,0.2,1.2740865511936141,0.25827013003357957,-0.25827013003357957,1.2740865511936141
190,A2,0.87451434694486,-0.5826051620912956,0.7036604999919325,-0.5245563368176025,1.3,0.2,1.2740865511936141,0.25827013003357957,-0.25827013003357957,1.2740865511936141
191,A2,0.7610471463260751,-0.8500646629151051,0.6416933376600494,-0.6911032497166898,1.3,0.2,1.2740865511936141,0.25827013003357957,-0.25827013003357957,1.2740865511936141
192,A2,0.6390815253322528,-1.046255577709379,0.5642738495441645,-0.7803463382757231,1.3,0.2,1.2740865511936141,0.25827013003357957,-0.25827013003357957,1.2740865511936141
193,A2,0.5173935726367702,-1.1399638553666012,0.47568586125752965,-0.8144019224364294,1.3,0.2,1.2740865511936141,0.25827013003357957,-0.25827013003357957,1.2740865511936141
194,A2,0.3957292680139162,-1.160473985884597,0.37628884144312824,-0.8211942901565404,1.3,0.2,1.2740865511936141,0.25827013003357957,-0.25827013003357957,1.2740865511936141
195,A2,0.26733459614535315,-1.1434567690151363,0.2611429339262537,-0.815574818160749,1.3,0.2,1.2740865511936141,0.25827013003357957,-0.25827013003357957,1.2740865511936141
196,A2,0.1220800857161928,-1.1065583268132717,0.12147720404638394,-0.8028424449680577,1.3,0.2,1.2740865511936141,0.25827013003357957,-0.25827013003357957,1.2740865511936141
197,A2,-0.05257775070627696,-1.0542646951463768,-0.052529355226830186,-0.7834588610133819,1.3,0.2,1.2740865511936141,0.25827013003357957,-0.25827013003357957,1.2740865511936141
198,A2,-0.2692709669472626,-0.9846276348256033,-0.26294633851689164,-0.7550621986125982,1.3,0.2,1.2740865511936141,0.25827013003357957,-0.25827013003357957,1.2740865511936141
199,A2,-0.5300264058090912,-0.8941034075263816,-0.485401275084362,-0.7134145721351782,1.3,0.2,1.2740865511936141,0.25827013003357957,-0.25827013003357957,1.2740865511936141
200,A2,-0.8026969108304206,-0.7835872613484736,-0.6655417932882662,-0.654760882029488,1.3,0.2,1.2740865511936141,0.25827013003357957,-0.25827013003357957,1.2740865511936141
201,A2,-1.0170630262285174,-0.662332468546097,-0.7686675828098715,-0.5799135669867308,1.3,0.2,1.2740865511936141,0.25827013003357957,-0.25827013003357957,1.2740865511936141
202,A2,-1.129123381950461,-0.540336199987608,-0.810719028163267,-0.49324241539849406,1.3,0.2,1.2740865511936141,0.25827013003357957,-0.25827013003357957,1.2740865511936141
203,A2,-1.1603159933426213,-0.4190490191130511,-0.821142834799474,-0.39612897945472186,1.3,0.2,1.2740865511936141,0.25827013003357957,-0.25827013003357957,1.2740865511936141
204,A2,-1.1485153254608498,-0.2926259385415103,-0.8172616400540758,-0.28454993152821745,1.3,0.2,1.2740865511936141,0.25827013003357957,-0.25827013003357957,1.2740865511936141
205,A2,-1.1147528122161732,-0.15146697085494298,-0.8057360244264222,-0.1503191722383344,1.3,0.2,1.2740865511936141,0.25827013003357957,-0.25827013003357957,1.2740865511936141
206,A2,-1.0654003846944486,0.016577912065933148,-0.7877220081827951,0.01657639354598776,1.3,0.2,1.2740865511936141,0.25827013003357957,-0.25827013003357957,1.2740865511936141
207,A2,-0.9993448293883153,0.22456482556791857,-0.7613188637852017,0.22086456158616843,1.3,0.2,1.2740865511936141,0.25827013003357957,-0.25827013003357957,1.2740865511936141
208,A2,-0.9129434064780594,0.47802648949903204,-0.7225419994221622,0.4446617004430652,1.3,0.2,1.2740865511936141,0.25827013003357957,-0.25827013003357957,1.2740865511936141
209,A2,-0.8057382089419379,0.7531485085108773,-0.6672325334770124,0.6370235529143382,1.3,0.2,1.2740865511936141,0.25827013003357957,-0.25827013003357957,1.2740865511936141
210,A2,-0.6855878415762654,0.9839493747454747,-0.5951400729196027,0.7547704780857155,1.3,0.2,1.2740865511936141,0.25827013003357957,-0.25827013003357957,1.2740865511936141
211,A2,-0.5633252934625479,1.1153498193881244,-0.5104404944514268,0.8059453475336533,1.3,0.2,1.2740865511936141,0.25827013003357957,-0.25827013003357957,1.2740865511936141
212,A2,-0.44219375945770634,1.1586756611660658,-0.4154611941171102,0.8206078183529332,1.3,0.2,1.2740865511936141,0.25827013003357957,-0.25827013003357957,1.2740865511936141
213,A2,-0.3173950320148655,1.1528266017963367,-0.3071495996508384,0.8186883077898693,1.3,0.2,1.2740865511936141,0.25827013003357957,-0.25827013003357957,1.2740865511936141
214,A2,-0.1798924384097752,1.1224073296161146,-0.17797671561122516,0.8084046375981124,1.3,0.2,1.2740865511936141,0.25827013003357957,-0.25827013003357957,1.2740865511936141
215,A2,-0.017970968913659263,1.0759435461701632,-0.01796903455445349,0.7916899738064433,1.3,0.2,1.2740865511936141,0.25827013003357957,-0.25827013003357957,1.2740865511936141
216,A2,0.1815757672175088,1.0133224132325707,0.17960623404963114,0.7671327043935428,1.3,0.2,1.2740865511936141,0.25827013003357957,-0.25827013003357957,1.2740865511936141
217,A2,0.4269613506298995,0.9310065362257595,0.4027787412598603,0.7310628310574931,1.3,0.2,1.2740865511936141,0.25827013003357957,-0.25827013003357957,1.2740865511936141
218,A2,0.701986669785816,0.8274116032479356,0.6056272811651003,0.6790837110530352,1.3,0.2,1.2740865511936141,0.25827013003357957,-0.25827013003357957,1.2740865511936141
219,A2,0.9470086123257611,0.7087959867289286,0.7384257875978334,0.609921272462164,1.3,0.2,1.2740865511936141,0.25827013003357957,-0.25827013003357957,1.2740865511936141
220,A2,1.0983428113820013,0.5863791663478983,0.7999029672608544,0.5272864707666381,1.3,0.2,1.2740865511936141,0.25827013003357957,-0.25827013003357957,1.2740865511936141
221,A2,1.1553279582167675,0.4652175576614114,0.8195114413501331,0.43432710524078183,1.3,0.2,1.2740865511936141,0.25827013003357957,-0.25827013003357957,1.2740865511936141
222,A2,1.1563022239211438,0.3417149970846285,0.819831135827057,0.32900761222414526,1.3,0.2,1.2740865511936141,0.25827013003357957,-0.25827013003357957,1.2740865511936141
223,A2,1.1295086631982059,0.20744627991947595,0.8108510361598372,0.2045208813083234,1.3,0.2,1.2740865511936141,0.25827013003357957,-0.25827013003357957,1.2740865511936141
224,A2,1.0859160348027384,0.051158701766336356,0.7953826987578851,0.05111411737136841,1.3,0.2,1.2740865511936141,0.25827013003357957,-0.25827013003357957,1.2740865511936141
225,A2,1.026587649279558,-0.14029978351566605,0.7725361439732215,-0.1393864193029504,1.3,0.2,1.2740865511936141,0.25827013003357957,-0.25827013003357957,1.2740865511936141
226,A2,0.948278562708967,-0.3771133726125271,0.7390027274344758,-0.3601979749122196,1.3,0.2,1.2740865511936141,0.25827013003357957,-0.25827013003357957,1.2740865511936141
227,A2,0.8485250585012547,-0.6497857261125058,0.6902981408419162,-0.5715257006381407,1.3,0.2,1.2740865511936141,0.25827013003357957,-0.25827013003357957,1.2740865511936141
228,A2,0.7318915605392955,-0.9064565994417425,0.624221222930219,-0.7194271844724958,1.3,0.2,1.2740865511936141,0.25827013003357957,-0.25827013003357957,1.2740865511936141
229,A2,0.6095053126216193,-1.0778301967154018,0.5437787819652926,-0.792393071690928,1.3,0.2,1.2740865511936141,0.25827013003357957,-0.25827013003357957,1.2740865511936141
230,A2,0.48816977126310046,-1.1500191726280864,0.4527625961555701,-0.8177604293457317,1.3,0.2,1.2740865511936141,0.25827013003357957,-0.25827013003357957,1.2740865511936141
231,A2,0.36565564222187935,-1.1588326197111527,0.3501859178859507,-0.8206590748522398,1.3,0.2,1.2740865511936141,0.25827013003357957,-0.25827013003357957,1.2740865511936141
232,A2,0.23421544242055603,-1.1360332529325652,0.2300246014017281,-0.8130740501973381,1.3,0.2,1.2740865511936141,0.25827013003357957,-0.25827013003357957,1.2740865511936141
233,A2,0.08307851041821779,-1.0953351961958968,0.08288789960552269,-0.7988171498970069,1.3,0.2,1.2740865511936141,0.25827013003357957,-0.25827013003357957,1.2740865511936141
234,A2,-0.10070425103287046,-1.0391696561559185,-0.10036520077983291,-0.7775599601138264,1.3,0.2,1.2740865511936141,0.25827013003357957,-0.25827013003357957,1.2740865511936141
235,A2,-0.3286944645289348,-0.9647573544714155,-0.31734720781610454,-0.7463913915395428,1.3,0.2,1.2740865511936141,0.25827013003357957,-0.25827013003357957,1.2740865511936141
236,A2,-0.5970984112862059,-0.8690059292587599,-0.5349816443589851,-0.7008687168980001,1.3,0.2,1.2740865511936141,0.25827013003357957,-0.25827013003357957,1.2740865511936141
237,A2,-0.8626263728629424,-0.7547976274978931,-0.6976083732697631,-0.6380024318273169,1.3,0.2,1.2740865511936141,0.25827013003357957,-0.25827013003357957,1.2740865511936141
238,A2,-1.053590417412841,-0.6326989127431095,-0.783198322608381,-0.5599078274493633,1.3,0.2,1.2740865511936141,0.25827013003357957,-0.25827013003357957,1.2740865511936141
239,A2,-1.1424699171549018,-0.5110943002391205,-0.8152441168797786,-0.47079738602986787,1.3,0.2,1.2740865511936141,0.25827013003357957,-0.25827013003357957,1.2740865511936141
240,A2,-1.160284467365644,-0.38928341380211184,-0.8211325657522898,-0.3707423006162862,1.3,0.2,1.2740865511936141,0.25827013003357957,-0.25827013003357957,1.2740865511936141
241,A2,-1.141945620961215,-0.26028376464213954,-0.8150682048056843,-0.2545609281242619,1.3,0.2,1.2740865511936141,0.25827013003357957,-0.25827013003357957,1.2740865511936141
242,A2,-1.1042129220565664,-0.11382488374108596,-0.8020072136986212,-0.11333584233019606,1.3,0.2,1.2740865511936141,0.25827013003357957,-0.25827013003357957,1.2740865511936141
243,A2,-1.051097867669761,0.06273483488870901,-0.7822328190933355,0.0626526632629529,1.3,0.2,1.2740865511936141,0.25827013003357957,-0.25827013003357957,1.2740865511936141
244,A2,-0.9804510032212133,0.2818522875635598,-0.7532610741404697,0.27461854685228265,1.3,0.2,1.2740865511936141,0.25827013003357957,-0.25827013003357957,1.2740865511936141
245,A2,-0.8887940362948566,0.5444326328203197,-0.7107975723167521,0.496335967019483,1.3,0.2,1.2740865511936141,0.25827013003357957,-0.25827013003357957,1.2740865511936141
246,A2,-0.7774288727673799,0.8159527618830007,-0.651228468383857,0.6728610184811938,1.3,0.2,1.2740865511936141,0.25827013003357957,-0.25827013003357957,1.2740865511936141
247,A2,-0.6559415305846231,1.0254760356803945,-0.5756561791006682,0.7720875697800462,1.3,0.2,1.2740865511936141,0.25827013003357957,-0.25827013003357957,1.2740865511936141
248,A2,-0.5340286388592608,1.1323811852314811,-0.48845457648677604,0.8118326450709767,1.3,0.2,1.2740865511936141,0.25827013003357957,-0.25827013003357957,1.2740865511936141
249,A2,-0.41266128396278784,1.160498281889607,-0.39073000805663743,0.8212022017482494,1.3,0.2,1.2740865511936141,0.25827013003357957,-0.25827013003357957,1.2740865511936141
250,A2,-0.285731848983352,1.147196571046839,-0.27820169434395997,0.8168232313406121,1.3,0.2,1.2740865511936141,0.25827013003357957,-0.25827013003357957,1.2740865511936141
251,A2,-0.14349199511012742,1.1125546815273608,-0.14251520799343878,0.8049635765028869,1.3,0.2,1.2740865511936141,0.25827013003357957,-0.25827013003357957,1.2740865511936141
252,A2,0.026321337730694838,1.0624006883232682,0.02631526082801251,0.7865809484765158,1.3,0.2,1.2740865511936141,0.25827013003357957,-0.25827013003357957,1.2740865511936141
253,A2,0.23667828375708896,0.9953757620431277,0.23235580518578963,0.7596452448953462,1.3,0.2,1.2740865511936141,0.25827013003357957,-0.25827013003357957,1.2740865511936141
254,A2,0.49223508265748944,0.9078432261799492,0.45598858763494765,0.7200954601350336,1.3,0.2,1.2740865511936141,0.25827013003357957,-0.25827013003357957,1.2740865511936141
255,A2,0.766948075129123,0.7996957095113173,0.6451513049763933,0.663866620722481,1.3,0.2,1.2740865511936141,0.25827013003357957,-0.25827013003357957,1.2740865511936141
256,A2,0.9934355196143807,0.6792002218212783,0.7588234302670598,0.5909992098142931,1.3,0.2,1.2740865511936141,0.25827013003357957,-0.25827013003357957,1.2740865511936141
257,A2,1.1194441700023465,0.5570027189828435,0.807375494069698,0.5057501890655287,1.3,0.2,1.2740865511936141,0.25827013003357957,-0.25827013003357957,1.2740865511936141
258,A2,1.1592864258519633,0.43584854031271136,0.8208071958621987,0.41019740486473,1.3,0.2,1.2740865511936141,0.25827013003357957,-0.25827013003357957,1.2740865511936141
259,A2,1.151721146464821,0.3106370156648466,0.8183234544449425,0.30101650325139206,1.3,0.2,1.2740865511936141,0.25827013003357957,-0.25827013003357957,1.2740865511936141
260,A2,1.120358479271592,0.17217257349090412,0.8076935712076798,0.17049124690015244,1.3,0.2,1.2740865511936141,0.25827013003357957,-0.25827013003357957,1.2740865511936141
261,A2,1.073104313067736,0.008617481108620456,0.7906279109519054,0.008617267800757326,1.3,0.2,1.2740865511936141,0.25827013003357957,-0.25827013003357957,1.2740865511936141
262,A2,1.009553971217561,-0.19321642835674732,0.7655774739195401,-0.1908473761019769,1.3,0.2,1.2740865511936141,0.25827013003357957,-0.25827013003357957,1.2740865511936141
263,A2,0.9261217867752408,-0.44088186896209736,0.7287806181710529,-0.4143751551099627,1.3,0.2,1.2740865511936141,0.25827013003357957,-0.25827013003357957,1.2740865511936141
264,A2,0.8215088591893721,-0.7161720772953617,0.6758902814434394,-0.6145325989154027,1.3,0.2,1.2740865511936141,0.25827013003357957,-0.25827013003357957,1.2740865511936141
265,A2,0.7024273034377984,-0.9575299904250036,0.6059062228094406,-0.7431730878759721,1.3,0.2,1.2740865511936141,0.25827013003357957,-0.25827013003357957,1.2740865511936141
266,A2,0.5800375597228455,-1.1033543154249552,0.5226927283395357,-0.8017006652050419,1.3,0.2,1.2740865511936141,0.25827013003357957,-0.25827013003357957,1.2740865511936141
267,A2,0.45890044053358625,-1.1564319545365764,0.42918761647954484,-0.81987366697648,1.3,0.2,1.2740865511936141,0.25827013003357957,-0.25827013003357957,1.2740865511936141
268,A2,0.33507329151430765,-1.1554363542894992,0.3230719616365295,-0.8195470355665044,1.3,0.2,1.2740865511936141,0.25827013003357957,-0.25827013003357957,1.2740865511936141
269,A2,0.19995712194444573,-1.127613693627948,0.1973341122217694,-0.8102009719808031,1.3,0.2,1.2740865511936141,0.25827013003357957,-0.25827013003357957,1.2740865511936141
270,A2,0.042170028086673195,-1.0832316689883126,0.04214504870958137,-0.7943944454088262,1.3,0.2,1.2740865511936141,0.25827013003357957,-0.25827013003357957,1.2740865511936141
271,A2,-0.15147191695341347,-1.0230120864487904,-0.15032400657189393,-0.7710905333020615,1.3,0.2,1.2740865511936141,0.25827013003357957,-0.25827013003357957,1.2740865511936141
272,A2,-0.3906754473983762,-0.9436118775083765,-0.37194237928008733,-0.736877321390284,1.3,0.2,1.2740865511936141,0.25827013003357957,-0.25827013003357957,1.2740865511936141
273,A2,-0.664200184873978,-0.8427838784012682,-0.581151828171579,-0.6872807741643321,1.3,0.2,1.2740865511936141,0.25827013003357957,-0.25827013003357957,1.2740865511936141
274,A2,-0.9179418233879921,-0.725561033025585,-0.7249222917002475,-0.6203421219498866,1.3,0.2,1.2740865511936141,0.25827013003357957,-0.25827013003357957,1.2740865511936141
275,A2,-1.0838295830170432,-0.6031437801735959,-0.7946149335412998,-0.5392828331325259,1.3,0.2,1.2740865511936141,0.25827013003357957,-0.25827013003357957,1.2740865511936141
276,A2,-1.1516888476405922,-0.48186770277140556,-0.8183127843521563,-0.4477381437350436,1.3,0.2,1.2740865511936141,0.25827013003357957,-0.25827013003357957,1.2740865511936141
277,A2,-1.1582387018163256,-0.35911139816644044,-0.8204650550202415,-0.344431089439448,1.3,0.2,1.2740865511936141,0.25827013003357957,-0.25827013003357957,1.2740865511936141
278,A2,-1.1342997545827522,-0.22693340241967977,-0.8124857206115635,-0.2231164142910832,1.3,0.2,1.2740865511936141,0.25827013003357957,-0.25827013003357957,1.2740865511936141
279,A2,-1.0928014349996296,-0.07442883008603668,-0.797898346412955,-0.07429169737021121,1.3,0.2,1.2740865511936141,0.25827013003357957,-0.25827013003357957,1.2740865511936141
280,A2,-1.0357788787245892,0.1114192571969199,-0.7762157059752259,0.11096047304325973,1.3,0.2,1.2740865511936141,0.25827013003357957,-0.25827013003357957,1.2740865511936141
281,A2,-0.9603082160068218,0.34184657773482713,-0.7444143161762293,0.3291249447139891,1.3,0.2,1.2740865511936141,0.25827013003357957,-0.25827013003357957,1.2740865511936141
282,A2,-0.863445126487548,0.6115936479601283,-0.698028434329536,0.5452479357306719,1.3,0.2,1.2740865511936141,0.25827013003357957,-0.25827013003357957,1.2740865511936141
283,A2,-0.7485273852682952,0.8749729564819543,-0.6342695894786975,0.7038919597649831,1.3,0.2,1.2740865511936141,0.25827013003357957,-0.25827013003357957,1.2740865511936141
284,A2,-0.6263200858078097,1.0606321687808897,-0.5555131058035269,0.7859056902957585,1.3,0.2,1.2740865511936141,0.25827013003357957,-0.25827013003357957,1.2740865511936141
285,A2,-0.5047958122892532,1.1447843125835941,-0.4658804438132333,0.8160188487993258,1.3,0.2,1.2740865511936141,0.25827013003357957,-0.25827013003357957,1.2740865511936141
286,A2,-0.3828187137372989,1.160001643579462,-0.3651528540555189,0.8210404169640395,1.3,0.2,1.2740865511936141,0.25827013003357957,-0.25827013003357957,1.2740865511936141
287,A2,-0.2531861252299743,1.1403846283393315,-0.24791132200692062,0.8145435689807249,1.3,0.2,1.2740865511936141,0.25827013003357957,-0.25827013003357957,1.2740865511936141
288,A2,-0.10548820777897924,1.1018270959711134,-0.10509865905337601,0.8011543578219618,1.3,0.2,1.2740865511936141,0.25827013003357957,-0.25827013003357957,1.2740865511936141
289,A2,0.07300945212325766,1.0478838370711883,0.0728800054061152,0.7809822761293709,1.3,0.2,1.2740865511936141,0.25827013003357957,-0.25827013003357957,1.2740865511936141
290,A2,0.29455982874870285,0.9762162862639236,0.28632625752401064,0.7514232938418696,1.3,0.2,1.2740865511936141,0.25827013003357957,-0.25827013003357957,1.2740865511936141
291,A2,0.5588746257757417,0.8834287931747788,0.5071419741956793,0.7081328916242379,1.3,0.2,1.2740865511936141,0.25827013003357957,-0.25827013003357957,1.2740865511936141
292,A2,0.8290323428693405,0.7712429700552822,0.6799560780956367,0.6476516344210097,1.3,0.2,1.2740865511936141,0.25827013003357957,-0.25827013003357957,1.2740865511936141
293,A2,1.03359196634238,0.6495518925674887,0.7753449552455849,0.5713682258202352,1.3,0.2,1.2740865511936141,0.25827013003357957,-0.25827013003357957,1.2740865511936141
294,A2,1.135423925993862,0.5277241298847605,0.8128674405110747,0.48363948277676116,1.3,0.2,1.2740865511936141,0.25827013003357957,-0.25827013003357957,1.2740865511936141
295,A2,1.1605731059644628,0.4062591810712487,0.8212265649860091,0.385291784440561,1.3,0.2,1.2740865511936141,0.25827013003357957,-0.25827013003357957,1.2740865511936141
296,A2,1.1458230811999364,0.27879678911514133,0.8163656210777814,0.27179111618912327,1.3,0.2,1.2740865511936141,0.25827013003357957,-0.25827013003357957,1.2740865511936141
297,A2,1.11031598559216,0.13544255075976036,0.8041740587766224,0.13462036636213762,1.3,0.2,1.2740865511936141,0.25827013003357957,-0.25827013003357957,1.2740865511936141
298,A2,1.059355772631595,-0.036176140431112974,0.7854171675763099,-0.03616036729133103,1.3,0.2,1.2740865511936141,0.25827013003357957,-0.25827013003357957,1.2740865511936141
299,A2,0.9913503075231633,-0.24892123165264562,0.7579375098875304,-0.2439043365366994,1.3,0.2,1.2740865511936141,0.25827013003357957,-0.25827013003357957,1.2740865511936141
300,A2,0.9026847832797921,-0.50650785419519,0.7176026254731607,-0.46721982667962575,1.3,0.2,1.2740865511936141,0.25827013003357957,-0.25827013003357957,1.2740865511936141
301,A2,0.7936189288257686,-0.7806138210169138,0.6604542680618763,-0.6530588820974677,1.3,0.2,1.2740865511936141,0.25827013003357957,-0.25827013003357957,1.2740865511936141
302,A2,0.6728102982171618,-1.002629148511493,0.5868254540170781,-0.7626961218169154,1.3,0.2,1.2740865511936141,0.25827013003357957,-0.25827013003357957,1.2740865511936141
303,A2,0.5506847923034843,-1.1233003577704634,0.5010332730625303,-0.8087138324285802,1.3,0.2,1.2740865511936141,0.25827013003357957,-0.25827013003357957,1.2740865511936141
304,A2,0.42949312824820374,-1.1597733462465099,0.404897621539033,-0.820966002597899,1.3,0.2,1.2740865511936141,0.25827013003357957,-0.25827013003357957,1.2740865511936141
305,A2,0.30384361796905646,-1.1505547042623379,0.29482609799013787,-0.817937756100164,1.3,0.2,1.2740865511936141,0.25827013003357957,-0.25827013003357957,1.2740865511936141
306,A2,0.16438507576276168,-1.1182682694259072,0.1629202114171195,-0.8069657215386525,1.3,0.2,1.2740865511936141,0.25827013003357957,-0.25827013003357957,1.2740865511936141
307,A2,-0.0008406915502569279,-1.070221597274446,-0.0008406913522006242,-0.7895446933411976,1.3,0.2,1.2740865511936141,0.25827013003357957,-0.25827013003357957,1.2740865511936141
308,A2,-0.2049869241620974,-1.0057311498874553,-0.2021632163010411,-0.7639906055706371,1.3,0.2,1.2740865511936141,0.25827013003357957,-0.25827013003357957,1.2740865511936141
309,A2,-0.4548893880803637,-0.9211774356337373,-0.4259097827582614,-0.7264539518616921,1.3,0.2,1.2740865511936141,0.25827013003357957,-0.25827013003357957,1.2740865511936141
310,A2,-0.7302672828448217,-0.8155654351528854,-0.6232288431978545,-0.6726489955640459,1.3,0.2,1.2740865511936141,0.25827013003357957,-0.25827013003357957,1.2740865511936141
311,A2,-0.9677726309856229,-0.6960516445486565,-0.7477238543303658,-0.601855617989459,1.3,0.2,1.2740865511936141,0.25827013003357957,-0.25827013003357957,1.2740865511936141
312,A2,-1.10810623552855,-0.5737014115535782,-0.8033919565150812,-0.5180724246014429,1.3,0.2,1.2740865511936141,0.25827013003357957,-0.25827013003357957,1.2740865511936141
313,A2,-1.1573935196016165,-0.45257696365188416,-0.8201886265002603,-0.4240149673431215,1.3,0.2,1.2740865511936141,0.25827013003357957,-0.25827013003357957,1.2740865511936141
314,A2,-1.1545016992178359,-0.3284015441783853,-0.8192399132730301,-0.3170837627728129,1.3,0.2,1.2740865511936141,0.25827013003357957,-0.25827013003357957,1.2740865511936141
315,A2,-1.1256758203450616,-0.19240695882098335,-0.8095341221954566,-0.1900672693047243,1.3,0.2,1.2740865511936141,0.25827013003357957,-0.25827013003357957,1.2740865511936141
316,A2,-1.0805052361800178,-0.03308366863720383,-0.7933863813688653,-0.03307160357304627,1.3,0.2,1.2740865511936141,0.25827013003357957,-0.25827013003357957,1.2740865511936141
317,A2,-1.0193843257574688,0.16277191854418308,-0.7696156495081201,0.16134946076723206,1.3,0.2,1.2740865511936141,0.25827013003357957,-0.25827013003357957,1.2740865511936141
318,A2,-0.938885202413233,0.40434191188021207,-0.7347096411914762,0.3836579284585528,1.3,0.2,1.2740865511936141,0.25827013003357957,-0.25827013003357957,1.2740865511936141
319,A2,-0.8369962898029414,0.6785669614752909,-0.6842148199743007,0.5905869804593924,1.3,0.2,1.2740865511936141,0.25827013003357957,-0.25827013003357957,1.2740865511936141
320,A2,-0.71921792401723,0.9291711796390225,-0.6164246333547287,0.7302072390137545,1.3,0.2,1.2740865511936141,0.25827013003357957,-0.25827013003357957,1.2740865511936141
321,A2,-0.5967876166101709,1.089551293024073,-0.5347597639002318,0.796714314220089,1.3,0.2,1.2740865511936141,0.25827013003357957,-0.25827013003357957,1.2740865511936141
322,A2,-0.47556271377152126,1.1531954666504978,-0.44268290852100534,0.8188099040485798,1.3,0.2,1.2740865511936141,0.25827013003357957,-0.25827013003357957,1.2740865511936141
323,A2,-0.35254219979847634,1.1575664590797925,-0.3386281668770556,0.820245219940822,1.3,0.2,1.2740865511936141,0.25827013003357957,-0.25827013003357957,1.2740865511936141
324,A2,-0.21959675365986525,1.1325209440998192,-0.21613368583088155,0.8118802873425549,1.3,0.2,1.2740865511936141,0.25827013003357957,-0.25827013003357957,1.2740865511936141
325,A2,-0.06568859499337037,1.090226630426535,-0.06559427587455652,0.7969608460244569,1.3,0.2,1.2740865511936141,0.25827013003357957,-0.25827013003357957,1.2740865511936141
326,A2,0.12225839660735188,1.0323381379072254,0.12165287984811149,0.7748443917009556,1.3,0.2,1.2740865511936141,0.25827013003357957,-0.25827013003357957,1.2740865511936141
327,A2,0.3551154599288472,0.9557995136366533,0.34090436529631524,0.7423973673772717,1.3,0.2,1.2740865511936141,0.25827013003357957,-0.25827013003357957,1.2740865511936141
328,A2,0.6260807316763454,0.8578330866628324,0.5553475931108287,0.6951395390020173,1.3,0.2,1.2740865511936141,0.25827013003357957,-0.25827013003357957,1.2740865511936141
329,A2,0.8870946787497838,0.7422382427588299,0.7099557706017969,0.6304955509439796,1.3,0.2,1.2740865511936141,0.25827013003357957,-0.25827013003357957,1.2740865511936141
330,A2,1.0673832671939432,0.6199455328537163,0.7884733257562418,0.5510901042190769,1.3,0.2,1.2740865511936141,0.25827013003357957,-0.25827013003357957,1.2740865511936141
331,A2,1.1469133731978092,0.4984973819103395,0.8167289613463604,0.46093460641361533,1.3,0.2,1.2740865511936141,0.25827013003357957,-0.25827013003357957,1.2740865511936141
332,A2,1.1596290263571483,0.3763338879621942,0.8209189465998252,0.35951943223619165,1.3,0.2,1.2740865511936141,0.25827013003357957,-0.25827013003357957,1.2740865511936141
333,A2,1.138774919996106,0.24604003041952963,0.81400116117773,0.24119263791254061,1.3,0.2,1.2740865511936141,0.25827013003357957,-0.25827013003357957,1.2740865511936141
334,A2,1.0994007860693453,0.09706811046642191,0.8002836800608616,0.0967643894704626,1.3,0.2,1.2740865511936141,0.25827013003357957,-0.25827013003357957,1.2740865511936141
335,A2,1.0446220253564333,-0.08340316285429294,0.7797067071662813,-0.08321031286084433,1.3,0.2,1.2740865511936141,0.25827013003357957,-0.25827013003357957,1.2740865511936141
336,A2,0.9719230911533115,-0.30739209318450444,0.7495481577138311,-0.2980627314278848,1.3,0.2,1.2740865511936141,0.25827013003357957,-0.25827013003357957,1.2740865511936141
337,A2,0.8780085268110985,-0.5733436176834834,0.7054202444066615,-0.5178106137426631,1.3,0.2,1.2740865511936141,0.25827013003357957,-0.25827013003357957,1.2740865511936141
338,A2,0.7650314317941544,-0.8419245172860662,0.6440310234414582,-0.6868270685935968,1.3,0.2,1.2740865511936141,0.25827013003357957,-0.25827013003357957,1.2740865511936141
339,A2,0.6431643492019707,-1.0414111072607202,0.5670502701421645,-0.7784446875801873,1.3,0.2,1.2740865511936141,0.25827013003357957,-0.25827013003357957,1.2740865511936141
340,A2,0.5214221123535534,-1.1382580542992244,0.4787968564473612,-0.8138266962142398,1.3,0.2,1.2740865511936141,0.25827013003357957,-0.25827013003357957,1.2740865511936141
341,A2,0.39984150889731224,-1.1605445750232228,0.37981334295485714,-0.8212172754668161,1.3,0.2,1.2740865511936141,0.25827013003357957,-0.25827013003357957,1.2740865511936141
342,A2,0.2718191797020348,-1.1443963277535714,0.2653167724381159,-0.8158891768833128,1.3,0.2,1.2740865511936141,0.25827013003357957,-0.25827013003357957,1.2740865511936141
343,A2,0.12731672776285666,-1.1080368248491383,0.12663324342403043,-0.8033673447974906,1.3,0.2,1.2740865511936141,0.25827013003357957,-0.25827013003357957,1.2740865511936141
344,A2,-0.04614407622499511,-1.056265113920304,-0.04611135294098243,-0.7842301972644213,1.3,0.2,1.2740865511936141,0.25827013003357957,-0.25827013003357957,1.2740865511936141
345,A2,-0.2612930896631897,-0.9872679622544225,-0.25550460482225845,-0.7561949644820068,1.3,0.2,1.2740865511936141,0.25827013003357957,-0.25827013003357957,1.2740865511936141
346,A2,-0.5208375525795845,-0.8974686268152345,-0.4783461788278025,-0.7150630643140041,1.3,0.2,1.2740865511936141,0.25827013003357957,-0.25827013003357957,1.2740865511936141
347,A2,-0.7941338638619464,-0.7875097036908445,-0.6607444897900978,-0.6569959752380723,1.3,0.2,1.2740865511936141,0.25827013003357957,-0.25827013003357957,1.2740865511936141
348,A2,-1.0115281041731252,-0.6664191709421008,-0.7663933159580036,-0.5826194844980481,1.3,0.2,1.2740865511936141,0.25827013003357957,-0.25827013003357957,1.2740865511936141
349,A2,-1.1269246268081787,-0.5443711482929796,-0.8099640940646463,-0.4962896277540041,1.3,0.2,1.2740865511936141,0.25827013003357957,-0.25827013003357957,1.2740865511936141
350,A2,-1.1601411458918287,-0.42312640832165493,-0.8210858745331554,-0.3995609899105693,1.3,0.2,1.2740865511936141,0.25827013003357957,-0.25827013003357957,1.2740865511936141
351,A2,-1.1493291389382891,-0.29701332804225034,-0.8175317143245232,-0.2885770265734507,1.3,0.2,1.2740865511936141,0.25827013003357957,-0.25827013003357957,1.2740865511936141
352,A2,-1.1161369885729635,-0.1565280863755059,-0.8062210376660156,-0.15526212481672239,1.3,0.2,1.2740865511936141,0.25827013003357957,-0.25827013003357957,1.2740865511936141
353,A2,-1.0672949505453353,0.01040542709507905,-0.7884399123746187,0.010405051569375108,1.3,0.2,1.2740865511936141,0.25827013003357957,-0.25827013003357957,1.2740865511936141
354,A2,-1.0018533747589446,0.21688741496167369,-0.7623714277756999,0.21354940357887228,1.3,0.2,1.2740865511936141,0.25827013003357957,-0.25827013003357957,1.2740865511936141
355,A2,-0.9161737509123842,0.4689781909007744,-0.7240822873381332,0.4373733425800177,1.3,0.2,1.2740865511936141,0.25827013003357957,-0.25827013003357957,1.2740865511936141
356,A2,-0.8095830341936631,0.7442603201376292,-0.6693601766719854,0.6317122499002978,1.3,0.2,1.2740865511936141,0.25827013003357957,-0.25827013003357957,1.2740865511936141
357,A2,-0.6896703940768031,0.9777318216906025,-0.5977702141417658,0.7520823508981198,1.3,0.2,1.2740865511936141,0.25827013003357957,-0.25827013003357957,1.2740865511936141
358,A2,-0.567370583979733,1.1126041996059657,-0.5134256063722515,0.8049810078375373,1.3,0.2,1.2740865511936141,0.25827013003357957,-0.25827013003357957,1.2740865511936141
359,A2,-0.4462461105485494,1.1582179741724186,-0.418808423276172,0.8204582803421406,1.3,0.2,1.2740865511936141,0.25827013003357957,-0.25827013003357957,1.2740865511936141
360,A2,-0.3216983128716816,1.1535005667380567,-0.3110417367583013,0.818910424771381,1.3,0.2,1.2740865511936141,0.25827013003357957,-0.25827013003357957,1.2740865511936141
361,A2,-0.1847939917720977,1.1236955486319034,-0.18271883396196484,0.8088505176371954,1.3,0.2,1.2740865511936141,0.25827013003357957,-0.25827013003357957,1.2740865511936141
362,A2,-0.02389768063283179,1.0777363834544844,-0.023893132356886046,0.7923581599412038,1.3,0.2,1.2740865511936141,0.25827013003357957,-0.25827013003357957,1.2740865511936141
363,A2,0.17420052639938507,1.015703757710329,0.17245956952114322,0.7681108565566594,1.3,0.2,1.2740865511936141,0.25827013003357957,-0.25827013003357957,1.2740865511936141
364,A2,0.4181085089546213,0.9340985567188862,0.39533575713601665,0.73249906122604,1.3,0.2,1.2740865511936141,0.25827013003357957,-0.25827013003357957,1.2740865511936141
365,A2,0.692874599165268,0.8311637852676027,0.5998255193756247,0.681100408647411,1.3,0.2,1.2740865511936141,0.25827013003357957,-0.25827013003357957,1.2740865511936141
366,A2,0.940137518406499,0.7128638557835392,0.7352854291176114,0.6124695416102366,1.3,0.2,1.2740865511936141,0.25827013003357957,-0.25827013003357957,1.2740865511936141
367,A2,1.094999864680657,0.5904369425913183,0.7986957638746768,0.5302097885269479,1.3,0.2,1.2740865511936141,0.25827013003357957,-0.25827013003357957,1.2740865511936141
368,A2,1.1545448822759676,0.4692539020802126,0.8192541133450627,0.4375962845779126,1.3,0.2,1.2740865511936141,0.25827013003357957,-0.25827013003357957,1.2740865511936141
369,A2,1.1568186971431418,0.34594667464883766,0.8200004037838978,0.33277595859192116,1.3,0.2,1.2740865511936141,0.25827013003357957,-0.25827013003357957,1.2740865511936141
370,A2,1.130697576531982,0.21220376248967474,0.8112578710714886,0.20907489869743917,1.3,0.2,1.2740865511936141,0.25827013003357957,-0.25827013003357957,1.2740865511936141
371,A2,1.0876105443554918,0.05685584077017625,0.7960043661004819,0.05679465607266162,1.3,0.2,1.2740865511936141,0.25827013003357957,-0.25827013003357957,1.2740865511936141
372,A2,1.0288468207491206,-0.13322284365822362,0.773445426078523,-0.13244023833959953,1.3,0.2,1.2740865511936141,0.25827013003357957,-0.25827013003357957,1.2740865511936141
373,A2,0.9512310578712141,-0.3684981772725381,0.7403398696855431,-0.3526773856034248,1.3,0.2,1.2740865511936141,0.25827013003357957,-0.25827013003357957,1.2740865511936141
374,A2,0.8521710370390839,-0.6405491883201765,0.6922019685801039,-0.5652733728450363,1.3,0.2,1.2740865511936141,0.25827013003357957,-0.25827013003357957,1.2740865511936141
375,A2,0.7359319913684473,-0.8989822945243975,0.6266810738283757,-0.7158019704044595,1.3,0.2,1.2740865511936141,0.25827013003357957,-0.25827013003357957,1.2740865511936141
376,A2,0.6135756600776536,-1.073846666237449,0.5466391995944977,-0.7909060614230501,1.3,0.2,1.2740865511936141,0.25827013003357957,-0.25827013003357957,1.2740865511936141
377,A2,0.49219824123051387,-1.1488633532773416,0.455959405993271,-0.8173771814506622,1.3,0.2,1.2740865511936141,0.25827013003357957,-0.25827013003357957,1.2740865511936141
378,A2,0.3698276361265123,-1.159169969214747,0.3538409383453355,-0.8207691952769184,1.3,0.2,1.2740865511936141,0.25827013003357957,-0.25827013003357957,1.2740865511936141
379,A2,0.23884381401579455,-1.1371175384939807,0.23440338666498134,-0.813441202228739,1.3,0.2,1.2740865511936141,0.25827013003357957,-0.25827013003357957,1.2740865511936141
380,A2,0.08856263742980161,-1.0969338891006775,0.08833181924272471,-0.7993949643305731,1.3,0.2,1.2740865511936141,0.25827013003357957,-0.25827013003357957,1.2740865511936141
381,A2,-0.09391745844622498,-1.0413118435874034,-0.09364229659389198,-0.7784055723012784,1.3,0.2,1.2740865511936141,0.25827013003357957,-0.25827013003357957,1.2740865511936141
382,A2,-0.32034729909027543,-0.9675710629252797,-0.309820917183792,-0.7476349677553198,1.3,0.2,1.2740865511936141,0.25827013003357957,-0.25827013003357957,1.2740865511936141
383,A2,-0.5878304442021574,-0.8725341690509435,-0.5283334464336558,-0.7026593900054778,1.3,0.2,1.2740865511936141,0.25827013003357957,-0.25827013003357957,1.2740865511936141
384,A2,-0.854618470672923,-0.7587961309643784,-0.6934745716555812,-0.6403673105027103,1.3,0.2,1.2740865511936141,0.25827013003357957,-0.25827013003357957,1.2740865511936141
385,A2,-1.048934373893917,-0.6367796103390606,-0.7813917194659517,-0.56270283791351,1.3,0.2,1.2740865511936141,0.25827013003357957,-0.25827013003357957,1.2740865511936141
386,A2,-1.1408900161038087,-0.5151219771104495,-0.8147135714539866,-0.47392637742801674,1.3,0.2,1.2740865511936141,0.25827013003357957,-0.25827013003357957,1.2740865511936141
387,A2,-1.1604166315891191,-0.39340704369740187,-0.8211756124276454,-0.37429368868069174,1.3,0.2,1.2740865511936141,0.25827013003357957,-0.25827013003357957,1.2740865511936141
388,A2,-1.142917683608553,-0.2647974227426265,-0.8153942326549499,-0.258777222305791,1.3,0.2,1.2740865511936141,0.25827013003357957,-0.25827013003357957,1.2740865511936141
389,A2,-1.1057172526011538,-0.11911260419862368,-0.8025432882435486,-0.11855246706813649,1.3,0.2,1.2740865511936141,0.25827013003357957,-0.25827013003357957,1.2740865511936141
390,A2,-1.0531281713872946,0.05622685550990131,-0.7830195534086649,0.05616767737309382,1.3,0.2,1.2740865511936141,0.25827013003357957,-0.25827013003357957,1.2740865511936141
391,A2,-0.9831282489807768,0.27379304423053197,-0.7544169109462653,0.2671507279180119,1.3,0.2,1.2740865511936141,0.25827013003357957,-0.25827013003357957,1.2740865511936141
392,A2,-0.8921953869917167,0.5352165032715468,-0.712476382468629,0.4893585059540476,1.3,0.2,1.2740865511936141,0.25827013003357957,-0.25827013003357957,1.2740865511936141
393,A2,-0.7813698919805678,0.8074964590942795,-0.653492285373797,0.6682068679177751,1.3,0.2,1.2740865511936141,0.25827013003357957,-0.25827013003357957,1.2740865511936141
394,A2,-0.6600278574370794,1.0201309213486764,-0.5783819517521395,0.7699198555220015,1.3,0.2,1.2740865511936141,0.25827013003357957,-0.25827013003357957,1.2740865511936141
395,A2,-0.5380613649794126,1.1303233153056131,-0.4915190899563221,0.8111298870263075,1.3,0.2,1.2740865511936141,0.25827013003357957,-0.25827013003357957,1.2740865511936141
396,A2,-0.416747240771867,1.16039437960842,-0.3941866243435956,0.8211683654790176,1.3,0.2,1.2740865511936141,0.25827013003357957,-0.25827013003357957,1.2740865511936141
397,A2,-0.29014461620485654,1.148046201449177,-0.2822679119854404,0.8171057920115226,1.3,0.2,1.2740865511936141,0.25827013003357957,-0.25827013003357957,1.2740865511936141
398,A2,-0.1485997313401454,1.1139648708370742,-0.1475155197534585,0.8054594473623657,1.3,0.2,1.2740865511936141,0.25827013003357957,-0.25827013003357957,1.2740865511936141
399,A2,0.02007857639683594,1.0643239018849278,0.020075878611007097,0.7873131428274661,1.3,0.2,1.2740865511936141,0.25827013003357957,-0.25827013003357957,1.2740865511936141
400,A2,0.22891787471687555,0.9979200870750484,0.22500126067861184,0.7607192612796033,1.3,0.2,1.2740865511936141,0.25827013003357957,-0.25827013003357957,1.2740865511936141
401,A2,0.48314214276195966,0.9111110751770992,0.44875651579742976,0.7216651077508984,1.3,0.2,1.2740865511936141,0.25827013003357957,-0.25827013003357957,1.2740865511936141
402,A2,0.7581391827575317,0.8035634045626918,0.639979594187226,0.666024198874839,1.3,0.2,1.2740865511936141,0.25827013003357957,-0.25827013003357957,1.2740865511936141
403,A2,0.9874035504412069,0.683284861546361,0.7562530132120198,0.5936507506906162,1.3,0.2,1.2740865511936141,0.25827013003357957,-0.25827013003357957,1.2740865511936141
404,A2,1.1168540500084785,0.5610448735003526,0.8064718695942252,0.5087522745733958,1.3,0.2,1.2740865511936141,0.25827013003357957,-0.25827013003357957,1.2740865511936141
405,A2,1.158910479074923,0.43990683629459987,0.8206844957648007,0.41356721597657875,1.3,0.2,1.2740865511936141,0.25827013003357957,-0.25827013003357957,1.2740865511936141
406,A2,1.1524351374749418,0.314962136452626,0.8185591812665495,0.304944582211295,1.3,0.2,1.2740865511936141,0.25827013003357957,-0.25827013003357957,1.2740865511936141
407,A2,1.1216733211085133,0.1771164048688742,0.8081501659533843,0.17528729305466934,1.3,0.2,1.2740865511936141,0.25827013003357957,-0.25827013003357957,1.2740865511936141
408,A2,1.074924729756558,0.014610134228648541,0.7913094172075081,0.014609094777020685,1.3,0.2,1.2740865511936141,0.25827013003357957,-0.25827013003357957,1.2740865511936141
409,A2,1.0119697791046767,-0.18575833489846427,0.766575507586309,-0.18365081685488274,1.3,0.2,1.2740865511936141,0.25827013003357957,-0.25827013003357957,1.2740865511936141
410,A2,0.929252024340251,-0.4319705918954009,0.7302449748813709,-0.4069668447221677,1.3,0.2,1.2740865511936141,0.25827013003357957,-0.25827013003357957,1.2740865511936141
411,A2,0.8252879216673233,-0.7071114482611934,0.6779377242154226,-0.6088623019502493,1.3,0.2,1.2740865511936141,0.25827013003357957,-0.25827013003357957,1.2740865511936141
412,A2,0.7065003910724399,-0.9508343346313842,0.6084776287204224,-0.7401605390304861,1.3,0.2,1.2740865511936141,0.25827013003357957,-0.25827013003357957,1.2740865511936141
413,A2,0.5840918047937433,-1.100180184795106,0.5256330754156442,-0.8005637350413853,1.3,0.2,1.2740865511936141,0.25827013003357957,-0.25827013003357957,1.2740865511936141
414,A2,0.4629403323003043,-1.1557428109271057,0.4324776297034164,-0.8196476330842144,1.3,0.2,1.2740865511936141,0.25827013003357957,-0.25827013003357957,1.2740865511936141
415,A2,0.33932343091883904,-1.1559980796903913,0.3268732482096575,-0.8197313890884048,1.3,0.2,1.2740865511936141,0.25827013003357957,-0.25827013003357957,1.2740865511936141
416,A2,0.20475267703642763,-1.128830334748403,0.20193853221137456,-0.8106185668662623,1.3,0.2,1.2740865511936141,0.25827013003357957,-0.25827013003357957,1.2740865511936141
417,A2,0.0479286053861073,-1.0849529051651683,0.04789193932537972,-0.7950286061808132,1.3,0.2,1.2740865511936141,0.25827013003357957,-0.25827013003357957,1.2740865511936141
418,A2,-0.14431366569368725,-1.0253043123463044,-0.14332009553325747,-0.7720182048290398,1.3,0.2,1.2740865511936141,0.25827013003357957,-0.25827013003357957,1.2740865511936141
419,A2,-0.3819914483841941,-0.9466027123395171,-0.3644356769775093,-0.7382411584419961,1.3,0.2,1.2740865511936141,0.25827013003357957,-0.25827013003357957,1.2740865511936141
420,A2,-0.6549882347991396,-0.8464602818266844,-0.5750184367263249,-0.6892157127868006,1.3,0.2,1.2740865511936141,0.25827013003357957,-0.25827013003357957,1.2740865511936141
421,A2,-0.91062708868402,-0.7296103841079696,-0.7214331006624057,-0.622826928767192,1.3,0.2,1.2740865511936141,0.25827013003357957,-0.25827013003357957,1.2740865511936141
422,A2,-1.0800258030209977,-0.6072107929448944,-0.7932086655559172,-0.5421607250909749,1.3,0.2,1.2740865511936141,0.25827013003357957,-0.25827013003357957,1.2740865511936141
423,A2,-1.1506404140433732,-0.48589758322690046,-0.8179661221485773,-0.450954335804865,1.3,0.2,1.2740865511936141,0.25827013003357957,-0.25827013003357957,1.2740865511936141
424,A2,-1.1586276705090244,-0.36329863772105153,-0.8205921438522903,-0.34811624881340125,1.3,0.2,1.2740865511936141,0.25827013003357957,-0.25827013003357957,1.2740865511936141
425,A2,-1.1354134433451777,-0.23159579116785964,-0.812863884278642,-0.22754206909156424,1.3,0.2,1.2740865511936141,0.25827013003357957,-0.25827013003357957,1.2740865511936141
426,A2,-1.094426262682808,-0.07996982896808472,-0.7984879759794471,-0.07979979028073168,1.3,0.2,1.2740865511936141,0.25827013003357957,-0.25827013003357957,1.2740865511936141
427,A2,-1.03795269369768,0.10455375380171045,-0.7770783170166583,0.10417443630191936,1.3,0.2,1.2740865511936141,0.25827013003357957,-0.25827013003357957,1.2740865511936141
428,A2,-0.9631598877252207,0.3334233662526188,-0.7456830296899862,0.3215934613714939,1.3,0.2,1.2740865511936141,0.25827013003357957,-0.25827013003357957,1.2740865511936141
429,A2,-0.8670067344949552,0.6023255571270898,-0.6998501346521779,0.538702314574182,1.3,0.2,1.2740865511936141,0.25827013003357957,-0.25827013003357957,1.2740865511936141
430,A2,-0.7525389275769155,0.8671037593764732,-0.6366611986544581,0.6998996343351814,1.3,0.2,1.2740865511936141,0.25827013003357957,-0.25827013003357957,1.2740865511936141
431,A2,-0.6303983013022489,1.0561632818556046,-0.5583264160022413,0.784190990519985,1.3,0.2,1.2740865511936141,0.25827013003357957,-0.25827013003357957,1.2740865511936141
432,A2,-0.5088230687118286,1.1433262306507932,-0.4690276840951046,0.8155311043392929,1.3,0.2,1.2740865511936141,0.25827013003357957,-0.25827013003357957,1.2740865511936141
433,A2,-0.3869545400789218,1.1601930530793605,-0.36873179798774536,0.8211027861076984,1.3,0.2,1.2740865511936141,0.25827013003357957,-0.25827013003357957,1.2740865511936141
434,A2,-0.2577299014746572,1.141388426341236,-0.25217101000070047,0.8148810897709831,1.3,0.2,1.2740865511936141,0.25827013003357957,-0.25827013003357957,1.2740865511936141
435,A2,-0.11082824742574604,1.1033572768427857,-0.1103767017032879,0.8017017232461754,1.3,0.2,1.2740865511936141,0.25827013003357957,-0.25827013003357957,1.2740865511936141
436,A2,0.06642613710566614,1.0499443887582829,0.06632860897238671,0.7817847361958683,1.3,0.2,1.2740865511936141,0.25827013003357957,-0.25827013003357957,1.2740865511936141
437,A2,0.2864200341266726,0.9789307198513585,0.2788364949486702,0.7526026494678405,1.3,0.2,1.2740865511936141,0.25827013003357957,-0.25827013003357957,1.2740865511936141
438,A2,0.5496366123377425,0.8868657762711567,0.500247810047099,0.709842225036324,1.3,0.2,1.2740865511936141,0.25827013003357957,-0.25827013003357957,1.2740865511936141
439,A2,0.8206900508085234,0.7752013654382537,0.6754452812148423,0.649943782150057,1.3,0.2,1.2740865511936141,0.25827013003357957,-0.25827013003357957,1.2740865511936141
440,A2,1.028436813993431,0.6536372912593748,0.7732806404260892,0.5741134750984325,1.3,0.2,1.2740865511936141,0.25827013003357957,-0.25827013003357957,1.2740865511936141
441,A2,1.1335028261329676,0.531754965926647,0.8122146955374779,0.4867214525471293,1.3,0.2,1.2740865511936141,0.25827013003357957,-0.25827013003357957,1.2740865511936141
442,A2,1.1605374331055964,0.4103544618360696,0.8212149500291825,0.3887736084037024,1.3,0.2,1.2740865511936141,0.25827013003357957,-0.25827013003357957,1.2740865511936141
443,A2,1.1467075338673656,0.2832359339966133,0.8166604148356139,0.275897358378005,1.3,0.2,1.2740865511936141,0.25827013003357957,-0.25827013003357957,1.2740865511936141
444,A2,1.111752098058462,0.14059812228638993,0.8046808575325052,0.13967894960345606,1.3,0.2,1.2740865511936141,0.25827013003357957,-0.25827013003357957,1.2740865511936141
445,A2,1.061307959062148,-0.02986195853583848,0.7861639430283376,-0.029853085367367742,1.3,0.2,1.2740865511936141,0.25827013003357957,-0.25827013003357957,1.2740865511936141
446,A2,0.9939307466060141,-0.2410780783718385,0.7590334201905433,-0.23651378071748794,1.3,0.2,1.2740865511936141,0.25827013003357957,-0.25827013003357957,1.2740865511936141
447,A2,0.9059898276706235,-0.4973746873165512,0.7192019266948784,-0.4600499829008173,1.3,0.2,1.2740865511936141,0.25827013003357957,-0.25827013003357957,1.2740865511936141
448,A2,0.79750833348874,-0.7718918712186706,0.6626414855361886,-0.6480281939721109,1.3,0.2,1.2740865511936141,0.25827013003357957,-0.25827013003357957,1.2740865511936141
449,A2,0.6768962790620129,-0.9967845093692289,0.5894979468281135,-0.7602404219029315,1.3,0.2,1.2740865511936141,0.25827013003357957,-0.25827013003357957,1.2740865511936141
450,A2,0.5547240133882942,-1.1208618086021092,0.5040523844961854,-0.8078684730153807,1.3,0.2,1.2740865511936141,0.25827013003357957,-0.25827013003357957,1.2740865511936141
451,A2,0.43355806860795065,-1.1594760314897834,0.40829054405805154,-0.820869049918367,1.3,0.2,1.2740865511936141,0.25827013003357957,-0.25827013003357957,1.2740865511936141
452,A2,0.3081915349009297,-1.151307468697425,0.29879097594550724,-0.8181867510804023,1.3,0.2,1.2740865511936141,0.25827013003357957,-0.25827013003357957,1.2740865511936141
453,A2,0.16937236547689793,-1.1196095201266443,0.16777114177690625,-0.807433052173055,1.3,0.2,1.2740865511936141,0.25827013003357957,-0.25827013003357957,1.2740865511936141
454,A2,0.0052191160382084045,-1.072069867365505,0.00521906865059119,-0.7902397721877894,1.3,0.2,1.2740865511936141,0.25827013003357957,-0.25827013003357957,1.2740865511936141
455,A2,-0.19744578354317224,-1.0081817955018102,-0.19491937562479977,-0.7650089456740541,1.3,0.2,1.2740865511936141,0.25827013003357957,-0.25827013003357957,1.2740865511936141
456,A2,-0.44592311492670333,-0.9243457567374374,-0.41854204522184046,-0.727946796951032,1.3,0.2,1.2740865511936141,0.25827013003357957,-0.25827013003357957,1.2740865511936141
457,A2,-0.7212657048322872,-0.8193703155358134,-0.6176926973376612,-0.6747270040577338,1.3,0.2,1.2740865511936141,0.25827013003357957,-0.25827013003357957,1.2740865511936141
458,A2,-0.9612557895235802,-0.7001290283349275,-0.7448364913713692,-0.604449670123054,1.3,0.2,1.2740865511936141,0.25827013003357957,-0.25827013003357957,1.2740865511936141
459,A2,-1.1050974513959353,-0.5777521780969609,-0.8023225761940003,-0.5210297469213079,1.3,0.2,1.2740865511936141,0.25827013003357957,-0.25827013003357957,1.2740865511936141
460,A2,-1.1567948245365187,-0.45662103724174974,-0.8199925829806817,-0.4273262661361135,1.3,0.2,1.2740865511936141,0.25827013003357957,-0.25827013003357957,1.2740865511936141
461,A2,-1.1551071323759383,-0.33267105762281396,-0.8194389087987456,-0.32091879517161825,1.3,0.2,1.2740865511936141,0.25827013003357957,-0.25827013003357957,1.2740865511936141
462,A2,-1.1269198321844458,-0.1972417274233904,-0.8099624449082545,-0.19472306451860946,1.3,0.2,1.2740865511936141,0.25827013003357957,-0.25827013003357957,1.2740865511936141
463,A2,-1.082253409223264,-0.038904931741595816,-0.7940332481510148,-0.03888531486492917,1.3,0.2,1.2740865511936141,0.25827013003357957,-0.25827013003357957,1.2740865511936141
464,A2,-1.0217099979963518,0.15553181354261278,-0.7705621111446126,0.15428971836947372,1.3,0.2,1.2740865511936141,0.25827013003357957,-0.25827013003357957,1.2740865511936141
465,A2,-0.9419143970425815,0.39559163180626544,-0.7361005819379637,0.3761706874806818,1.3,0.2,1.2740865511936141,0.25827013003357957,-0.25827013003357957,1.2740865511936141
466,A2,-0.8407021994024958,0.6693868068873041,-0.686180814241308,0.5845763806605818,1.3,0.2,1.2740865511936141,0.25827013003357957,-0.25827013003357957,1.2740865511936141
467,A2,-0.7232751292641663,0.9220209128657362,-0.6189338951411716,0.7268520523169416,1.3,0.2,1.2740865511936141,0.25827013003357957,-0.25827013003357957,1.2740865511936141
468,A2,-0.6008511778101746,1.0859245621447928,-0.5376549693092234,0.7953858313952705,1.3,0.2,1.2740865511936141,0.25827013003357957,-0.25827013003357957,1.2740865511936141
469,A2,-0.4795945634779736,1.152250609627359,-0.4459188509247393,0.8184982851005291,1.3,0.2,1.2740865511936141,0.25827013003357957,-0.25827013003357957,1.2740865511936141
470,A2,-0.3567455523617449,1.1580051768343775,-0.34234421384815433,0.8203887157687408,1.3,0.2,1.2740865511936141,0.25827013003357957,-0.25827013003357957,1.2740865511936141
471,A2,-0.22429425844321002,1.1336635141387594,-0.22060717766354523,0.8122693717005705,1.3,0.2,1.2740865511936141,0.25827013003357957,-0.25827013003357957,1.2740865511936141
472,A2,-0.07128772190650293,1.0918777268916884,-0.07116720692211621,0.7975624620112038,1.3,0.2,1.2740865511936141,0.25827013003357957,-0.25827013003357957,1.2740865511936141
473,A2,0.11531337954805412,1.0345439703712442,0.11480496946229256,0.7757243725487206,1.3,0.2,1.2740865511936141,0.25827013003357957,-0.25827013003357957,1.2740865511936141
474,A2,0.3466179021704755,0.9586892961059023,0.3333727210986391,0.743691654785629,1.3,0.2,1.2740865511936141,0.25827013003357957,-0.25827013003357957,1.2740865511936141
475,A2,0.616819040872968,0.8614273195695001,0.5489093785615431,0.6969923331818922,1.3,0.2,1.2740865511936141,0.25827013003357957,-0.25827013003357957,1.2740865511936141
476,A2,0.8793703575726017,0.7462616614143665,0.706103747009749,0.632913414990447,1.3,0.2,1.2740865511936141,0.25827013003357957,-0.25827013003357957,1.2740865511936141
477,A2,1.063099917802119,0.6240209635519456,0.786847411374059,0.5539214506994747,1.3,0.2,1.2740865511936141,0.25827013003357957,-0.25827013003357957,1.2740865511936141
478,A2,1.14557306977374,0.5025246875016937,0.8162822134516057,0.46410037398670656,1.3,0.2,1.2740865511936141,0.25827013003357957,-0.25827013003357957,1.2740865511936141
479,A2,1.1598774540754255,0.3804827314881451,0.8209999403925203,0.36312661907930593,1.3,0.2,1.2740865511936141,0.25827013003357957,-0.25827013003357957,1.2740865511936141
480,A2,1.1398097417131356,0.2506149803866128,0.8143500182252257,0.24549666596698558,1.3,0.2,1.2740865511936141,0.25827013003357957,-0.25827013003357957,1.2740865511936141
481,A2,1.1009568620271382,0.10246171537153043,0.8008424646893546,0.10210465326537077,1.3,0.2,1.2740865511936141,0.25827013003357957,-0.25827013003357957,1.2740865511936141
482,A2,1.0467131959613343,-0.07674352195203593,0.7805252303877891,-0.07659321397390792,1.3,0.2,1.2740865511936141,0.25827013003357957,-0.25827013003357957,1.2740865511936141
483,A2,0.9746749595716483,-0.29917273658359483,0.7507514796218645,-0.29055537080543375,1.3,0.2,1.2740865511936141,0.25827013003357957,-0.25827013003357957,1.2740865511936141
484,A2,0.88148059007505,-0.564089372585118,0.7071602786663391,-0.511005272758884,1.3,0.2,1.2740865511936141,0.25827013003357957,-0.25827013003357957,1.2740865511936141
485,A2,0.7690060023438294,-0.8337033227368564,0.646351086688003,-0.6824595066299999,1.3,0.2,1.2740865511936141,0.25827013003357957,-0.25827013003357957,1.2740865511936141
486,A2,0.6472483213785798,-1.036445658337768,0.5698146402195807,-0.7764806065129866,1.3,0.2,1.2740865511936141,0.25827013003357957,-0.25827013003357957,1.2740865511936141
487,A2,0.5254514225643339,-1.1364695992454052,0.4818964650733601,-0.8132218801264253,1.3,0.2,1.2740865511936141,0.25827013003357957,-0.25827013003357957,1.2740865511936141
488,A2,0.40394688449130733,-1.160574523302683,0.38332099545002385,-0.8212270264522704,1.3,0.2,1.2740865511936141,0.25827013003357957,-0.25827013003357957,1.2740865511936141
489,A2,0.2762857141841062,-1.1453146732190391,0.2694639520249127,-0.8161959726357382,1.3,0.2,1.2740865511936141,0.25827013003357957,-0.25827013003357957,1.2740865511936141
490,A2,0.13252135732090645,-1.1094988018024217,0.13175099244362354,-0.8038851546156176,1.3,0.2,1.2740865511936141,0.25827013003357957,-0.25827013003357957,1.2740865511936141
491,A2,-0.03975735583580753,-1.0582466101504253,-0.039736421618597584,-0.7849918550486941,1.3,0.2,1.2740865511936141,0.25827013003357957,-0.25827013003357957,1.2740865511936141
492,A2,-0.25336758885554145,-0.9898848345355638,-0.2480816252105013,-0.7573132131131242,1.3,0.2,1.2740865511936141,0.25827013003357957,-0.25827013003357957,1.2740865511936141
493,A2,-0.5116688443058289,-0.900810506266597,-0.4712444613212159,-0.7166922906988739,1.3,0.2,1.2740865511936141,0.25827013003357957,-0.25827013003357957,1.2740865511936141
494,A2,-0.7855064416067026,-0.7914196406205448,-0.6558559096797163,-0.6592125073285785,1.3,0.2,1.2740865511936141,0.25827013003357957,-0.25827013003357957,1.2740865511936141
495,A2,-1.0058720940312942,-0.6705057988896916,-0.7640492768865748,-0.5853124982068836,1.3,0.2,1.2740865511936141,0.25827013003357957,-0.25827013003357957,1.2740865511936141
496,A2,-1.1246336431525619,-0.5484076761173686,-0.809174627963831,-0.4993258461659913,1.3,0.2,1.2740865511936141,0.25827013003357957,-0.25827013003357957,1.2740865511936141
497,A2,-1.159919462274231,-0.427198708879369,-0.821013632874862,-0.40297757369826387,1.3,0.2,1.2740865511936141,0.25827013003357957,-0.25827013003357957,1.2740865511936141
498,A2,-1.15011949835214,-0.30138500935965934,-0.8177936613091263,-0.29257957371723237,1.3,0.2,1.2740865511936141,0.25827013003357957,-0.25827013003357957,1.2740865511936141
499,A2,-1.1175044700744623,-0.16156002478014117,-0.8066991392356018,-0.16016888674985388,1.3,0.2,1.2740865511936141,0.25827013003357957,-0.25827013003357957,1.2740865511936141
500,A2,-1.0691713633677635,0.004277267060713685,-0.7891488270019391,0.004277240976685017,1.3,0.2,1.2740865511936141,0.25827013003357957,-0.25827013003357957,1.2740865511936141
501,A2,-1.0043392237901534,0.20926314537024623,-0.7634105046727195,0.20626110091640498,1.3,0.2,1.2740865511936141,0.25827013003357957,-0.25827013003357957,1.2740865511936141
502,A2,-0.9193799756888925,0.4599606250228043,-0.7256039660873543,0.4300521191665023,1.3,0.2,1.2740865511936141,0.25827013003357957,-0.25827013003357957,1.2740865511936141
503,A2,-0.8134126379462964,0.7353254520166161,-0.6714685382460654,0.6263126001575902,1.3,0.2,1.2740865511936141,0.25827013003357957,-0.25827013003357957,1.2740865511936141
504,A2,-0.6937511974445768,0.971396727390158,-0.6003864307127643,0.7493174259143462,1.3,0.2,1.2740865511936141,0.25827013003357957,-0.25827013003357957,1.2740865511936141
505,A2,-0.5714179678629443,1.1097571364630683,-0.5163998793026275,0.8039765263445509,1.3,0.2,1.2740865511936141,0.25827013003357957,-0.25827013003357957,1.2740865511936141
506,A2,-0.4502950192545305,1.157706343667765,-0.4221414812523017,0.8202909846160239,1.3,0.2,1.2740865511936141,0.25827013003357957,-0.25827013003357957,1.2740865511936141
507,A2,-0.32598812470235533,1.1541482468202438,-0.3149113353439572,0.8191236482173023,1.3,0.2,1.2740865511936141,0.25827013003357957,-0.25827013003357957,1.2740865511936141
508,A2,-0.18966912604149536,1.124966615486646,-0.18742697494702673,0.8092895511725702,1.3,0.2,1.2740865511936141,0.25827013003357957,-0.25827013003357957,1.2740865511936141
509,A2,-0.029782870494752284,1.0795117223618569,-0.02977406762367624,0.7930179564099847,1.3,0.2,1.2740865511936141,0.25827013003357957,-0.25827013003357957,1.2740865511936141
510,A2,0.1668781115873152,1.0180632654338007,0.16534608427085845,0.7690765162824149,1.3,0.2,1.2740865511936141,0.25827013003357957,-0.25827013003357957,1.2740865511936141
511,A2,0.4092947141280584,0.9371660915490836,0.3878736657355183,0.733917503648283,1.3,0.2,1.2740865511936141,0.25827013003357957,-0.25827013003357957,1.2740865511936141
512,A2,0.6837335901769533,0.8348982389977542,0.5939412604247188,0.6830973690046839,1.3,0.2,1.2740865511936141,0.25827013003357957,-0.25827013003357957,1.2740865511936141
513,A2,0.933156218424554,0.716927884442409,0.7320620376057432,0.6150027567923152,1.3,0.2,1.2740865511936141,0.25827013003357957,-0.25827013003357957,1.2740865511936141
514,A2,1.0915472387206324,0.5944969837310035,0.797442167605878,0.5331221756554894,1.3,0.2,1.2740865511936141,0.25827013003357957,-0.25827013003357957,1.2740865511936141
515,A2,1.1536998747316614,0.4732883018239089,0.8189760632635175,0.4408523689821203,1.3,0.2,1.2740865511936141,0.25827013003357957,-0.25827013003357957,1.2740865511936141
516,A2,1.1573053866161618,0.3501670200285066,0.8201597793159129,0.3365236579753863,1.3,0.2,1.2740865511936141,0.25827013003357957,-0.25827013003357957,1.2740865511936141
517,A2,1.131868553561006,0.21693749393268655,0.8116578019563636,0.21359719826998178,1.3,0.2,1.2740865511936141,0.25827013003357957,-0.25827013003357957,1.2740865511936141
518,A2,1.0892880658159694,0.0625143516343803,0.7966181512911017,0.06243304245368365,1.3,0.2,1.2740865511936141,0.25827013003357957,-0.25827013003357957,1.2740865511936141
519,A2,1.0310850629896173,-0.1261975737807243,0.7743431562971596,-0.12553188054327696,1.3,0.2,1.2740865511936141,0.25827013003357957,-0.25827013003357957,1.2740865511936141
520,A2,0.9541590663357539,-0.3599281884137123,0.7416601617690689,-0.34515077896396085,1.3,0.2,1.2740865511936141,0.25827013003357957,-0.25827013003357957,1.2740865511936141
521,A2,0.8557971011018375,-0.6313006320328054,0.6940858905378784,-0.5589471517377169,1.3,0.2,1.2740865511936141,0.25827013003357957,-0.25827013003357957,1.2740865511936141
522,A2,0.7399661449463547,-0.8914087020606922,0.6291247065550823,-0.7120888194372202,1.3,0.2,1.2740865511936141,0.25827013003357957,-0.25827013003357957,1.2740865511936141
523,A2,0.6176480556539503,-1.069746907869619,0.5494883463463901,-0.7893658491928209,1.3,0.2,1.2740865511936141,0.25827013003357957,-0.25827013003357957,1.2740865511936141
524,A2,0.49622609160245745,-1.1476368390909186,0.4591440045291052,-0.8169696997788629,1.3,0.2,1.2740865511936141,0.25827013003357957,-0.25827013003357957,1.2740865511936141
525,A2,0.37399033063633147,-1.1594732889748043,0.3574770725294604,-0.8208681553792645,1.3,0.2,1.2740865511936141,0.25827013003357957,-0.25827013003357957,1.2740865511936141
526,A2,0.24345100523962246,-1.138182727078038,0.23875270822324673,-0.813801257698634,1.3,0.2,1.2740865511936141,0.25827013003357957,-0.25827013003357957,1.2740865511936141
527,A2,0.09401105796097489,-1.0985159307769654,0.09373507453229817,-0.7999653084850544,1.3,0.2,1.2740865511936141,0.25827013003357957,-0.25827013003357957,1.2740865511936141
528,A2,-0.08718054640805546,-1.0434340108504225,-0.08696034544054304,-0.7792405056030203,1.3,0.2,1.2740865511936141,0.25827013003357957,-0.25827013003357957,1.2740865511936141
529,A2,-0.31204955332247114,-0.9703605886094262,-0.30230050274391995,-0.7488627019347649,1.3,0.2,1.2740865511936141,0.25827013003357957,-0.25827013003357957,1.2740865511936141
530,A2,-0.5785658723710861,-0.8760407070727074,-0.5216222946390785,-0.7044302737022679,1.3,0.2,1.2740865511936141,0.25827013003357957,-0.25827013003357957,1.2740865511936141
531,A2,-0.8465252487910775,-0.7627856801128472,-0.6892498177271531,-0.642714854160388,1.3,0.2,1.2740865511936141,0.25827013003357957,-0.25827013003357957,1.2740865511936141
532,A2,-1.0441579721373322,-0.6408617118881026,-0.7795247058045125,-0.5654859969422077,1.3,0.2,1.2740865511936141,0.25827013003357957,-0.25827013003357957,1.2740865511936141
533,A2,-1.1392300859511204,-0.5191501564598607,-0.8141546782416346,-0.47704383440032855,1.3,0.2,1.2740865511936141,0.25827013003357957,-0.25827013003357957,1.2740865511936141
534,A2,-1.160509699281321,-0.39752329912237805,-0.821205919523762,-0.3778278092126088,1.3,0.2,1.2740865511936141,0.25827013003357957,-0.25827013003357957,1.2740865511936141
535,A2,-1.1438690552414537,-0.26929237076498425,-0.815712820727881,-0.2629662623458911,1.3,0.2,1.2740865511936141,0.25827013003357957,-0.25827013003357957,1.2740865511936141
536,A2,-1.1072050652961185,-0.12436752199310375,-0.8030722049567821,-0.12373025529897297,1.3,0.2,1.2740865511936141,0.25827013003357957,-0.25827013003357957,1.2740865511936141
537,A2,-1.0551393250979917,0.0497665085483677,-0.7837964049065432,0.04972546355072736,1.3,0.2,1.2740865511936141,0.25827013003357957,-0.25827013003357957,1.2740865511936141
538,A2,-0.9857818564281048,0.2657857437769151,-0.755557944370197,0.25969912369780546,1.3,0.2,1.2740865511936141,0.25827013003357957,-0.25827013003357957,1.2740865511936141
539,A2,-0.895573689122522,0.5260172094005355,-0.714135781681966,0.4823307440596295,1.3,0.2,1.2740865511936141,0.25827013003357957,-0.25827013003357957,1.2740865511936141
540,A2,-0.7852991711796582,0.7989710554302164,-0.6557377799429093,0.6634611403887855,1.3,0.2,1.2740865511936141,0.25827013003357957,-0.25827013003357957,1.2740865511936141
541,A2,-0.6641144915343797,1.014664397902716,-0.581095073855481,0.7676843727716661,1.3,0.2,1.2740865511936141,0.25827013003357957,-0.25827013003357957,1.2740865511936141
542,A2,-0.5420954757836431,1.1281758351964124,-0.49457252478937386,0.8103940214801973,1.3,0.2,1.2740865511936141,0.25827013003357957,-0.25827013003357957,1.2740865511936141
543,A2,-0.4208276331178855,1.1602454342240156,-0.39762743927190813,0.8211198506380928,1.3,0.2,1.2740865511936141,0.25827013003357957,-0.25827013003357957,1.2740865511936141
544,A2,-0.2945410421644401,1.1488730490617782,-0.2863090110223648,0.8173803994031064,1.3,0.2,1.2740865511936141,0.25827013003357957,-0.25827013003357957,1.2740865511936141
545,A2,-0.15367751838839971,1.1153584395952942,-0.15247904934484033,0.8059483684823429,1.3,0.2,1.2740865511936141,0.25827013003357957,-0.25827013003357957,1.2740865511936141
546,A2,0.013880883819237466,1.0662287611414767,0.013879992369969627,0.7880361670354683,1.3,0.2,1.2740865511936141,0.25827013003357957,-0.25827013003357957,1.2740865511936141
547,A2,0.2212105149406623,1.0004414948397975,0.2176715245232209,0.7617795101249265,1.3,0.2,1.2740865511936141,0.25827013003357957,-0.25827013003357957,1.2740865511936141
548,A2,0.47407725510972804,0.9143549758818087,0.4414877674258224,0.7232159472860888,1.3,0.2,1.2740865511936141,0.25827013003357957,-0.25827013003357957,1.2740865511936141
549,A2,0.749278703741671,0.8074166089446536,0.6347184401198351,0.6681626685351343,1.3,0.2,1.2740865511936141,0.25827013003357957,-0.25827013003357957,1.2740865511936141
550,A2,0.9812526876374239,0.6873682559257906,0.7536076716417454,0.5962886610196819,1.3,0.2,1.2740865511936141,0.25827013003357957,-0.25827013003357957,1.2740865511936141
551,A2,1.1141649493341832,0.5650890122852079,0.8055297106248133,0.5117435028045749,1.3,0.2,1.2740865511936141,0.25827013003357957,-0.25827013003357957,1.2740865511936141
552,A2,1.1584826319071353,0.4439612514750382,0.8205447644678164,0.4169225282505892,1.3,0.2,1.2740865511936141,0.25827013003357957,-0.25827013003357957,1.2740865511936141
553,A2,1.1531236846459851,0.3192731831162394,0.8187862468740836,0.3088495816577879,1.3,0.2,1.2740865511936141,0.25827013003357957,-0.25827013003357957,1.2740865511936141
554,A2,1.1229711670601379,0.18203306788208534,0.8085999080639485,0.18004874655057468,1.3,0.2,1.2740865511936141,0.25827013003357957,-0.25827013003357957,1.2740865511936141
555,A2,1.0767274813446697,0.020560483138538338,0.7919823780325612,0.020557586426912768,1.3,0.2,1.2740865511936141,0.25827013003357957,-0.25827013003357957,1.2740865511936141
556,A2,1.0143635071532784,-0.1783532473672432,0.7675607802199288,-0.1764858723152542,1.3,0.2,1.2740865511936141,0.25827013003357957,-0.25827013003357957,1.2740865511936141
557,A2,0.9323578381099383,-0.42309629890861555,0.7316913045379057,-0.3995356871303517,1.3,0.2,1.2740865511936141,0.25827013003357957,-0.25827013003357957,1.2740865511936141
558,A2,0.8290499168688452,-0.698017054062125,0.6799655268145893,-0.6031076142620414,1.3,0.2,1.2740865511936141,0.25827013003357957,-0.25827013003357957,1.2740865511936141
559,A2,0.7105702510300497,-0.9440260852824883,0.6110342977785319,-0.737066561465443,1.3,0.2,1.2740865511936141,0.25827013003357957,-0.25827013003357957,1.2740865511936141
560,A2,0.5881483044445782,-1.0968985008398808,0.5285625418850086,-0.7993821899504132,1.3,0.2,1.2740865511936141,0.25827013003357957,-0.25827013003357957,1.2740865511936141
561,A2,0.46697788393538,-1.154994013903041,0.43575427088175217,-0.8194017436873855,1.3,0.2,1.2740865511936141,0.25827013003357957,-0.25827013003357957,1.2740865511936141
562,A2,0.34356166126373666,-1.1565310538600126,0.33065338059145616,-0.8199061498059629,1.3,0.2,1.2740865511936141,0.25827013003357957,-0.25827013003357957,1.2740865511936141
563,A2,0.20952375739256027,-1.130029290310112,0.20651061213630006,-0.8110292864044741,1.3,0.2,1.2740865511936141,0.25827013003357957,-0.25827013003357957,1.2740865511936141
564,A2,0.05364775434089586,-1.0866570290818507,0.05359634598581232,-0.795654754738326,1.3,0.2,1.2740865511936141,0.25827013003357957,-0.25827013003357957,1.2740865511936141
565,A2,-0.13720747335445999,-1.0275753576524351,-0.13635289045751017,-0.7729340722792893,1.3,0.2,1.2740865511936141,0.25827013003357957,-0.25827013003357957,1.2740865511936141
566,A2,-0.373351167303246,-0.9495690277014398,-0.3569194604568046,-0.7395878788340962,1.3,0.2,1.2740865511936141,0.25827013003357957,-0.25827013003357957,1.2740865511936141
567,A2,-0.6457597420650371,-0.8501173343846402,-0.5688085331729988,-0.6911307630424182,1.3,0.2,1.2740865511936141,0.25827013003357957,-0.25827013003357957,1.2740865511936141
568,A2,-0.903209734361057,-0.7336541564817254,-0.7178571552367162,-0.6252958361444453,1.3,0.2,1.2740865511936141,0.25827013003357957,-0.25827013003357957,1.2740865511936141
569,A2,-1.0761073840756885,-0.6112799545204814,-0.7917511146029645,-0.5450274641774777,1.3,0.2,1.2740865511936141,0.25827013003357957,-0.25827013003357957,1.2740865511936141
570,A2,-1.1495237610531803,-0.4899264988169445,-0.8175962489028281,-0.4541580937694446,1.3,0.2,1.2740865511936141,0.25827013003357957,-0.25827013003357957,1.2740865511936141
571,A2,-1.158983854967077,-0.36747602986827743,-0.8207084498603702,-0.3517820518157409,1.3,0.2,1.2740865511936141,0.25827013003357957,-0.25827013003357957,1.2740865511936141
572,A2,-1.136508394683987,-0.23623630310463528,-0.8132350185698326,-0.23193764380751278,1.3,0.2,1.2740865511936141,0.25827013003357957,-0.25827013003357957,1.2740865511936141
573,A2,-1.0960343655453613,-0.08547431869679573,-0.7990700318267365,-0.08526677075746947,1.3,0.2,1.2740865511936141,0.25827013003357957,-0.25827013003357957,1.2740865511936141
574,A2,-1.0401062409833732,0.09773867514002701,-0.7779300166286088,0.09742863221416206,1.3,0.2,1.2740865511936141,0.25827013003357957,-0.25827013003357957,1.2740865511936141
575,A2,-0.9659872664453897,0.3250485965569483,-0.7469356195449185,0.31406472917068706,1.3,0.2,1.2740865511936141,0.25827013003357957,-0.25827013003357957,1.2740865511936141
576,A2,-0.8705470890277764,0.5930568072272155,-0.7016519861840083,0.5320905336723047,1.3,0.2,1.2740865511936141,0.25827013003357957,-0.25827013003357957,1.2740865511936141
577,A2,-0.7565422678941496,0.8591451426793795,-0.6390357701628445,0.6958169664057415,1.3,0.2,1.2740865511936141,0.25827013003357957,-0.25827013003357957,1.2740865511936141
578,A2,-0.634478142102952,1.0515748904459605,-0.5611280572565167,0.7824178881983748,1.3,0.2,1.2740865511936141,0.25827013003357957,-0.25827013003357957,1.2740865511936141
579,A2,-0.5128505415223352,1.1417907250799886,-0.47216322539241595,0.8150162052976961,1.3,0.2,1.2740865511936141,0.25827013003357957,-0.25827013003357957,1.2740865511936141
580,A2,-0.39108247411896574,1.1603468437938218,-0.3722930443560623,0.8211528832910071,1.3,0.2,1.2740865511936141,0.25827013003357957,-0.25827013003357957,1.2740865511936141
581,A2,-0.26225429897196945,1.142372018051369,-0.25640284300724275,0.8152112811486371,1.3,0.2,1.2740865511936141,0.25827013003357957,-0.25827013003357957,1.2740865511936141
582,A2,-0.11613469037623611,1.1048709252972548,-0.11561537866892847,0.8022418551496101,1.3,0.2,1.2740865511936141,0.25827013003357957,-0.25827013003357957,1.2740865511936141
583,A2,0.059891109174631085,1.0519855573334393,0.05981960306424082,0.7825771027872628,1.3,0.2,1.2740865511936141,0.25827013003357957,-0.25827013003357957,1.2740865511936141
584,A2,0.2783316418600579,0.9816213452713556,0.2713602751157718,0.7537669153160609,1.3,0.2,1.2740865511936141,0.25827013003357957,-0.25827013003357957,1.2740865511936141
585,A2,0.5404119562868932,0.8902800359987907,0.49329973895107776,0.7115320193550954,1.3,0.2,1.2740865511936141,0.25827013003357957,-0.25827013003357957,1.2740865511936141
586,A2,0.8122740302667848,0.7791487888795356,0.670842816490141,0.6522178614681561,1.3,0.2,1.2740865511936141,0.25827013003357957,-0.25827013003357957,1.2740865511936141
587,A2,1.023160202346538,0.6577233442978359,0.7711505755009898,0.5768463133259473,1.3,0.2,1.2740865511936141,0.25827013003357957,-0.25827013003357957,1.2740865511936141
588,A2,1.1314947495431102,0.5357869705040967,0.8115302169811899,0.48979224127171334,1.3,0.2,1.2740865511936141,0.25827013003357957,-0.25827013003357957,1.2740865511936141
589,A2,1.1604584411856533,0.4144436928173568,0.8211892281171255,0.39223924396828275,1.3,0.2,1.2740865511936141,0.25827013003357957,-0.25827013003357957,1.2740865511936141
590,A2,1.1475698320730559,0.28765809686235516,0.816947414670939,0.279977903948455,1.3,0.2,1.2740865511936141,0.25827013003357957,-0.25827013003357957,1.2740865511936141
591,A2,1.1131716437239327,0.1457229670344439,0.8051806601127672,0.14470016924611692,1.3,0.2,1.2740865511936141,0.25827013003357957,-0.25827013003357957,1.2740865511936141
592,A2,1.0632415818579488,-0.023593574195930472,0.7869013611120584,-0.023589197329767504,1.3,0.2,1.2740865511936141,0.25827013003357957,-0.25827013003357957,1.2740865511936141
593,A2,0.9964880562470765,-0.2332877959293212,0.7601152802572689,-0.22914585065118415,1.3,0.2,1.2740865511936141,0.25827013003357957,-0.25827013003357957,1.2740865511936141
594,A2,0.9092711272882147,-0.4882667188490498,0.7207822343874881,-0.4528396666879474,1.3,0.2,1.2740865511936141,0.25827013003357957,-0.25827013003357957,1.2740865511936141
595,A2,0.8013839915725229,-0.7631134505752633,0.6648097869961782,-0.6429071878943852,1.3,0.2,1.2740865511936141,0.25827013003357957,-0.25827013003357957,1.2740865511936141
596,A2,0.680981485696716,-0.9908199118970413,0.5921570935673335,-0.7577117195008874,1.3,0.2,1.2740865511936141,0.25827013003357957,-0.25827013003357957,1.2740865511936141
597,A2,0.5587650847845769,-1.1183268010538105,0.507060601858544,-0.8069861367763379,1.3,0.2,1.2740865511936141,0.25827013003357957,-0.25827013003357957,1.2740865511936141
598,A2,0.43761867898758977,-1.159128791443334,0.4116686268233564,-0.8207557569541389,1.3,0.2,1.2740865511936141,0.25827013003357957,-0.25827013003357957,1.2740865511936141
599,A2,0.3125247649096266,-1.1520355815304164,0.3027322247856643,-0.8184273003147824,1.3,0.2,1.2740865511936141,0.25827013003357957,-0.25827013003357957,1.2740865511936141
600,A2,0.17433173093700666,-1.1209339075215097,0.17258686885244293,-0.8078935150104206,1.3,0.2,1.2740865511936141,0.25827013003357957,-0.25827013003357957,1.2740865511936141
601,A2,0.011235845342486589,-1.0739002953319219,0.011235372546182495,-0.7909261429296671,1.3,0.2,1.2740865511936141,0.25827013003357957,-0.25827013003357957,1.2740865511936141
602,A2,-0.1899577607226616,-1.0106101228226054,-0.18770545514479584,-0.7660142523757522,1.3,0.2,1.2740865511936141,0.25827013003357957,-0.25827013003357957,1.2740865511936141
603,A2,-0.4369915965543213,-0.9274897446663182,-0.4111476823000718,-0.7294213854329699,1.3,0.2,1.2740865511936141,0.25827013003357957,-0.25827013003357957,1.2740865511936141
604,A2,-0.7122254886379932,-0.8231588119625161,-0.6120704821010232,-0.6767854909929636,1.3,0.2,1.2740865511936141,0.25827013003357957,-0.25827013003357957,1.2740865511936141
605,A2,-0.9546242463910981,-0.7042037691151548,-0.7418693927773303,-0.6070292982032611,1.3,0.2,1.2740865511936141,0.25827013003357957,-0.25827013003357957,1.2740865511936141
606,A2,-1.1019833518609183,-0.581805160480739,-0.8012103141283896,-0.523976219810629,1.3,0.2,1.2740865511936141,0.25827013003357957,-0.25827013003357957,1.2740865511936141
607,A2,-1.1561386923335868,-0.46066236279180717,-0.8197775104066591,-0.43062390151796637,1.3,0.2,1.2740865511936141,0.25827013003357957,-0.25827013003357957,1.2740865511936141
608,A2,-1.15568479202072,-0.33692807733523233,-0.8196285916641249,-0.3247321565328745,1.3,0.2,1.2740865511936141,0.25827013003357957,-0.25827013003357957,1.2740865511936141
609,A2,-1.1281463819068542,-0.20205129043030173,-0.8103839110576412,-0.19934589789917123,1.3,0.2,1.2740865511936141,0.25827013003357957,-0.25827013003357957,1.2740865511936141
610,A2,-1.0839843333543022,-0.044685969462971625,-0.7946719655069772,-0.044656249685430215,1.3,0.2,1.2740865511936141,0.25827013003357957,-0.25827013003357957,1.2740865511936141
611,A2,-1.0240142392761031,0.14834410471457654,-0.7714965116335564,0.14726544635052155,1.3,0.2,1.2740865511936141,0.25827013003357957,-0.25827013003357957,1.2740865511936141
612,A2,-0.9449190637866995,0.3868834290307758,-0.7374741457389666,0.36867035380989366,1.3,0.2,1.2740865511936141,0.25827013003357957,-0.25827013003357957,1.2740865511936141
613,A2,-0.8443893507210098,0.6601854831293829,-0.6881269594106695,0.5784868380390802,1.3,0.2,1.2740865511936141,0.25827013003357957,-0.25827013003357957,1.2740865511936141
614,A2,-0.7273274336158204,0.9147649396747158,-0.6214275780421309,0.7234114251125415,1.3,0.2,1.2740865511936141,0.25827013003357957,-0.25827013003357957,1.2740865511936141
615,A2,-0.6049169568927059,1.082184949103089,-0.5405391213705796,0.7940079499946415,1.3,0.2,1.2740865511936141,0.25827013003357957,-0.25827013003357957,1.2740865511936141
616,A2,-0.4836250884394562,1.151239959793601,-0.44914212110996765,0.8181644333996565,1.3,0.2,1.2740865511936141,0.25827013003357957,-0.25827013003357957,1.2740865511936141
617,A2,-0.360938501477804,1.1584122952820748,-0.3460404238511314,0.8205217837237458,1.3,0.2,1.2740865511936141,0.25827013003357957,-0.25827013003357957,1.2740865511936141
618,A2,-0.22896918242034792,1.1347876748687267,-0.22504997033812715,0.8126514828668585,1.3,0.2,1.2740865511936141,0.25827013003357957,-0.25827013003357957,1.2740865511936141
619,A2,-0.07684953640232478,1.0935120102314935,-0.07669860563208483,0.7981563934231091,1.3,0.2,1.2740865511936141,0.25827013003357957,-0.25827013003357957,1.2740865511936141
620,A2,0.10841929358537722,1.0367292854595753,0.10799646790495339,0.7765932037653182,1.3,0.2,1.2740865511936141,0.25827013003357957,-0.25827013003357957,1.2740865511936141
621,A2,0.33816767505377676,0.9615546948567743,0.3258405907114905,0.744969539960367,1.3,0.2,1.2740865511936141,0.25827013003357957,-0.25827013003357957,1.2740865511936141
622,A2,0.6075524944151129,0.8650007801791222,0.5424019427317164,0.6988252396819382,1.3,0.2,1.2740865511936141,0.25827013003357957,-0.25827013003357957,1.2740865511936141
623,A2,0.8715527060991703,0.7502776192336249,0.7021621622255916,0.6353145468787149,1.3,0.2,1.2740865511936141,0.25827013003357957,-0.25827013003357957,1.2740865511936141
624,A2,1.0586981382832454,0.6280982070131726,0.7851650846195015,0.5567412935711108,1.3,0.2,1.2740865511936141,0.25827013003357957,-0.25827013003357957,1.2740865511936141
625,A2,1.144157921066177,0.5065519061305828,0.815809456097808,0.4672542616169314,1.3,0.2,1.2740865511936141,0.25827013003357957,-0.25827013003357957,1.2740865511936141
626,A2,1.1600896752573435,0.38462315640503014,0.821069103765908,0.3667156670311543,1.3,0.2,1.2740865511936141,0.25827013003357957,-0.25827013003357957,1.2740865511936141
627,A2,1.1408248057182244,0.2551698752802134,0.8146916438318531,0.24977223310614388,1.3,0.2,1.2740865511936141,0.25827013003357957,-0.25827013003357957,1.2740865511936141
628,A2,1.1024963738990834,0.10782092627241091,0.801393932351833,0.10740504134349972,1.3,0.2,1.2740865511936141,0.25827013003357957,-0.25827013003357957,1.2740865511936141
629,A2,1.0487847454116832,-0.07013279641048248,0.781333443284755,-0.07001803691706492,1.3,0.2,1.2740865511936141,0.25827013003357957,-0.25827013003357957,1.2740865511936141
630,A2,0.9774028645876385,-0.2910041291737485,0.7519394257432377,-0.2830587510463332,1.3,0.2,1.2740865511936141,0.25827013003357957,-0.25827013003357957,1.2740865511936141
631,A2,0.8849302892118293,-0.5548448411698756,0.7088806635449583,-0.5041425082182391,1.3,0.2,1.2740865511936141,0.25827013003357957,-0.25827013003357957,1.2740865511936141
632,A2,0.772970368670857,-0.8254038907579211,0.6486533494601132,-0.678000389036272,1.3,0.2,1.2740865511936141,0.25827013003357957,-0.25827013003357957,1.2740865511936141
633,A2,0.6513332602946063,-1.0313589622869328,0.5725668240794216,-0.7744528003124818,1.3,0.2,1.2740865511936141,0.25827013003357957,-0.25827013003357957,1.2740865511936141
634,A2,0.5294816647776566,-1.1345968055202726,0.48498477279353386,-0.8125866540456055,1.3,0.2,1.2740865511936141,0.25827013003357957,-0.25827013003357957,1.2740865511936141
635,A2,0.4080457157460223,-1.160562807932616,0.3868120603933234,-0.8212232120530901,1.3,0.2,1.2740865511936141,0.25827013003357957,-0.25827013003357957,1.2740865511936141
636,A2,0.2807346182230799,-1.1462114511412043,0.273584850087192,-0.8164951197093678,1.3,0.2,1.2740865511936141,0.25827013003357957,-0.25827013003357957,1.2740865511936141
637,A2,0.13769447736729085,-1.1109442459441619,0.13683080826417499,-0.8043959136072357,1.3,0.2,1.2740865511936141,0.25827013003357957,-0.25827013003357957,1.2740865511936141
638,A2,-0.033417144607483434,-1.0602093260050676,-0.03340471112427895,-0.7857439616756008,1.3,0.2,1.2740865511936141,0.25827013003357957,-0.25827013003357957,1.2740865511936141
639,A2,-0.2454946883450089,-0.9924783751666719,-0.24067895299176725,-0.7584171270581919,1.3,0.2,1.2740865511936141,0.25827013003357957,-0.25827013003357957,1.2740865511936141
640,A2,-0.5025223071871838,-0.9041288772942112,-0.4640985063640695,-0.7183023525764012,1.3,0.2,1.2740865511936141,0.25827013003357957,-0.25827013003357957,1.2740865511936141
641,A2,-0.7768177073908382,-0.7953165855212881,-0.6508763572384649,-0.6614103342946317,1.3,0.2,1.2740865511936141,0.25827013003357957,-0.25827013003357957,1.2740865511936141
642,A2,-1.0000953462912463,-0.6745920903255018,-0.7616341960440169,-0.5879924394295738,1.3,0.2,1.2740865511936141,0.25827013003357957,-0.25827013003357957,1.2740865511936141
643,A2,-1.1222487698990802,-0.5524458964304366,-0.8083496924770179,-0.5023511153867601,1.3,0.2,1.2740865511936141,0.25827013003357957,-0.25827013003357957,1.2740865511936141
644,A2,-1.1596497597399145,-0.4312662199027391,-0.8209257074767273,-0.4063789638142286,1.3,0.2,1.2740865511936141,0.25827013003357957,-0.25827013003357957,1.2740865511936141
645,A2,-1.1508859512524134,-0.3057413832657824,-0.8180473618086719,-0.2965579338595515,1.3,0.2,1.2740865511936141,0.25827013003357957,-0.25827013003357957,1.2740865511936141
646,A2,-1.1188551980602415,-0.16656327667226745,-0.8071703490167252,-0.16503984079877557,1.3,0.2,1.2740865511936141,0.25827013003357957,-0.25827013003357957,1.2740865511936141
647,A2,-1.0710297473482864,-0.001807050573055663,-0.7898488640084955,-0.0018070486061247796,1.3,0.2,1.2740865511936141,0.25827013003357957,-0.25827013003357957,1.2740865511936141
648,A2,-1.006802521787259,0.2016920324879325,-0.7644362724002584,0.19900089173833085,1.3,0.2,1.2740865511936141,0.25827013003357957,-0.25827013003357957,1.2740865511936141
649,A2,-0.9225619877236904,0.4509754153145433,-0.7271071694455644,0.4227004677602653,1.3,0.2,1.2740865511936141,0.25827013003357957,-0.25827013003357957,1.2740865511936141
650,A2,-0.8172265610933513,0.7263470443576578,-0.6735575180135241,0.6208254212290706,1.3,0.2,1.2740865511936141,0.25827013003357957,-0.25827013003357957,1.2740865511936141
651,A2,-0.6978299128873977,0.9649451075895173,-0.6029885301533997,0.7464745357224374,1.3,0.2,1.2740865511936141,0.25827013003357957,-0.25827013003357957,1.2740865511936141
652,A2,-0.5754675013846617,1.1068070928639302,-0.5193633151638671,0.8029308497122826,1.3,0.2,1.2740865511936141,0.25827013003357957,-0.25827013003357957,1.2740865511936141
653,A2,-0.4543407600704499,1.1571394280989231,-0.42546057047861563,0.8201054474025995,1.3,0.2,1.2740865511936141,0.25827013003357957,-0.25827013003357957,1.2740865511936141
654,A2,-0.33026485036805064,1.154769077957947,-0.3187587366682622,0.8193278204347844,1.3,0.2,1.2740865511936141,0.25827013003357957,-0.25827013003357957,1.2740865511936141
655,A2,-0.19451831674067852,1.1262204174033867,-0.19210153384949,0.8097217372926213,1.3,0.2,1.2740865511936141,0.25827013003357957,-0.25827013003357957,1.2740865511936141
656,A2,-0.03562704235971878,1.0812696638206154,-0.0356119763717803,0.7936694591580796,1.3,0.2,1.2740865511936141,0.25827013003357957,-0.25827013003357957,1.2740865511936141
657,A2,0.15960837426372795,1.020401093774711,0.15826671182406843,0.7700298531768488,1.3,0.2,1.2740865511936141,0.25827013003357957,-0.25827013003357957,1.2740865511936141
658,A2,0.40052119934640384,0.940209115707427,0.38039483229564935,0.7353183159885921,1.3,0.2,1.2740865511936141,0.25827013003357957,-0.25827013003357957,1.2740865511936141
659,A2,0.6745666970578835,0.8386145544463025,0.5879758252580356,0.6850745414854598,1.3,0.2,1.2740865511936141,0.25827013003357957,-0.25827013003357957,1.2740865511936141
660,A2,0.9260663823003743,0.7209876670257618,0.7287546391378295,0.6175207137302348,1.3,0.2,1.2740865511936141,0.25827013003357957,-0.25827013003357957,1.2740865511936141
661,A2,1.0879836398790006,0.5985592810344724,0.796141019147099,0.5360235902932444,1.3,0.2,1.2740865511936141,0.25827013003357957,-0.25827013003357957,1.2740865511936141
662,A2,1.152791447714999,0.4773210029749508,0.8186767154170917,0.44409552804015356,1.3,0.2,1.2740865511936141,0.25827013003357957,-0.25827013003357957,1.2740865511936141
663,A2,1.15776160266254,0.35437639797495,0.820309060268265,0.3402510295198647,1.3,0.2,1.2740865511936141,0.25827013003357957,-0.25827013003357957,1.2740865511936141
664,A2,1.133021419148223,0.22164793307783276,0.8120508051624743,0.21808817770104852,1.3,0.2,1.2740865511936141,0.25827013003357957,-0.25827013003357957,1.2740865511936141
665,A2,1.0909486717570906,0.06813474714004372,0.7972241337143293,0.06802950758607991,1.3,0.2,1.2740865511936141,0.25827013003357957,-0.25827013003357957,1.2740865511936141
666,A2,1.0333025368227837,-0.1192236999805593,0.7752294932106469,-0.11866199999050663,1.3,0.2,1.2740865511936141,0.25827013003357957,-0.25827013003357957,1.2740865511936141
667,A2,0.9570626212207337,-0.35140428034302107,0.742963776912886,-0.3376203436367992,1.3,0.2,1.2740865511936141,0.25827013003357957,-0.25827013003357957,1.2740865511936141
668,A2,0.8594029061356627,-0.6220428905105428,0.695949906937985,-0.5525488055659685,1.3,0.2,1.2740865511936141,0.25827013003357957,-0.25827013003357957,1.2740865511936141
669,A2,0.7439935648707122,-0.8837380750114266,0.6315519190740524,-0.7082870496384217,1.3,0.2,1.2740865511936141,0.25827013003357957,-0.25827013003357957,1.2740865511936141
670,A2,0.6217224180615523,-1.065530000591129,0.5523261371971258,-0.7877711916208245,1.3,0.2,1.2740865511936141,0.25827013003357957,-0.25827013003357957,1.2740865511936141
671,A2,0.5002535351789587,-1.1463380239367065,0.4623165260638187,-0.8165373065831516,1.3,0.2,1.2740865511936141,0.25827013003357957,-0.25827013003357957,1.2740865511936141
672,A2,0.37814407190396393,-1.1597417501686256,0.36109461541671745,-0.8209557015409745,1.3,0.2,1.2740865511936141,0.25827013003357957,-0.25827013003357957,1.2740865511936141
673,A2,0.24803745742207395,-1.1392285717371753,0.2430729584465041,-0.8141541677205031,1.3,0.2,1.2740865511936141,0.25827013003357957,-0.25827013003357957,1.2740865511936141
674,A2,0.09942428455097996,-1.1000813602765485,0.09909796552023889,-0.8005282445757371,1.3,0.2,1.2740865511936141,0.25827013003357957,-0.25827013003357957,1.2740865511936141
675,A2,-0.08049314870214397,-1.0455363147055543,-0.08031975574966467,-0.7800649056663174,1.3,0.2,1.2740865511936141,0.25827013003357957,-0.25827013003357957,1.2740865511936141
676,A2,-0.3038017852168755,-0.973126011605839,-0.2947879009712724,-0.7500747753845621,1.3,0.2,1.2740865511936141,0.25827013003357957,-0.25827013003357957,1.2740865511936141
677,A2,-0.5693072098555719,-0.879525274190865,-0.514850307950736,-0.7061814164162876,1.3,0.2,1.2740865511936141,0.25827013003357957,-0.25827013003357957,1.2740865511936141
678,A2,-0.8383494194830555,-0.7667657893765842,-0.6849338159951961,-0.6450448777225166,1.3,0.2,1.2740865511936141,0.25827013003357957,-0.25827013003357957,1.2740865511936141
679,A2,-1.0392607878640896,-0.6449450579011127,-0.7775959910843037,-0.5682571791125077,1.3,0.2,1.2740865511936141,0.25827013003357957,-0.25827013003357957,1.2740865511936141
680,A2,-1.1374884500444833,-0.5231790117955335,-0.8135666487255798,-0.48014985343448724,1.3,0.2,1.2740865511936141,0.25827013003357957,-0.25827013003357957,1.2740865511936141
681,A2,-1.1605626907230497,-0.40163250666112615,-0.8212231738905382,-0.3813449311563685,1.3,0.2,1.2740865511936141,0.25827013003357957,-0.25827013003357957,1.2740865511936141
682,A2,-1.1447994063398712,-0.2737690322448855,-0.8160238917610019,-0.2671284295130135,1.3,0.2,1.2740865511936141,0.25827013003357957,-0.25827013003357957,1.2740865511936141
683,A2,-1.1086763601713578,-0.12959014284838022,-0.8035940081178979,-0.12886955441035303,1.3,0.2,1.2740865511936141,0.25827013003357957,-0.25827013003357957,1.2740865511936141
684,A2,-1.0571314749377172,0.043353362838270404,-0.7845635049845145,0.04332622215746778,1.3,0.2,1.2740865511936141,0.25827013003357957,-0.25827013003357957,1.2740865511936141
685,A2,-0.9884119412276211,0.257830675416808,-0.7566843574427567,0.25226537330756754,1.3,0.2,1.2740865511936141,0.25827013003357957,-0.25827013003357957,1.2740865511936141
686,A2,-0.898928752549283,0.5168368868541248,-0.7157758608622573,0.47525502664145547,1.3,0.2,1.2740865511936141,0.25827013003357957,-0.25827013003357957,1.2740865511936141
687,A2,-0.7892162204638326,0.7903795624908339,-0.6579647976179047,0.6586240034408226,1.3,0.2,1.2740865511936141,0.25827013003357957,-0.25827013003357957,1.2740865511936141
688,A2,-0.6682011927919025,1.0090766389155428,-0.5837953850022546,0.7653798381049856,1.3,0.2,1.2740865511936141,0.25827013003357957,-0.25827013003357957,1.2740865511936141
689,A2,-0.5461310983678159,1.1259370682818437,-0.4976149371978408,0.8096241434332305,1.3,0.2,1.2740865511936141,0.25827013003357957,-0.25827013003357957,1.2740865511936141
690,A2,-0.42490276635399793,1.1600503072066666,-0.4010526938608329,0.82105627544804,1.3,0.2,1.2740865511936141,0.25827013003357957,-0.25827013003357957,1.2740865511936141
691,A2,-0.2989215325432051,1.1496766897152222,-0.2903253572353783,0.8176469439778903,1.3,0.2,1.2740865511936141,0.25827013003357957,-0.25827013003357957,1.2740865511936141
692,A2,-0.15872585058134842,1.116735342712015,-0.15740617393413245,0.8064303651794005,1.3,0.2,1.2740865511936141,0.25827013003357957,-0.25827013003357957,1.2740865511936141
693,A2,0.007727785993589836,1.0681153957592857,0.007727632166214132,0.7887501373352641,1.3,0.2,1.2740865511936141,0.25827013003357957,-0.25827013003357957,1.2740865511936141
694,A2,0.21355627274912703,1.0029401256665564,0.21036792118064546,0.762826171040208,1.3,0.2,1.2740865511936141,0.25827013003357957,-0.25827013003357957,1.2740865511936141
695,A2,0.4650421535663908,0.9175748150626295,0.4341847785388902,0.7247481044395717,1.3,0.2,1.2740865511936141,0.25827013003357957,-0.25827013003357957,1.2740865511936141
696,A2,0.7403697742445763,0.8112548536576831,0.6293685183010149,0.6702819167194234,1.3,0.2,1.2740865511936141,0.25827013003357957,-0.25827013003357957,1.2740865511936141
697,A2,0.9749837627022576,0.6914500865398511,0.7508862014907817,0.5989127537755027,1.3,0.2,1.2740865511936141,0.25827013003357957,-0.25827013003357957,1.2740865511936141
698,A2,1.1113752855926315,0.5691352080242557,0.80454799511025,0.5147238875953264,1.3,0.2,1.2740865511936141,0.25827013003357957,-0.25827013003357957,1.2740865511936141
699,A2,1.1580015857403896,0.44801206744791894,0.8203875416127342,0.4202635527375744,1.3,0.2,1.2740865511936141,0.25827013003357957,-0.25827013003357957,1.2740865511936141
700,A2,1.1537862559494836,0.32357054344954217,0.8190045047039733,0.3127318485180173,1.3,0.2,1.2740865511936141,0.25827013003357957,-0.25827013003357957,1.2740865511936141
701,A2,1.1242519199927095,0.18692304239874177,0.8090428025142016,0.1847760003552746,1.3,0.2,1.2740865511936141,0.25827013003357957,-0.25827013003357957,1.2740865511936141
702,A2,1.0785126756621768,0.02646902722792735,0.7926468938250677,0.02646284747664229,1.3,0.2,1.2740865511936141,0.25827013003357957,-0.25827013003357957,1.2740865511936141
703,A2,1.0167353103267625,-0.17100105826263537,0.7685334640201118,-0.16935355770208285,1.3,0.2,1.2740865511936141,0.25827013003357957,-0.25827013003357957,1.2740865511936141
704,A2,0.9354391852808995,-0.4142603279526471,0.7331197590950951,-0.3920840789277064,1.3,0.2,1.2740865511936141,0.25827013003357957,-0.25827013003357957,1.2740865511936141
705,A2,0.8327944194286079,-0.688891987410603,0.6819736246728694,-0.597269722147378,1.3,0.2,1.2740865511936141,0.25827013003357957,-0.25827013003357957,1.2740865511936141
706,A2,0.7146364946603412,-0.9371067371468544,0.6135760276148564,-0.7338901184057887,1.3,0.2,1.2740865511936141,0.25827013003357957,-0.25827013003357957,1.2740865511936141
707,A2,0.592207068607868,-1.0935078903522806,0.5314810979341014,-0.7981548981229801,1.3,0.2,1.2740865511936141,0.25827013003357957,-0.25827013003357957,1.2740865511936141
708,A2,0.47101334976629416,-1.1541841137416282,0.4390177188638133,-0.8191354493950316,1.3,0.2,1.2740865511936141,0.25827013003357957,-0.25827013003357957,1.2740865511936141
709,A2,0.34778835230971417,-1.1570346230181496,0.33441268422180914,-0.8200711284340065,1.3,0.2,1.2740865511936141,0.25827013003357957,-0.25827013003357957,1.2740865511936141
710,A2,0.21427082653812876,-1.131210403198784,0.21105074987457276,-0.8114331134154112,1.3,0.2,1.2740865511936141,0.25827013003357957,-0.25827013003357957,1.2740865511936141
711,A2,0.05932798631916991,-1.0883441216095284,0.05925847643642966,-0.7962729750729315,1.3,0.2,1.2740865511936141,0.25827013003357957,-0.25827013003357957,1.2740865511936141
712,A2,-0.13015309694243257,-1.0298253830341784,-0.12942311910365373,-0.7738382974838787,1.3,0.2,1.2740865511936141,0.25827013003357957,-0.25827013003357957,1.2740865511936141
713,A2,-0.3647555731796197,-0.9525108418225209,-0.3493959756999843,-0.7409176523067491,1.3,0.2,1.2740865511936141,0.25827013003357957,-0.25827013003357957,1.2740865511936141
714,A2,-0.6365176120859595,-0.853754672268731,-0.5625237709467977,-0.6930259112886584,1.3,0.2,1.2740865511936141,0.25827013003357957,-0.25827013003357957,1.2740865511936141
715,A2,-0.8956918635151938,-0.7376919057321694,-0.7141936834394547,-0.6277486399615222,1.3,0.2,1.2740865511936141,0.25827013003357957,-0.25827013003357957,1.2740865511936141
716,A2,-1.0720732898889036,-0.6153512042139885,-0.7902410574140731,-0.5478829770541833,1.3,0.2,1.2740865511936141,0.25827013003357957,-0.25827013003357957,1.2740865511936141
717,A2,-1.1483373111792599,-0.4939546720364484,-0.8172025158631011,-0.4573495618749627,1.3,0.2,1.2740865511936141,0.25827013003357957,-0.25827013003357957,1.2740865511936141
718,A2,-1.1593064658790104,-0.3716439259434501,-0.8208137343254378,-0.3554288002547826,1.3,0.2,1.2740865511936141,0.25827013003357957,-0.25827013003357957,1.2740865511936141
719,A2,-1.1375843823985303,-0.24085538441392104,-0.8135990818160126,-0.2363035329150058,1.3,0.2,1.2740865511936141,0.25827013003357957,-0.25827013003357957,1.2740865511936141
720,A2,-1.0976257923786072,-0.09094281263072393,-0.7996445809554191,-0.09069292223283251,1.3,0.2,1.2740865511936141,0.25827013003357957,-0.25827013003357957,1.2740865511936141
721,A2,-1.0422396791483517,0.0909736773987031,-0.7787709541648234,0.09072353304603649,1.3,0.2,1.2740865511936141,0.25827013003357957,-0.25827013003357957,1.2740865511936141
722,A2,-0.9687904204847144,0.3167229089292483,-0.7481722655117827,0.30654075964760646,1.3,0.2,1.2740865511936141,0.25827013003357957,-0.25827013003357957,1.2740865511936141
723,A2,-0.8740658996098407,0.5837900075609355,-0.7034340245677906,0.5254146271326882,1.3,0.2,1.2740865511936141,0.25827013003357957,-0.25827013003357957,1.2740865511936141
724,A2,-0.7605369262827163,0.8510997072253328,-0.641393112828214,0.6916435456531962,1.3,0.2,1.2740865511936141,0.25827013003357957,-0.25827013003357957,1.2740865511936141
725,A2,-0.6385594706098988,1.0468664223893889,-0.5639179148242554,0.7805851011063978,1.3,0.2,1.2740865511936141,0.25827013003357957,-0.25827013003357957,1.2740865511936141
726,A2,-0.5168784156897055,1.1401761325716944,-0.4752871748348753,0.8144733943239,1.3,0.2,1.2740865511936141,0.25827013003357957,-0.25827013003357957,1.2740865511936141
727,A2,-0.395202847950998,1.1604620784609903,-0.375836869442422,0.8211904125859417,1.3,0.2,1.2740865511936141,0.25827013003357957,-0.25827013003357957,1.2740865511936141
728,A2,-0.26675974615840004,1.1433350977871912,-0.260607205834006,0.8155340740017601,1.3,0.2,1.2740865511936141,0.25827013003357957,-0.25827013003357957,1.2740865511936141
729,A2,-0.12140804475800351,1.106368052664217,-0.12081502624350834,0.802774802829585,1.3,0.2,1.2740865511936141,0.25827013003357957,-0.25827013003357957,1.2740865511936141
730,A2,0.05340395259552058,1.0540074924602008,0.05335324140580065,0.7833595113212528,1.3,0.2,1.2740865511936141,0.25827013003357957,-0.25827013003357957,1.2740865511936141
731,A2,0.2702950101896982,0.9842882695284209,0.26389932167253616,0.7549162745071423,1.3,0.2,1.2740865511936141,0.25827013003357957,-0.25827013003357957,1.2740865511936141
732,A2,0.5312029009935209,0.8936713605025972,0.4863000573800151,0.7132023545182415,1.3,0.2,1.2740865511936141,0.25827013003357957,-0.25827013003357957,1.2740865511936141
733,A2,0.8037872277942414,0.7830847491164379,0.6661487181901082,0.654473708264043,1.3,0.2,1.2740865511936141,0.25827013003357957,-0.25827013003357957,1.2740865511936141
734,A2,1.0177621326777953,0.6618098337403686,0.7689534686404221,0.579566589001447,1.3,0.2,1.2740865511936141,0.25827013003357957,-0.25827013003357957,1.2740865511936141
735,A2,1.1293980111929642,0.5398202842323665,0.8108131321682467,0.49285191646074944,1.3,0.2,1.2740865511936141,0.25827013003357957,-0.25827013003357957,1.2740865511936141
736,A2,1.16033503577835,0.4185271854146125,0.8211490372892942,0.3956889400223058,1.3,0.2,1.2740865511936141,0.25827013003357957,-0.25827013003357957,1.2740865511936141
737,A2,1.1484095789282835,0.29206368830082174,0.8172265203497615,0.28403312330929553,1.3,0.2,1.2740865511936141,0.25827013003357957,-0.25827013003357957,1.2740865511936141
738,A2,1.114574590547321,0.15081758282426821,0.805673497165405,0.1496843958097222,1.3,0.2,1.2740865511936141,0.25827013003357957,-0.25827013003357957,1.2740865511936141
739,A2,1.0651567757613436,-0.017370523252809106,0.7876295423031068,-0.017368776364917772,1.3,0.2,1.2740865511936141,0.25827013003357957,-0.25827013003357957,1.2740865511936141
740,A2,0.9990223710408785,-0.2255505086861434,0.7611832710812123,-0.22180195756684892,1.3,0.2,1.2740865511936141,0.25827013003357957,-0.25827013003357957,1.2740865511936141
741,A2,0.9125285482556431,-0.47918579356586904,0.7223436655231403,-0.44559130261568725,1.3,0.2,1.2740865511936141,0.25827013003357957,-0.25827013003357957,1.2740865511936141
742,A2,0.8052454259145457,-0.754281678415085,0.6669590471852735,-0.6376963976117717,1.3,0.2,1.2740865511936141,0.25827013003357957,-0.25827013003357957,1.2740865511936141
743,A2,0.6850656206825266,-0.9847360037853867,0.5948027135165257,-0.7551087805658945,1.3,0.2,1.2740865511936141,0.25827013003357957,-0.25827013003357957,1.2740865511936141
744,A2,0.5628080949586223,-1.115693716171455,0.5100579508012051,-0.8060658334835724,1.3,0.2,1.2740865511936141,0.25827013003357957,-0.25827013003357957,1.2740865511936141
745,A2,0.4416752478157616,-1.1587303710961792,0.41503208933471186,-0.8206256859675672,1.3,0.2,1.2740865511936141,0.25827013003357957,-0.25827013003357957,1.2740865511936141
746,A2,0.316843700711404,-1.152738541735896,0.30665019690696954,-0.8186592679394428,1.3,0.2,1.2740865511936141,0.25827013003357957,-0.25827013003357957,1.2740865511936141
747,A2,0.17926365621612858,-1.1222413495216392,0.17736778247621726,-0.8083471207756341,1.3,0.2,1.2740865511936141,0.25827013003357957,-0.25827013003357957,1.2740865511936141
748,A2,0.01720999027299014,-1.0757129955202158,0.01720829136769244,-0.7916039103752157,1.3,0.2,1.2740865511936141,0.25827013003357957,-0.25827013003357957,1.2740865511936141
749,A2,-0.18252279226709894,-1.0130162837305272,-0.18052255345484366,-0.76700670024673,1.3,0.2,1.2740865511936141,0.25827013003357957,-0.25827013003357957,1.2740865511936141
750,A2,-0.4280962777532964,-0.930609338104974,-0.40372911349872714,-0.7308778629087928,1.3,0.2,1.2740865511936141,0.25827013003357957,-0.25827013003357957,1.2740865511936141
751,A2,-0.7031497545261671,-0.8269304850555649,-0.6063632458202084,-0.6788243780607502,1.3,0.2,1.2740865511936141,0.25827013003357957,-0.25827013003357957,1.2740865511936141
752,A2,-0.9478793170293488,-0.7082754963640028,-0.7388214663437755,-0.6095943028037497,1.3,0.2,1.2740865511936141,0.25827013003357957,-0.25827013003357957,1.2740865511936141
753,A2,-1.0987624938546037,-0.5858603867022982,-0.8000540673697718,-0.5269118255073179,1.3,0.2,1.2740865511936141,0.25827013003357957,-0.25827013003357957,1.2740865511936141
754,A2,-1.1554237131535818,-0.4647012025302648,-0.8195428848993555,-0.433908061418839,1.3,0.2,1.2740865511936141,0.25827013003357957,-0.25827013003357957,1.2740865511936141
755,A2,-1.1562340592219467,-0.34117297805718394,-0.8198087849471881,-0.3285241784305439,1.3,0.2,1.2740865511936141,0.25827013003357957,-0.25827013003357957,1.2740865511936141
756,A2,-1.1293553297340218,-0.206836115989306,-0.8107985097598934,-0.20393616690291078,1.3,0.2,1.2740865511936141,0.25827013003357957,-0.25827013003357957,1.2740865511936141
757,A2,-1.085698097357469,-0.05042729100625465,-0.7953026219918274,-0.050384590390219745,1.3,0.2,1.2740865511936141,0.25827013003357957,-0.25827013003357957,1.2740865511936141
758,A2,-1.0262972095205767,0.14120858259429805,-0.7724190158975612,0.14027744859576366,1.3,0.2,1.2740865511936141,0.25827013003357957,-0.25827013003357957,1.2740865511936141
759,A2,-0.9478992051516825,0.37821837036788875,-0.7388304982594376,0.3611592244208594,1.3,0.2,1.2740865511936141,0.25827013003357957,-0.25827013003357957,1.2740865511936141
760,A2,-0.8480573615900242,0.6509659595323726,-0.6900532278458966,0.572319884621465,1.3,0.2,1.2740865511936141,0.25827013003357957,-0.25827013003357957,1.2740865511936141
761,A2,-0.7313744061842107,0.9074052048627406,-0.6239054769732402,0.7198845027581187,1.3,0.2,1.2740865511936141,0.25827013003357957,-0.25827013003357957,1.2740865511936141
762,A2,-0.6089849132911443,1.0783313120433624,-0.5434121585893577,0.7925794692987517,1.3,0.2,1.2740865511936141,0.25827013003357957,-0.25827013003357957,1.2740865511936141
763,A2,-0.48765452041605784,1.1501619714464129,-0.45235287307789696,0.8178077284838843,1.3,0.2,1.2740865511936141,0.25827013003357957,-0.25827013003357957,1.2740865511936141
764,A2,-0.36512140360434125,1.1587870636744075,-0.3497171053825138,0.8206441993990022,1.3,0.2,1.2740865511936141,0.25827013003357957,-0.25827013003357957,1.2740865511936141
765,A2,-0.23362197660013764,1.1358932200514285,-0.2294624599667019,0.8130265861673207,1.3,0.2,1.2740865511936141,0.25827013003357957,-0.25827013003357957,1.2740865511936141
766,A2,-0.08237455211718675,1.0951295385720645,-0.082188737101971,0.7987427119929229,1.3,0.2,1.2740865511936141,0.25827013003357957,-0.25827013003357957,1.2740865511936141
767,A2,0.10157581948857733,1.038894243032719,0.1012279140908259,0.77745103830201,1.3,0.2,1.2740865511936141,0.25827013003357957,-0.25827013003357957,1.2740865511936141
768,A2,0.32976550470550536,0.9643957655768367,0.31831005670701296,0.7462312006312424,1.3,0.2,1.2740865511936141,0.25827013003357957,-0.25827013003357957,1.2740865511936141
769,A2,0.598283791582227,0.8685531570686132,0.5358272258336754,0.7006382809765372,1.3,0.2,1.2740865511936141,0.25827013003357957,-0.25827013003357957,1.2740865511936141
770,A2,0.8636442021323832,0.7542856437520232,0.698130497437486,0.6376987504119445,1.3,0.2,1.2740865511936141,0.25827013003357957,-0.25827013003357957,1.2740865511936141
771,A2,1.0541772169543528,0.6321771472592446,0.7834250753013695,0.5595495291211544,1.3,0.2,1.2740865511936141,0.25827013003357957,-0.25827013003357957,1.2740865511936141
772,A2,1.142666281955668,0.5105792337103308,0.8153099625816633,0.47039638688560914,1.3,0.2,1.2740865511936141,0.25827013003357957,-0.25827013003357957,1.2740865511936141
773,A2,1.1602647943877382,0.3887555002073837,0.8211261573471844,0.3702868595712296,1.3,0.2,1.2740865511936141,0.25827013003357957,-0.25827013003357957,1.2740865511936141
774,A2,1.1418198292805264,0.2597051484313912,0.8150259767600616,0.2540197273218365,1.3,0.2,1.2740865511936141,0.25827013003357957,-0.25827013003357957,1.2740865511936141
775,A2,1.1040193438699386,0.1131462533200546,0.801938137292479,0.11266587749959396,1.3,0.2,1.2740865511936141,0.25827013003357957,-0.25827013003357957,1.2740865511936141
776,A2,1.050836826445773,-0.06357058769675525,0.7821314852200814,-0.06348509166197673,1.3,0.2,1.2740865511936141,0.25827013003357957,-0.25827013003357957,1.2740865511936141
777,A2,0.9801069037052601,-0.28288670187896553,0.7531121788753571,-0.27557467850517253,1.3,0.2,1.2740865511936141,0.25827013003357957,-0.25827013003357957,1.2740865511936141
778,A2,0.8883573905937191,-0.5456123721009551,0.7105814674575623,-0.4972245575216524,1.3,0.2,1.2740865511936141,0.25827013003357957,-0.25827013003357957,1.2740865511936141
779,A2,0.7769240400880968,-0.8170290896612493,0.6509376389069096,-0.6734496210176344,1.3,0.2,1.2740865511936141,0.25827013003357957,-0.25827013003357957,1.2740865511936141
780,A2,0.6554189702057293,-1.0261508536892432,0.5753066796963353,-0.7723599738379873,1.3,0.2,1.2740865511936141,0.25827013003357957,-0.25827013003357957,1.2740865511936141
781,A2,0.5335129925370841,-1.1326379863215905,0.48806185824491716,-0.8119201774398387,1.3,0.2,1.2740865511936141,0.25827013003357957,-0.25827013003357957,1.2740865511936141
782,A2,0.4121383199361389,-1.1605083783121766,0.39028679439126573,-0.8212054893882159,1.3,0.2,1.2740865511936141,0.25827013003357957,-0.25827013003357957,1.2740865511936141
783,A2,0.2851663073137951,-1.1470862909337172,0.27767984139088875,-0.8167865268338874,1.3,0.2,1.2740865511936141,0.25827013003357957,-0.25827013003357957,1.2740865511936141
784,A2,0.1428365889586433,-1.1123731377789265,0.141873053635281,-0.8048996576560657,1.3,0.2,1.2740865511936141,0.25827013003357957,-0.25827013003357957,1.2740865511936141
785,A2,-0.027122989633333983,-1.0621534008905824,-0.02711634052143528,-0.7864866418077328,1.3,0.2,1.2740865511936141,0.25827013003357957,-0.25827013003357957,1.2740865511936141
786,A2,-0.23767457202530357,-0.9950487122281557,-0.2332980861837422,-0.7595068883717069,1.3,0.2,1.2740865511936141,0.25827013003357957,-0.25827013003357957,1.2740865511936141
787,A2,-0.49339989684707486,-0.907423584958041,-0.45691071694590013,-0.719893357551511,1.3,0.2,1.2740865511936141,0.25827013003357957,-0.25827013003357957,1.2740865511936141
788,A2,-0.7680707506221425,-0.7992000548706423,-0.6458062256128232,-0.663589319221968,1.3,0.2,1.2740865511936141,0.25827013003357957,-0.25827013003357957,1.2740865511936141
789,A2,-0.9941983264947593,-0.6786777692709163,-0.7591468157806924,-0.5906591345514319,1.3,0.2,1.2740865511936141,0.25827013003357957,-0.25827013003357957,1.2740865511936141
790,A2,-1.1197683598537562,-0.5564859128453815,-0.8074883295465891,-0.5053654727625632,1.3,0.2,1.2740865511936141,0.25827013003357957,-0.25827013003357957,1.2740865511936141
791,A2,-1.1593308272859748,-0.4353292364117889,-0.8208216824364053,-0.4097653880424034,1.3,0.2,1.2740865511936141,0.25827013003357957,-0.25827013003357957,1.2740865511936141
792,A2,-1.1516280265733112,-0.3100828473922269,-0.8182926902496416,-0.3005124646552349,1.3,0.2,1.2740865511936141,0.25827013003357957,-0.25827013003357957,1.2740865511936141
793,A2,-1.1201891049103292,-0.17153833016697853,-0.8076346833575572,-0.1698753727814742,1.3,0.2,1.2740865511936141,0.25827013003357957,-0.25827013003357957,1.2740865511936141
794,A2,-1.0728702229611509,-0.00784801314949285,-0.7905401325695078,-0.007847852030324308,1.3,0.2,1.2740865511936141,0.25827013003357957,-0.25827013003357957,1.2740865511936141
795,A2,-1.0092434168499829,0.19417406010789634,-0.7654489076580374,0.19176995940433098,1.3,0.2,1.2740865511936141,0.25827013003357957,-0.25827013003357957,1.2740865511936141
796,A2,-0.9257197065210573,0.44202411511490625,-0.7285920360099676,0.41532082185349917,1.3,0.2,1.2740865511936141,0.25827013003357957,-0.25827013003357957,1.2740865511936141
797,A2,-0.8210243517213167,0.717328233435947,-0.6756270242050768,0.6152516211426292,1.3,0.2,1.2740865511936141,0.25827013003357957,-0.25827013003357957,1.2740865511936141
798,A2,-0.7019061889667733,0.9583780954935381,-0.6055763169713237,0.7435525399688092,1.3,0.2,1.2740865511936141,0.25827013003357957,-0.25827013003357957,1.2740865511936141
799,A2,-0.5795192299899821,1.1037525654095521,-0.5223159082176762,0.8018429049623843,1.3,0.2,1.2740865511936141,0.25827013003357957,-0.25827013003357957,1.2740865511936141
800,A2,-0.4583836028034811,1.1565158589165796,-0.42876588778778435,0.8199011695418629,1.3,0.2,1.2740865511936141,0.25827013003357957,-0.25827013003357957,1.2740865511936141
801,A2,-0.33452886956874545,1.155362475014117,-0.3225842782703973,0.8195227763801756,1.3,0.2,1.2740865511936141,0.25827013003357957,-0.25827013003357957,1.2740865511936141
802,A2,-0.19934203654962357,1.1274568312785174,-0.19674290703032038,0.8101470712457638,1.3,0.2,1.2740865511936141,0.25827013003357957,-0.25827013003357957,1.2740865511936141
803,A2,-0.04143070245309968,1.0830103041450276,-0.041407013408083,0.7943127612617766,1.3,0.2,1.2740865511936141,0.25827013003357957,-0.25827013003357957,1.2740865511936141
804,A2,0.1523911412300785,1.0227174013023013,0.15122233447012548,0.7709710350798975,1.3,0.2,1.2740865511936141,0.25827013003357957,-0.25827013003357957,1.2740865511936141
805,A2,0.39178913207069793,0.9432276151675367,0.3729015978221375,0.7367016592303111,1.3,0.2,1.2740865511936141,0.25827013003357957,-0.25827013003357957,1.2740865511936141
806,A2,0.6653769440291616,0.8423123321081071,0.581930618738051,0.6870318844127429,1.3,0.2,1.2740865511936141,0.25827013003357957,-0.25827013003357957,1.2740865511936141
807,A2,0.9188697891864236,0.7250427875994835,0.7253623039068356,0.6200232074830352,1.3,0.2,1.2740865511936141,0.25827013003357957,-0.25827013003357957,1.2740865511936141
808,A2,1.084307830570995,0.6026238135305876,0.7947911424470194,0.5389139828992612,1.3,0.2,1.2740865511936141,0.25827013003357957,-0.25827013003357957,1.2740865511936141
809,A2,1.1518180900398618,0.4813522461528051,0.8183554768968809,0.44732592531966797,1.3,0.2,1.2740865511936141,0.25827013003357957,-0.25827013003357957,1.2740865511936141
810,A2,1.1581866321096543,0.3585751700181785,0.8204480359815928,0.34395838826505115,1.3,0.2,1.2740865511936141,0.25827013003357957,-0.25827013003357957,1.2740865511936141
811,A2,1.134155986260717,0.2263355357199722,0.8124368528020022,0.22254823423024758,1.3,0.2,1.2740865511936141,0.25827013003357957,-0.25827013003357957,1.2740865511936141
812,A2,1.0925924292424865,0.07371754060739952,0.7978223897854048,0.07358429641868827,1.3,0.2,1.2740865511936141,0.25827013003357957,-0.25827013003357957,1.2740865511936141
813,A2,1.0354994028712177,-0.11230092990748256,0.7761045932468698,-0.11183120498960089,1.3,0.2,1.2740865511936141,0.25827013003357957,-0.25827013003357957,1.2740865511936141
814,A2,0.9599417647209508,-0.34292726849855415,0.7442508902764668,-0.33008822856637854,1.3,0.2,1.2740865511936141,0.25827013003357957,-0.25827013003357957,1.2740865511936141
815,A2,0.862988120300728,-0.6127787469330571,0.6977940267654101,-0.546080172177239,1.3,0.2,1.2740865511936141,0.25827013003357957,-0.25827013003357957,1.2740865511936141
816,A2,0.7480137879280708,-0.8759727572738711,0.6339625112695815,-0.7043960404506712,1.3,0.2,1.2740865511936141,0.25827013003357957,-0.25827013003357957,1.2740865511936141
817,A2,0.6257986526071704,-1.0611951020742425,0.5551524797554109,-0.786120833899857,1.3,0.2,1.2740865511936141,0.25827013003357957,-0.25827013003357957,1.2740865511936141
818,A2,0.5042807783247321,-1.144965285219811,0.46547709843856994,-0.8160793052241864,1.3,0.2,1.2740865511936141,0.25827013003357957,-0.25827013003357957,1.2740865511936141
819,A2,0.3822892027312441,-1.1599744982349471,0.3646938575450838,-0.8210315702990554,1.3,0.2,1.2740865511936141,0.25827013003357957,-0.25827013003357957,1.2740865511936141
820,A2,0.2526036087783,-1.1402548118340174,0.2473645281281193,-0.8144998786698611,1.3,0.2,1.2740865511936141,0.25827013003357957,-0.25827013003357957,1.2740865511936141
821,A2,0.10480282895399148,-1.101630210207445,0.10442080201503197,-0.801083831728409,1.3,0.2,1.2740865511936141,0.25827013003357957,-0.25827013003357957,1.2740865511936141
822,A2,-0.0738548858760911,-1.047618910498447,-0.0737208966295993,-0.7808789157163827,1.3,0.2,1.2740865511936141,0.25827013003357957,-0.25827013003357957,1.2740865511936141
823,A2,-0.2956045020402579,-0.9758674190661762,-0.2872849985267265,-0.7512713701402096,1.3,0.2,1.2740865511936141,0.25827013003357957,-0.25827013003357957,1.2740865511936141
824,A2,-0.5600569074391969,-0.8829876150662463,-0.5080196546598795,-0.7079128745235113,1.3,0.2,1.2740865511936141,0.25827013003357957,-0.25827013003357957,1.2740865511936141
825,A2,-0.8300937598998092,-0.7707359705785969,-0.6805263475043699,-0.6473572005582872,1.3,0.2,1.2740865511936141,0.25827013003357957,-0.25827013003357957,1.2740865511936141
826,A2,-1.0342424954545926,-0.6490294747884303,-0.7756042815702988,-0.5710162523814851,1.3,0.2,1.2740865511936141,0.25827013003357957,-0.25827013003357957,1.2740865511936141
827,A2,-1.1356634259507563,-0.5272087090164665,-0.8129486742227152,-0.48324452411497587,1.3,0.2,1.2740865511936141,0.25827013003357957,-0.25827013003357957,1.2740865511936141
828,A2,-1.1605745987190303,-0.40573498931072216,-0.8212270510067887,-0.3848453186902803,1.3,0.2,1.2740865511936141,0.25827013003357957,-0.25827013003357957,1.2740865511936141
829,A2,-1.145708391665095,-0.2782278275824902,-0.8163273631258239,-0.2712641026388236,1.3,0.2,1.2740865511936141,0.25827013003357957,-0.25827013003357957,1.2740865511936141
830,A2,-1.1101311297919294,-0.13478097076925366,-0.8041087387581153,-0.1339707181853647,1.3,0.2,1.2740865511936141,0.25827013003357957,-0.25827013003357957,1.2740865511936141
831,A2,-1.0591047645554001,0.03698697822647318,-0.785320982433566,0.036970120938169156,1.3,0.2,1.2740865511936141,0.25827013003357957,-0.25827013003357957,1.2740865511936141
832,A2,-0.9910186241467047,0.24992808613453832,-0.7577963329318084,0.24485106111179183,1.3,0.2,1.2740865511936141,0.25827013003357957,-0.25827013003357957,1.2740865511936141
833,A2,-0.9022604009400532,0.5076776014532877,-0.7173967176221484,0.4681337248123534,1.3,0.2,1.2740865511936141,0.25827013003357957,-0.25827013003357957,1.2740865511936141
834,A2,-0.7931205518124317,0.7817250264895271,-0.660173190527249,0.6536957117018548,1.3,0.2,1.2740865511936141,0.25827013003357957,-0.25827013003357957,1.2740865511936141
835,A2,-0.672287707045716,1.003367930614427,-0.5864827194159494,0.7630049763149094,1.3,0.2,1.2740865511936141,0.25827013003357957,-0.25827013003357957,1.2740865511936141
836,A2,-0.5501683508661991,1.1236053470226328,-0.5006463760840952,0.8088193271774347,1.3,0.2,1.2740865511936141,0.25827013003357957,-0.25827013003357957,1.2740865511936141
837,A2,-0.42897294186877766,1.1598078317543168,-0.4044626240177699,0.8209772450663133,1.3,0.2,1.2740865511936141,0.25827013003357957,-0.25827013003357957,1.2740865511936141
838,A2,-0.30328648988363316,1.150456681273766,-0.29431731331239375,0.8179053100630838,1.3,0.2,1.2740865511936141,0.25827013003357957,-0.25827013003357957,1.2740865511936141
839,A2,-0.16374521988961024,1.1180955264815438,-0.16229727438205346,0.8069054593073739,1.3,0.2,1.2740865511936141,0.25827013003357957,-0.25827013003357957,1.2740865511936141
840,A2,0.0016188033145665137,1.0699839319469797,0.0016188019005302578,0.7894551672234569,1.3,0.2,1.2740865511936141,0.25827013003357957,-0.25827013003357957,1.2740865511936141
841,A2,0.20595518242499578,1.0054161231523635,0.2030917198404226,0.763859422590181,1.3,0.2,1.2740865511936141,0.25827013003357957,-0.25827013003357957,1.2740865511936141
842,A2,0.45603850130720475,0.92077049243274,0.4268499872631131,0.7262617101499935,1.3,0.2,1.2740865511936141,0.25827013003357957,-0.25827013003357957,1.2740865511936141
843,A2,0.7314155344679465,0.8150776758337055,0.6239305950971386,0.6723818385722161,1.3,0.2,1.2740865511936141,0.25827013003357957,-0.25827013003357957,1.2740865511936141
844,A2,0.9685977249717561,0.6955300218640296,0.7480874213433465,0.6015228383431617,1.3,0.2,1.2740865511936141,0.25827013003357957,-0.25827013003357957,1.2740865511936141
845,A2,1.1084835043277246,0.5731835229820014,0.8035256809176846,0.5176934351734027,1.3,0.2,1.2740865511936141,0.25827013003357957,-0.25827013003357957,1.2740865511936141
846,A2,1.1574660144156785,0.4520595612997246,0.8202123519619372,0.4235904949978121,1.3,0.2,1.2740865511936141,0.25827013003357957,-0.25827013003357957,1.2740865511936141
847,A2,1.1544222989816606,0.3278546020938006,0.8192138011272996,0.316591726117781,1.3,0.2,1.2740865511936141,0.25827013003357957,-0.25827013003357957,1.2740865511936141
848,A2,1.125515472840487,0.19178680552338623,0.8094788505314765,0.18946944900759927,1.3,0.2,1.2740865511936141,0.25827013003357957,-0.25827013003357957,1.2740865511936141
849,A2,1.0802804161704034,0.032336268856449524,0.7933030621407589,0.032325002931334876,1.3,0.2,1.2740865511936141,0.25827013003357957,-0.25827013003357957,1.2740865511936141
850,A2,1.0190853452046644,-0.16370163351302275,0.7694937295525611,-0.162254835788108,1.3,0.2,1.2740865511936141,0.25827013003357957,-0.25827013003357957,1.2740865511936141
851,A2,0.9384960345131625,-0.40546394973532085,0.734530494231866,-0.3846143975990309,1.3,0.2,1.2740865511936141,0.25827013003357957,-0.25827013003357957,1.2740865511936141
852,A2,0.8365210136617305,-0.6797393176352522,0.6839619621124583,-0.5913498984415881,1.3,0.2,1.2740865511936141,0.25827013003357957,-0.25827013003357957,1.2740865511936141
853,A2,0.7186987222896264,-0.9300778975469438,0.6161026145182058,-0.7306302124017063,1.3,0.2,1.2740865511936141,0.25827013003357957,-0.25827013003357957,1.2740865511936141
854,A2,0.5962680953494189,-1.0900070298823932,0.5343887060444532,-0.7968807099935482,1.3,0.2,1.2740865511936141,0.25827013003357957,-0.25827013003357957,1.2740865511936141
855,A2,0.4750469788897105,-1.1533116361069757,0.4422681465974551,-0.8188481840911829,1.3,0.2,1.2740865511936141,0.25827013003357957,-0.25827013003357957,1.2740865511936141
856,A2,0.3520038706181531,-1.1575081105513239,0.3381514805338312,-0.8202261275181459,1.3,0.2,1.2740865511936141,0.25827013003357957,-0.25827013003357957,1.2740865511936141
857,A2,0.21899434500331258,-1.1323735048570083,0.21555934324345727,-0.8118300266018129,1.3,0.2,1.2740865511936141,0.25827013003357957,-0.25827013003357957,1.2740865511936141
858,A2,0.06496981367500237,-1.0900142583579644,0.06487855356960387,-0.7968833482355626,1.3,0.2,1.2740865511936141,0.25827013003357957,-0.25827013003357957,1.2740865511936141
859,A2,-0.1231502734064663,-1.03205454932388,-0.12253146182650035,-0.7747310402133266,1.3,0.2,1.2740865511936141,0.25827013003357957,-0.25827013003357957,1.2740865511936141
860,A2,-0.35620557410818404,-0.9554281825489037,-0.34186743271805614,-0.7422306508966242,1.3,0.2,1.2740865511936141,0.25827013003357957,-0.25827013003357957,1.2740865511936141
861,A2,-0.6272647050391426,-0.8573719438887331,-0.5561658777068196,-0.6949011527683921,1.3,0.2,1.2740865511936141,0.25827013003357957,-0.25827013003357957,1.2740865511936141
862,A2,-0.8880756761050281,-0.7417231795955673,-0.7104419700238974,-0.630185137301308,1.3,0.2,1.2740865511936141,0.25827013003357957,-0.25827013003357957,1.2740865511936141
863,A2,-1.0679225567669826,-0.6194244682183132,-0.788677257559896,-0.5507271828900039,1.3,0.2,1.2740865511936141,0.25827013003357957,-0.25827013003357957,1.2740865511936141
864,A2,-1.147079468227354,-0.49798231923237857,-0.8167842558167637,-0.46052887803044096,1.3,0.2,1.2740865511936141,0.25827013003357957,-0.25827013003357957,1.2740865511936141
865,A2,-1.1595946887759636,-0.375802673975693,-0.8209077490708119,-0.35905679158791,1.3,0.2,1.2740865511936141,0.25827013003357957,-0.25827013003357957,1.2740865511936141
866,A2,-1.138641167114593,-0.24545347817879282,-0.8139560277597105,-0.2406401295953649,1.3,0.2,1.2740865511936141,0.25827013003357957,-0.25827013003357957,1.2740865511936141
867,A2,-1.0992005857935156,-0.0963758236638265,-0.800211687312695,-0.09607853895479757,1.3,0.2,1.2740865511936141,0.25827013003357957,-0.25827013003357957,1.2740865511936141
868,A2,-1.0443531656623464,0.0842584021960005,-0.7796012766209499,0.08405956991862762,1.3,0.2,1.2740865511936141,0.25827013003357957,-0.25827013003357957,1.2740865511936141
869,A2,-0.971569425782674,0.3084468906196801,-0.7493931484000913,0.2990235167675801,1.3,0.2,1.2740865511936141,0.25827013003357957,-0.25827013003357957,1.2740865511936141
870,A2,-0.8775628893745354,0.5745277070877571,-0.7051962936690679,0.5186766844002418,1.3,0.2,1.2740865511936141,0.25827013003357957,-0.25827013003357957,1.2740865511936141
871,A2,-0.7645224189899054,0.8429701264771513,-0.6437330392518609,0.6873790344770137,1.3,0.2,1.2740865511936141,0.25827013003357957,-0.25827013003357957,1.2740865511936141
872,A2,-0.6426421352530521,1.042037399154104,-0.5666958670901271,0.7786913412505518,1.3,0.2,1.2740865511936141,0.25827013003357957,-0.25827013003357957,1.2740865511936141
873,A2,-0.5209068689157322,1.1384807807011046,-0.4783996327693954,0.813901894194476,1.3,0.2,1.2740865511936141,0.25827013003357957,-0.25827013003357957,1.2740865511936141
874,A2,-0.39931599015926644,1.1605377927475582,-0.37936354485328855,0.8212150671307307,1.3,0.2,1.2740865511936141,0.25827013003357957,-0.25827013003357957,1.2740865511936141
875,A2,-0.2712466683373218,1.1442773447280836,-0.2647844810647876,0.8158493940392297,1.3,0.2,1.2740865511936141,0.25827013003357957,-0.25827013003357957,1.2740865511936141
876,A2,-0.12664881720309706,1.1078486631003188,-0.12597598797081888,0.8033006123835766,1.3,0.2,1.2740865511936141,0.25827013003357957,-0.25827013003357957,1.2740865511936141
877,A2,0.04696424156941159,1.0560103415978415,0.04692974326904872,0.7841320946531953,1.3,0.2,1.2740865511936141,0.25827013003357957,-0.25827013003357957,1.2740865511936141
878,A2,0.26231045279964793,0.9869316052603745,0.256455304391121,0.7560509101501293,1.3,0.2,1.2740865511936141,0.25827013003357957,-0.25827013003357957,1.2740865511936141
879,A2,0.522011621183472,0.8970395518270752,0.47925109421922873,0.7148533175424746,1.3,0.2,1.2740865511936141,0.25827013003357957,-0.25827013003357957,1.2740865511936141
880,A2,0.7952326330661736,0.7870087555342695,0.6613631053629342,0.656711164489708,1.3,0.2,1.2740865511936141,0.25827013003357957,-0.25827013003357957,1.2740865511936141
881,A2,1.01224271584582,0.6658965274735373,0.7666880327782901,0.5822741448587702,1.3,0.2,1.2740865511936141,0.25827013003357957,-0.25827013003357957,1.2740865511936141
882,A2,1.1272109306317741,0.5438550391514831,0.8100625477691301,0.49590053841940585,1.3,0.2,1.2740865511936141,0.25827013003357957,-0.25827013003357957,1.2740865511936141
883,A2,1.1601660942795853,0.4226052471821712,0.8210940030001128,0.3991229404399859,1.3,0.2,1.2740865511936141,0.25827013003357957,-0.25827013003357957,1.2740865511936141
884,A2,1.1492263602149926,0.2964531157628044,0.8174976257296835,0.288063383940094,1.3,0.2,1.2740865511936141,0.25827013003357957,-0.25827013003357957,1.2740865511936141
885,A2,1.1159608982030216,0.1558824652700484,0.8061593959409823,0.1546320041889517,1.3,0.2,1.2740865511936141,0.25827013003357957,-0.25827013003357957,1.2740865511936141
886,A2,1.067053672316007,-0.011192335096211481,0.7883486043714119,-0.011191867771122226,1.3,0.2,1.2740865511936141,0.25827013003357957,-0.25827013003357957,1.2740865511936141
887,A2,1.0015338293373048,-0.2178663047727196,0.7622375728063666,-0.21448345718328032,1.3,0.2,1.2740865511936141,0.25827013003357957,-0.25827013003357957,1.2740865511936141
888,A2,0.9157619699502775,-0.47013368529590915,0.7238863427285436,-0.4383073237321409,1.3,0.2,1.2740865511936141,0.25827013003357957,-0.25827013003357957,1.2740865511936141
889,A2,0.8090921643681983,-0.7453996863228196,0.6690891486288005,-0.6323964474495207,1.3,0.2,1.2740865511936141,0.25827013003357957,-0.25827013003357957,1.2740865511936141
890,A2,0.6891483731019785,-0.9785335501384709,0.5974346218287283,-0.7524303894677595,1.3,0.2,1.2740865511936141,0.25827013003357957,-0.25827013003357957,1.2740865511936141
891,A2,0.5668531223603704,-1.1129609573965138,0.5130444494335898,-0.8051065525098031,1.3,0.2,1.2740865511936141,0.25827013003357957,-0.25827013003357957,1.2740865511936141
892,A2,0.4457280591802752,-1.158279487498815,0.4183811457087949,-0.8204783848480959,1.3,0.2,1.2740865511936141,0.25827013003357957,-0.25827013003357957,1.2740865511936141
893,A2,0.32114873187609244,-1.1534158285858258,0.31054524123214877,-0.8188825112974871,1.3,0.2,1.2740865511936141,0.25827013003357957,-0.25827013003357957,1.2740865511936141
894,A2,0.18416862271603118,-1.1235317544861174,0.18211427458274906,-0.808793876532153,1.3,0.2,1.2740865511936141,0.25827013003357957,-0.25827013003357957,1.2740865511936141
895,A2,0.02314204836393957,-1.0775080781548223,0.023137917973462273,-0.7922731765177109,1.3,0.2,1.2740865511936141,0.25827013003357957,-0.25827013003357957,1.2740865511936141
896,A2,-0.17514078620873705,-1.015400432156372,-0.1733717156587279,-0.7679864623684348,1.3,0.2,1.2740865511936141,0.25827013003357957,-0.25827013003357957,1.2740865511936141
897,A2,-0.41923853477807294,-0.933704487655059,-0.3962887446728017,-0.7323163791166886,1.3,0.2,1.2740865511936141,0.25827013003357957,-0.25827013003357957,1.2740865511936141
898,A2,-0.6940416064372039,-0.8306849042338884,-0.6005721253746351,-0.6808435957116984,1.3,0.2,1.2740865511936141,0.25827013003357957,-0.25827013003357957,1.2740865511936141
899,A2,-0.9410224319585779,-0.7123438278475269,-0.7356916544589295,-0.6121444824996014,1.3,0.2,1.2740865511936141,0.25827013003357957,-0.25827013003357957,1.2740865511936141
900,A2,-1.095433477866012,-0.5899178732783898,-0.798852714372464,-0.5298365385446323,1.3,0.2,1.2740865511936141,0.25827013003357957,-0.25827013003357957,1.2740865511936141
901,A2,-1.1546484514729338,-0.46873781367203865,-0.8192881663583121,-0.43717892798325636,1.3,0.2,1.2740865511936141,0.25827013003357957,-0.25827013003357957,1.2740865511936141
902,A2,-1.1567542928873784,-0.3454061313483742,-0.8199793038780698,-0.3322951885353125,1.3,0.2,1.2740865511936141,0.25827013003357957,-0.25827013003357957,1.2740865511936141
903,A2,-1.1305465248806985,-0.2115966693017549,-0.811206226125012,-0.2084942693303702,1.3,0.2,1.2740865511936141,0.25827013003357957,-0.25827013003357957,1.2740865511936141
904,A2,-1.0873947850016146,-0.05612940704940769,-0.7959253032476287,-0.05607053581238881,1.3,0.2,1.2740865511936141,0.25827013003357957,-0.25827013003357957,1.2740865511936141
905,A2,-1.028559069197821,0.13412501596999682,-0.7733297869015152,0.13332648004098988,1.3,0.2,1.2740865511936141,0.25827013003357957,-0.25827013003357957,1.2740865511936141
906,A2,-0.9508548337915382,0.3695974597601037,-0.7401698078388229,0.35363956444731565,1.3,0.2,1.2740865511936141,0.25827013003357957,-0.25827013003357957,1.2740865511936141
907,A2,-0.8517058614721793,0.6417311655497546,-0.6919596008690025,0.5660771307816949,1.3,0.2,1.2740865511936141,0.25827013003357957,-0.25827013003357957,1.2740865511936141
908,A2,-0.7354156072604733,0.8999437553616472,-0.6263673873380247,0.7162704826047788,1.3,0.2,1.2740865511936141,0.25827013003357957,-0.25827013003357957,1.2740865511936141
909,A2,-0.6130549936321075,1.0743625754802932,-0.5462740118825271,0.7910991739061404,1.3,0.2,1.2740865511936141,0.25827013003357957,-0.25827013003357957,1.2740865511936141
910,A2,-0.4916830852919122,1.1490150782170572,-0.4555512546141496,0.8174275318855565,1.3,0.2,1.2740865511936141,0.25827013003357957,-0.25827013003357957,1.2740865511936141
911,A2,-0.3692946119301551,1.1591287067169334,-0.3533745626788085,0.82075572930283,1.3,0.2,1.2740865511936141,0.25827013003357957,-0.25827013003357957,1.2740865511936141
912,A2,-0.23825308891014743,1.1369799307734574,-0.23384504167140804,0.813394642480087,1.3,0.2,1.2740865511936141,0.25827013003357957,-0.25827013003357957,1.2740865511936141
913,A2,-0.0878632825749022,1.0967303641169992,-0.08763787835601518,0.7993214864335458,1.3,0.2,1.2740865511936141,0.25827013003357957,-0.25827013003357957,1.2740865511936141
914,A2,0.09478262205128514,1.0410390021839449,0.09449980399767831,0.7782980268229348,1.3,0.2,1.2740865511936141,0.25827013003357957,-0.25827013003357957,1.2740865511936141
915,A2,0.3214120619563122,0.9672125721289998,0.3107831567335015,0.7474768158925552,1.3,0.2,1.2740865511936141,0.25827013003357957,-0.25827013003357957,1.2740865511936141
916,A2,0.5890155747693075,0.8720841521559219,0.5291872291307632,0.7024314880011137,1.3,0.2,1.2740865511936141,0.25827013003357957,-0.25827013003357957,1.2740865511936141
917,A2,0.8556474034446474,0.7582852575174256,0.6940083024479187,0.6400658324782091,1.3,0.2,1.2740865511936141,0.25827013003357957,-0.25827013003357957,1.2740865511936141
918,A2,1.0495365303498019,0.6362576545214232,0.781626105125021,0.5623460465473836,1.3,0.2,1.2740865511936141,0.25827013003357957,-0.25827013003357957,1.2740865511936141
919,A2,1.1410964951672973,0.51460685921464,0.8147829866671278,0.4735268607132546,1.3,0.2,1.2740865511936141,0.25827013003357957,-0.25827013003357957,1.2740865511936141
920,A2,1.1604018893447583,0.39288009694802206,0.8211708112537567,0.37384047559292677,1.3,0.2,1.2740865511936141,0.25827013003357957,-0.25827013003357957,1.2740865511936141
921,A2,1.1427945150943617,0.26422123004248477,0.815352950768464,0.2582395346120777,1.3,0.2,1.2740865511936141,0.25827013003357957,-0.25827013003357957,1.2740865511936141
922,A2,1.1055257872342015,0.11843820541751202,0.8024751306002718,0.11788749368620965,1.3,0.2,1.2740865511936141,0.25827013003357957,-0.25827013003357957,1.2740865511936141
923,A2,1.0528695898888154,-0.05705648606932409,0.7829194930431068,-0.05699465188196734,1.3,0.2,1.2740865511936141,0.25827013003357957,-0.25827013003357957,1.2740865511936141
924,A2,0.9827871806007704,-0.27482083872684376,0.7542699220712643,-0.2681049068925967,1.3,0.2,1.2740865511936141,0.25827013003357957,-0.25827013003357957,1.2740865511936141
925,A2,0.8917616745150615,-0.5363942470346369,0.7122627662489753,-0.4902536970129044,1.3,0.2,1.2740865511936141,0.25827013003357957,-0.25827013003357957,1.2740865511936141
926,A2,0.7808665253168143,-0.8085818392942903,0.6532037876587469,-0.6688071897801591,1.3,0.2,1.2740865511936141,0.25827013003357957,-0.25827013003357957,1.2740865511936141
927,A2,0.659505241172824,-1.0208212730175472,0.5780340589236438,-0.7702008334981165,1.3,0.2,1.2740865511936141,0.25827013003357957,-0.25827013003357957,1.2740865511936141
928,A2,0.5375455511869418,-1.1305914552401097,0.4911277929702019,-0.8112215892524776,1.3,0.2,1.2740865511936141,0.25827013003357957,-0.25827013003357957,1.2740865511936141
929,A2,0.4162250105984515,-1.1604101558580109,0.3937454491322056,-0.8211735034611074,1.3,0.2,1.2740865511936141,0.25827013003357957,-0.25827013003357957,1.2740865511936141
930,A2,0.2895811938140021,-1.1479388053038446,0.2817492979482328,-0.8170700970457477,1.3,0.2,1.2740865511936141,0.25827013003357957,-0.25827013003357957,1.2740865511936141
931,A2,0.1479481911135312,-1.1137854498464081,0.14687809640799657,-0.8053964193086901,1.3,0.2,1.2740865511936141,0.25827013003357957,-0.25827013003357957,1.2740865511936141
932,A2,-0.02087443064508726,-1.0640789712790728,-0.020871399219078414,-0.7872200174369448,1.3,0.2,1.2740865511936141,0.25827013003357957,-0.25827013003357957,1.2740865511936141
933,A2,-0.22990738531809723,-0.9975959780565197,-0.22594046733172182,-0.7605826784683073,1.3,0.2,1.2740865511936141,0.25827013003357957,-0.25827013003357957,1.2740865511936141
934,A2,-0.48430349806704487,-0.9106944878296757,-0.4496835110368249,-0.7214654192917667,1.3,0.2,1.2740865511936141,0.25827013003357957,-0.25827013003357957,1.2740865511936141
935,A2,-0.7592686813607593,-0.8030695690014644,-0.6406459976667888,-0.6657493325748991,1.3,0.2,1.2740865511936141,0.25827013003357957,-0.25827013003357957,1.2740865511936141
936,A2,-0.9881816163971591,-0.6827625459769098,-0.7565858928217437,-0.5933124053271317,1.3,0.2,1.2740865511936141,0.25827013003357957,-0.25827013003357957,1.2740865511936141
937,A2,-1.117190782941371,-0.5605278193629893,-0.8065895605141097,-0.5083689481768996,1.3,0.2,1.2740865511936141,0.25827013003357957,-0.25827013003357957,1.2740865511936141
938,A2,-1.1589614257348768,-0.4393880492389242,-0.8207011279799574,-0.41313706888853596,1.3,0.2,1.2740865511936141,0.25827013003357957,-0.25827013003357957,1.2740865511936141
939,A2,-1.1523452342122271,-0.3144097962283443,-0.8185295145249297,-0.304443520421829,1.3,0.2,1.2740865511936141,0.25827013003357957,-0.25827013003357957,1.2740865511936141
940,A2,-1.1215061138184774,-0.1764856708148144,-0.8080921550248148,-0.1746758711874867,1.3,0.2,1.2740865511936141,0.25827013003357957,-0.25827013003357957,1.2740865511936141
941,A2,-1.0746929068075026,-0.013846112340630462,-0.7912227390731068,-0.013845227573469157,1.3,0.2,1.2740865511936141,0.25827013003357957,-0.25827013003357957,1.2740865511936141
942,A2,-1.011662059577364,0.18670918145636423,-0.766448585813702,0.1845694329299683,1.3,0.2,1.2740865511936141,0.25827013003357957,-0.25827013003357957,1.2740865511936141
943,A2,-0.9288530639235555,0.43310820817966234,-0.7300587089315619,0.4079156070479636,1.3,0.2,1.2740865511936141,0.25827013003357957,-0.25827013003357957,1.2740865511936141
944,A2,-0.8248055657564722,0.7082721466496912,-0.6776769736208392,0.6095921978564435,1.3,0.2,1.2740865511936141,0.25827013003357957,-0.25827013003357957,1.2740865511936141
945,A2,-0.7059796619360617,0.9516969410992682,-0.608149593046861,0.7405503282566143,1.3,0.2,1.2740865511936141,0.25827013003357957,-0.25827013003357957,1.2740865511936141
946,A2,-0.5835731880396293,1.1005920881898499,-0.525257645042473,0.800711599838081,1.3,0.2,1.2740865511936141,0.25827013003357957,-0.25827013003357957,1.2740865511936141
947,A2,-0.4624238124506672,1.1558342410246734,-0.4320576243405198,0.8196776361600814,1.3,0.2,1.2740865511936141,0.25827013003357957,-0.25827013003357957,1.2740865511936141
948,A2,-0.3387805588362376,1.1559278313661576,-0.326388293895275,0.8197083434694911,1.3,0.2,1.2740865511936141,0.25827013003357957,-0.25827013003357957,1.2740865511936141
949,A2,-0.20414075526152312,1.1286757234214453,-0.2013514916313642,0.8105655443778099,1.3,0.2,1.2740865511936141,0.25827013003357957,-0.25827013003357957,1.2740865511936141
950,A2,-0.04719435900309851,1.084733734878786,-0.0471593514082428,0.7949479529112942,1.3,0.2,1.2740865511936141,0.25827013003357957,-0.25827013003357957,1.2740865511936141
951,A2,0.14522621577607203,1.0250123475236805,0.14421378411327931,0.7719002279870988,1.3,0.2,1.2740865511936141,0.25827013003357957,-0.25827013003357957,1.2740865511936141
952,A2,0.38309961509064616,0.9462215865660759,0.3653962760008969,0.7380676974210681,1.3,0.2,1.2740865511936141,0.25827013003357957,-0.25827013003357957,1.2740865511936141
953,A2,0.6561673212954966,0.8459911834380833,0.5758071276549939,0.6889693650881004,1.3,0.2,1.2740865511936141,0.25827013003357957,-0.25827013003357957,1.2740865511936141
954,A2,0.9115683249371087,0.7290928205094346,0.7218841492997256,0.6225100328912878,1.3,0.2,1.2740865511936141,0.25827013003357957,-0.25827013003357957,1.2740865511936141
955,A2,1.0805186332846641,0.6066905477810641,0.7933913454531308,0.5417932962785902,1.3,0.2,1.2740865511936141,0.25827013003357957,-0.25827013003357957,1.2740865511936141
956,A2,1.1507782681564338,0.4853822663577122,0.8180117372625323,0.4505437182930732,1.3,0.2,1.2740865511936141,0.25827013003357957,-0.25827013003357957,1.2740865511936141
957,A2,1.158579737874081,0.3627636944501804,0.8205764870702159,0.34764604508381686,1.3,0.2,1.2740865511936141,0.25827013003357957,-0.25827013003357957,1.2740865511936141
958,A2,1.1352720556713196,0.23100075459881736,0.8128159126712913,0.22697776443694764,1.3,0.2,1.2740865511936141,0.25827013003357957,-0.25827013003357957,1.2740865511936141
959,A2,1.094219399666517,0.07926324563013012,0.7984129929311039,0.07909766699757044,1.3,0.2,1.2740865511936141,0.25827013003357957,-0.25827013003357957,1.2740865511936141
960,A2,1.037675821332577,-0.10542895375242017,0.7769686106253246,-0.10504005916582189,1.3,0.2,1.2740865511936141,0.25827013003357957,-0.25827013003357957,1.2740865511936141
961,A2,0.9627965477578223,-0.3344979108179674,0.7455216787250031,-0.32255654082931445,1.3,0.2,1.2740865511936141,0.25827013003357957,-0.25827013003357957,1.2740865511936141
962,A2,0.866552424743644,-0.6035109315773225,0.6996182676639437,-0.5395431558164324,1.3,0.2,1.2740865511936141,0.25827013003357957,-0.25827013003357957,1.2740865511936141
963,A2,0.752026344788567,-0.8681151795777116,0.6363562854036245,-0.7004152355780956,1.3,0.2,1.2740865511936141,0.25827013003357957,-0.25827013003357957,1.2740865511936141
964,A2,0.6298766510300282,-1.0567414524800385,0.5579672743600252,-0.784413511018685,1.3,0.2,1.2740865511936141,0.25827013003357957,-0.25827013003357957,1.2740865511936141
965,A2,0.5083080207773732,-1.143516985466916,0.46862584295642495,-0.815594979909739,1.3,0.2,1.2740865511936141,0.25827013003357957,-0.25827013003357957,1.2740865511936141
966,A2,0.38642606253652867,-1.160170652521476,0.36827508495528605,-0.8210954880909047,1.3,0.2,1.2740865511936141,0.25827013003357957,-0.25827013003357957,1.2740865511936141
967,A2,0.2571498944019922,-1.1412611727019073,0.2516278063158082,-0.8148383320836736,1.3,0.2,1.2740865511936141,0.25827013003357957,-0.25827013003357957,1.2740865511936141
968,A2,0.11014720194972732,-1.103162506562093,0.1097039029440822,-0.8016321259547619,1.3,0.2,1.2740865511936141,0.25827013003357957,-0.25827013003357957,1.2740865511936141
969,A2,-0.06726536605492653,-1.0496819519622667,-0.0671640990433949,-0.7816826765188372,1.3,0.2,1.2740865511936141,0.25827013003357957,-0.25827013003357957,1.2740865511936141
970,A2,-0.28745816182374195,-0.9785849048601529,-0.27979363103035054,-0.7524526687762805,1.3,0.2,1.2740865511936141,0.25827013003357957,-0.25827013003357957,1.2740865511936141
971,A2,-0.5508173510143618,-0.8864274882288261,-0.5011325483907326,-0.7096247121551226,1.3,0.2,1.2740865511936141,0.25827013003357957,-0.25827013003357957,1.2740865511936141
972,A2,-0.8217611069533604,-0.7746957337145477,-0.6760272720898101,-0.6496516468978749,1.3,0.2,1.2740865511936141,0.25827013003357957,-0.25827013003357957,1.2740865511936141
973,A2,-1.0291028709305763,-0.6531147748044838,-0.7735482821048523,-0.5737630782682113,1.3,0.2,1.2740865511936141,0.25827013003357957,-0.25827013003357957,1.2740865511936141
974,A2,-1.133753327761514,-0.5312394061865047,-0.8122999257246057,-0.48632792904739636,1.3,0.2,1.2740865511936141,0.25827013003357957,-0.25827013003357957,1.2740865511936141
975,A2,-1.1605443883753244,-0.4098310664259689,-0.821217214693843,-0.38832923116791845,1.3,0.2,1.2740865511936141,0.25827013003357957,-0.25827013003357957,1.2740865511936141
976,A2,-1.1465956498796825,-0.2826691740416081,-0.8166231467043799,-0.2753736579900327,1.3,0.2,1.2740865511936141,0.25827013003357957,-0.25827013003357957,1.2740865511936141
977,A2,-1.1115693590663684,-0.1399405079103195,-0.804616434627091,-0.1390341062822257,1.3,0.2,1.2740865511936141,0.25827013003357957,-0.25827013003357957,1.2740865511936141
978,A2,-1.0610593349363453,0.030666906226886614,-0.7860689634119691,0.030657296184617648,1.3,0.2,1.2740865511936141,0.25827013003357957,-0.25827013003357957,1.2740865511936141
979,A2,-0.9936020307218159,0.242078182160551,-0.758894053190431,0.23745771634025375,1.3,0.2,1.2740865511936141,0.25827013003357957,-0.25827013003357957,1.2740865511936141
980,A2,-0.9055684716740652,0.4985413486654683,-0.7189984560345091,0.4609692312589495,1.3,0.2,1.2740865511936141,0.25827013003357957,-0.25827013003357957,1.2740865511936141
981,A2,-0.7970116798638129,0.7730105227950621,-0.6623628177205136,0.6486766080838593,1.3,0.2,1.2740865511936141,0.25827013003357957,-0.25827013003357957,1.2740865511936141
982,A2,-0.676373766148854,0.9975386734956212,-0.5891569062268075,0.7605585227414454,1.3,0.2,1.2740865511936141,0.25827013003357957,-0.25827013003357957,1.2740865511936141
983,A2,-0.5542073421998324,1.1211790160019373,-0.5036668829782296,0.8079786263077318,1.3,0.2,1.2740865511936141,0.25827013003357957,-0.25827013003357957,1.2740865511936141
984,A2,-0.43303845700331933,1.159516812790967,-0.40785746047421934,0.820882351273332,1.3,0.2,1.2740865511936141,0.25827013003357957,-0.25827013003357957,1.2740865511936141
985,A2,-0.30763631358855,1.1512125632213865,-0.2982852387499135,0.8181553756991793,1.3,0.2,1.2740865511936141,0.25827013003357957,-0.25827013003357957,1.2740865511936141
986,A2,-0.16873611584134188,1.1194389283641204,-0.16715273483111825,0.8073736692128226,1.3,0.2,1.2740865511936141,0.25827013003357957,-0.25827013003357957,1.2740865511936141
987,A2,-0.00444654891027621,1.0718344922922003,-0.004446519605086862,0.7901513674388788,1.3,0.2,1.2740865511936141,0.25827013003357957,-0.25827013003357957,1.2740865511936141
988,A2,0.19840724558619002,1.007869633857722,0.19584413470730513,0.7648794421786081,1.3,0.2,1.2740865511936141,0.25827013003357957,-0.25827013003357957,1.2740865511936141
989,A2,0.4470678911522089,0.9239419204270687,0.4194858298602422,0.7277569003284474,1.3,0.2,1.2740865511936141,0.25827013003357957,-0.25827013003357957,1.2740865511936141
990,A2,0.7224191235218901,0.8188846194215776,0.6184055275593254,0.6744623375574502,1.3,0.2,1.2740865511936141,0.25827013003357957,-0.25827013003357957,1.2740865511936141
991,A2,0.9620956414708431,0.6996077175523235,0.7452101752337907,0.6041187208829764,1.3,0.2,1.2740865511936141,0.25827013003357957,-0.25827013003357957,1.2740865511936141
992,A2,1.1054880826761755,0.5772340087413113,0.8024617061021211,0.5206521441234819,1.3,0.2,1.2740865511936141,0.25827013003357957,-0.25827013003357957,1.2740865511936141
993,A2,1.1568745645576286,0.4561040054958847,0.8200187050734631,0.42690355503104405,1.3,0.2,1.2740865511936141,0.25827013003357957,-0.25827013003357957,1.2740865511936141
994,A2,1.1550312405309673,0.3321257405325053,0.8194139752688048,0.3204295541040032,1.3,0.2,1.2740865511936141,0.25827013003357957,-0.25827013003357957,1.2740865511936141
995,A2,1.1267617083551236,0.19662483154487045,0.8099080495372395,0.19412948829807555,1.3,0.2,1.2740865511936141,0.25827013003357957,-0.25827013003357957,1.2740865511936141
996,A2,1.0820308018049447,0.03816271296145052,0.7939509776759776,0.03814419711622388,1.3,0.2,1.2740865511936141,0.25827013003357957,-0.25827013003357957,1.2740865511936141
997,A2,1.0214137697132182,-0.15645481369280326,0.7704417456631256,-0.15519061765592737,1.3,0.2,1.2740865511936141,0.25827013003357957,-0.25827013003357957,1.2740865511936141
998,A2,0.9415283656255314,-0.3967083686625608,0.7359236690914093,-0.3771289982046129,1.3,0.2,1.2740865511936141,0.25827013003357957,-0.25827013003357957,1.2740865511936141
999,A2,0.8402292940886853,-0.6705620863886452,0.6859304923985985,-0.5853495009118903,1.3,0.2,1.2740865511936141,0.25827013003357957,-0.25827013003357957,1.2740865511936141
1000,A2,0.7227565237030631,-0.9229412843255169,0.6186138538672109,-0.7272858883883735,1.3,0.2,1.2740865511936141,0.25827013003357957,-0.25827013003357957,1.2740865511936141
